,GRAVEDAD,FECHA,AÑO,HORA,JORNADA,DIA_SEMANA,BARRIO-CORREGIMIENTO-VIA,DIRECCION,ZONA,AUTORIDAD,LAT,LONG,CONDICION_VICTIMA,LESIONADO,HOMICIDIOS,TIPO_ACCIDENTE,HIPOTESIS,GENERO,CLINICA,CLASE_VEHICULO,MARCA,MATRICULA,TIPO DE SERVICIO,EMPRESA
153,HERIDOS,2020-01-19,2020,02:45,MADRUGADA,DOMINGO,JARDIN,CARRERA 1 CALLE 33-04,URBANA,TECNICO,3.52847,-76.27733,NO APLICA,NO APLICA,NO APLICA,ATROPELLO,POR ESTABLECER,NO APLICA 2020,NO APLICA,MOTO,HERO,NO APLICA,PARTICULAR,NO APLICA
154,HERIDOS,2020-01-19,2020,02:45,MADRUGADA,DOMINGO,JARDIN,CARRERA 1 CALLE 33-04,URBANA,TECNICO,3.52847,-76.27733,PEATON,1,NO APLICA,ATROPELLO,POR ESTABLECER,NO APLICA 2020,RAUL,NO APLICA,NO APLICA,NO APLICA,NO APLICA,NO APLICA
155,HERIDOS,2020-01-19,2020,23:30,NOCHE,DOMINGO,ZAMORANO,DIAGONAL 65 CARRERA 33,URBANA,TECNICO,3.55811,-76.29934,MOTOCICLISTA,1,NO APLICA,CHOQUE,GIRAR BRUSCAMENTE,NO APLICA 2020,RAUL,MOTO,YAMAHA,FLORIDA,PARTICULAR,NO APLICA
156,DAÑOS,2020-01-20,2020,11:20,MAÑANA,LUNES,CENTRO,CARRERA 29 CALLE 31-56,URBANA,TECNICO,3.52834,-76.2996,NO APLICA,NO APLICA,NO APLICA,CHOQUE,ADELANTAR POR DERECHA,NO APLICA 2020,NO APLICA,AUTOMOVIL,RENAULT,CAQUETA,PARTICULAR,NO APLICA
157,DAÑOS,2020-01-20,2020,11:20,MAÑANA,LUNES,CENTRO,CARRERA 29 CALLE 31-56,URBANA,TECNICO,3.52834,-76.2996,NO APLICA,NO APLICA,NO APLICA,CHOQUE,ADELANTAR POR DERECHA,NO APLICA 2020,NO APLICA,MOTO,BAJAJ,GUACARI,PARTICULAR,NO APLICA
158,DAÑOS,2020-01-17,2020,23:50,NOCHE,VIERNES,ESTONIA,CARRERA 30  CALLE 43,URBANA,TECNICO,3.53885,-76.29868,NO APLICA,NO APLICA,NO APLICA,CHOQUE,DESOBEDECER SEÑALES,NO APLICA 2020,NO APLICA,CAMIONETA,FORD,CALI,PARTICULAR,NO APLICA
159,DAÑOS,2020-01-17,2020,23:50,NOCHE,VIERNES,ESTONIA,CARRERA 30  CALLE 43,URBANA,TECNICO,3.53885,-76.29868,NO APLICA,NO APLICA,NO APLICA,CHOQUE,DESOBEDECER SEÑALES,NO APLICA 2020,NO APLICA,AUTOMOVIL,MAZDA,CALI,PARTICULAR,NO APLICA
160,DAÑOS,2020-01-17,2020,22:00,NOCHE,VIERNES,VERSALLES,CARRERA 28 CALLE 40-41,URBANA,TECNICO,3.53685,-76.29739,NO APLICA,NO APLICA,NO APLICA,CHOQUE OBJETO FIJO,CONDUCIR SIN LAS MEDIDAS DE PRACAUCION,NO APLICA 2020,NO APLICA,BUS,SCANIA,GUACARI,PUBLICO,EXP TREJOS
161,DAÑOS,2020-01-17,2020,22:00,NOCHE,VIERNES,VERSALLES,CARRERA 28 CALLE 40-41,URBANA,TECNICO,3.53685,-76.29739,NO APLICA,NO APLICA,NO APLICA,CHOQUE OBJETO FIJO,CONDUCIR SIN LAS MEDIDAS DE PRACAUCION,NO APLICA 2020,NO APLICA,AUTOMOVIL,CITROEN,CALI,PARTICULAR,NO APLICA
162,HERIDOS,2020-01-17,2020,23:55,NOCHE,VIERNES,MIRRIÑAO,CARRERA 28 CALLE 53,URBANA,TECNICO,3.54599,-76.29602,NO APLICA,NO APLICA,NO APLICA,CHOQUE,CONDUCIR EN ZIGZA,NO APLICA 2020,NO APLICA,AUTOMOVIL,HYUNDAI,PALMIRA,PUBLICO,NO APLICA
163,HERIDOS,2020-01-17,2020,23:55,NOCHE,VIERNES,MIRRIÑAO,CARRERA 28 CALLE 53,URBANA,TECNICO,3.54599,-76.29602,CICLISTA,1,NO APLICA,CHOQUE,CONDUCIR EN ZIGZA,NO APLICA 2020,PALMA,BICICLETA,NO APLICA,NO APLICA,PARTICULAR,NO APLICA
164,HERIDOS,2020-01-17,2020,23:55,NOCHE,VIERNES,MIRRIÑAO,CARRERA 28 CALLE 53,URBANA,TECNICO,3.54599,-76.29602,ACOMPAÑANTE CICLISTA,1,NO APLICA,CHOQUE,CONDUCIR EN ZIGZA,NO APLICA 2020,PALMA,NO APLICA,NO APLICA,NO APLICA,NO APLICA,NO APLICA
165,DAÑOS,2020-01-20,2020,18:00,NOCHE,LUNES,COLOMBINA,CALLE 29 CARRERA 13,URBANA,TECNICO,3.52456,-76.28664,NO APLICA,NO APLICA,NO APLICA,CHOQUE,ARRANCAR SIN PRECAUCION,NO APLICA 2020,NO APLICA,MOTO,HONDA,PALMIRA,PARTICULAR,NO APLICA
166,DAÑOS,2020-01-20,2020,18:00,NOCHE,LUNES,COLOMBINA,CALLE 29 CARRERA 13,URBANA,TECNICO,3.52456,-76.28664,NO APLICA,NO APLICA,NO APLICA,CHOQUE,ARRANCAR SIN PRECAUCION,NO APLICA 2020,NO APLICA,CAMION,JAC,EL CERRITO,PUBLICO,NO APLICA
167,HERIDOS,2020-01-18,2020,21:20,NOCHE,SABADO,CENTRO POBLADO ROZO,CALLE 10 N 18-195,RURAL,TECNICO,3.61518,-76.39229,MOTOCICLISTA,1,NO APLICA,CHOQUE,INVADIR CARRIL,NO APLICA 2020,RAUL,MOTO,SUZUKI,PALMIRA,PARTICULAR,NO APLICA
168,HERIDOS,2020-01-18,2020,21:20,NOCHE,SABADO,CENTRO POBLADO ROZO,CALLE 10 N 18-195,RURAL,TECNICO,3.61518,-76.39229,MOTOCICLISTA,1,NO APLICA,CHOQUE,INVADIR CARRIL,NO APLICA 2020,RAUL,MOTO,AKT,CALI,PARTICULAR,NO APLICA
169,HERIDOS,2020-01-18,2020,21:20,NOCHE,SABADO,CENTRO POBLADO ROZO,CALLE 10 N 18-195,RURAL,TECNICO,3.61518,-76.39229,ACOMPAÑANTE MOTOCICLISTA,1,NO APLICA,CHOQUE,INVADIR CARRIL,NO APLICA 2020,RAUL,NO APLICA,NO APLICA,NO APLICA,NO APLICA,NO APLICA
170,HERIDOS,2020-01-21,2020,06:40,MAÑANA,MARTES,INDUSTRIAL,CALLE 42 CARRERA 33,URBANA,TECNICO,3.5385,-76.30224,NO APLICA,NO APLICA,NO APLICA,CHOQUE,NO RESPETAR PRELACION,NO APLICA 2020,NO APLICA,AUTOMOVIL,KIA,PALMIRA,PUBLICO,COOTRANSPAL
171,HERIDOS,2020-01-21,2020,06:40,MAÑANA,MARTES,INDUSTRIAL,CALLE 42 CARRERA 33,URBANA,TECNICO,3.5385,-76.30224,CICLISTA,1,NO APLICA,CHOQUE,NO RESPETAR PRELACION,NO APLICA 2020,PALMA,BICICLETA,WILMAR,NO APLICA,PARTICULAR,NO APLICA
172,DAÑOS,2020-01-21,2020,15:00,TARDE,MARTES,VERSALLES,CAKLLE 42 CARRERA 28,URBANA,TECNICO,3.5382,-76.29729,NO APLICA,NO APLICA,NO APLICA,CHOQUE,FALTA DE PREVENCION,NO APLICA 2020,NO APLICA,CAMIONETA,JAC,PRADERA,PARTICULAR,NO APLICA
173,DAÑOS,2020-01-21,2020,15:00,TARDE,MARTES,VERSALLES,CAKLLE 42 CARRERA 28,URBANA,TECNICO,3.5382,-76.29729,NO APLICA,NO APLICA,NO APLICA,CHOQUE,FALTA DE PREVENCION,NO APLICA 2020,NO APLICA,CAMIONETA,FOTON,PRADERA,PARTICULAR,NO APLICA
174,HERIDOS,2020-01-21,2020,05:50,MADRUGADA,MARTES,SESQUI,CARRERA 32 CARRERA 33A,URBANA,TECNICO,3.51333,-76.3061,MOTOCICLISTA,1,NO APLICA,CHOQUE,NO RESPATAR PRELACION,NO APLICA 2020,PALMIRA,MOTO,BAJAJ,PALMIRA,PARTICULAR,NO APLICA
175,HERIDOS,2020-01-21,2020,05:50,MADRUGADA,MARTES,SESQUI,CARRERA 32 CARRERA 33A,URBANA,TECNICO,3.51333,-76.3061,NO APLICA,NO APLICA,NO APLICA,CHOQUE,NO RESPATAR PRELACION,NO APLICA 2020,NO APLICA,AUTOMOVIL,CHEVROLET,CALI,PARTICULAR,NO APLICA
176,HERIDOS,2020-01-21,2020,08:20,MAÑANA,MARTES,CENTRO,CALLE 29 CARRERA 25,URBANA,TECNICO,3.5257,-76.29653,MOTOCICLISTA,1,NO APLICA,CHOQUE,DESOBEDECER SEÑALES,NO APLICA 2020,PALMIRA,MOTO,HONDA,FLORIDA,PARTICULAR,NO APLICA
177,HERIDOS,2020-01-21,2020,08:20,MAÑANA,MARTES,CENTRO,CALLE 29 CARRERA 25,URBANA,TECNICO,3.5257,-76.29653,NO APLICA,NO APLICA,NO APLICA,CHOQUE,DESOBEDECER SEÑALES,NO APLICA 2020,NO APLICA,AUTOMOVIL,CHEVROLET,GUACARI,PARTICULAR,NO APLICA
178,DAÑOS,2020-01-21,2020,20:00,NOCHE,MARTES,VERSALLES,CALLE 42 CARRERA 29 13,URBANA,TECNICO,3.53797,-76.29832,NO APLICA,NO APLICA,NO APLICA,CHOQUE,INVADIR CARRIL,NO APLICA 2020,NO APLICA,CAMION,FORD,BELLO,PARTICULAR,NO APLICA
179,DAÑOS,2020-01-21,2020,20:00,NOCHE,MARTES,VERSALLES,CALLE 42 CARRERA 29 13,URBANA,TECNICO,3.53797,-76.29832,NO APLICA,NO APLICA,NO APLICA,CHOQUE,INVADIR CARRIL,NO APLICA 2020,NO APLICA,AUTOMOVIL,CHEVROLET,PALMIRA,PARTICULAR,NO APLICA
180,DAÑOS,2020-01-22,2020,17:00,TARDE,MIERCOLES,SAMANES,CALLE 47 CARRERA 28 -32,URBANA,TECNICO,3.54222,-76.29686,NO APLICA,NO APLICA,NO APLICA,CHOQUE,NO MANTENER DISTANCIA DE SEGURIDAD,NO APLICA 2020,NO APLICA,CAMIONETA,CHEVROLET,CERRITO,PARTICULAR,NO APLICA
181,DAÑOS,2020-01-22,2020,17:00,TARDE,MIERCOLES,SAMANES,CALLE 47 CARRERA 28 -32,URBANA,TECNICO,3.54222,-76.29686,NO APLICA,NO APLICA,NO APLICA,CHOQUE,NO MANTENER DISTANCIA DE SEGURIDAD,NO APLICA 2020,NO APLICA,AUTOMOVIL,CHEVROLET,CALI,PARTICULAR,NO APLICA
182,DAÑOS,2020-01-21,2020,12:30,TARDE,MARTES,ALTAMIRA,CALLE 47 CARRERA 26-14,URBANA,TECNICO,3.5422,-76.29538,NO APLICA,NO APLICA,NO APLICA,CHOQUE,FALTA DE PREVENCION,NO APLICA 2020,NO APLICA,AUTOMOVIL,FORD,RIOSUCIO,PARTICULAR,NO APLICA
183,DAÑOS,2020-01-21,2020,12:30,TARDE,MARTES,ALTAMIRA,CALLE 47 CARRERA 26-14,URBANA,TECNICO,3.5422,-76.29538,NO APLICA,NO APLICA,NO APLICA,CHOQUE,FALTA DE PREVENCION,NO APLICA 2020,NO APLICA,CAMION,INTERNATIONAL,FACATATIVA,PUBLICO,NO APLICA
184,DAÑOS,2020-01-21,2020,15:40,TARDE,MARTES,EL TREBOL,CALLE 26A CARRERA 22,URBANA,TECNICO,3.52314,-76.29428,NO APLICA,NO APLICA,NO APLICA,CHOQUE,DESOBEDECER SEÑALES,NO APLICA 2020,NO APLICA,AUTOMOVIL,DAIHATSU,CERRITO,PARTICULAR,NO APLICA
185,DAÑOS,2020-01-21,2020,15:40,TARDE,MARTES,EL TREBOL,CALLE 26A CARRERA 22,URBANA,TECNICO,3.52314,-76.29428,NO APLICA,NO APLICA,NO APLICA,CHOQUE,DESOBEDECER SEÑALES,NO APLICA 2020,NO APLICA,BUSETA,IVECO,PALMIRA,PARTICULAR,NO APLICA
186,DAÑOS,2020-01-22,2020,14:00,TARDE,MIERCOLES,LA EMILIA,CALLE 36 CARRERA 35,URBANA,TECNICO,3.53408,-76.30569,NO APLICA,NO APLICA,NO APLICA,CHOQUE,NO MANTENER DISTANCIA DE SEGURIDAD,NO APLICA 2020,NO APLICA,AUTOMOVIL,NISSAN,CALI,PARTICULAR,NO APLICA
187,DAÑOS,2020-01-22,2020,14:00,TARDE,MIERCOLES,LA EMILIA,CALLE 36 CARRERA 35,URBANA,TECNICO,3.53408,-76.30569,NO APLICA,NO APLICA,NO APLICA,CHOQUE,NO MANTENER DISTANCIA DE SEGURIDAD,NO APLICA 2020,NO APLICA,CAMION,CHEVROLET,TUNJA,PARTICULAR,NO APLICA
188,DAÑOS,2020-01-22,2020,18:45,NOCHE,MIERCOLES,INDUSTRIAL,CALLE 42 CARRERA 34 B,URBANA,TECNICO,3.53859,-76.30383,NO APLICA,NO APLICA,NO APLICA,CHOQUE,ADEALANTA POR LA DERECHA,NO APLICA 2020,NO APLICA,AUTOMOVIL,CHEVROLET,CALI,PARTICULAR,NO APLICA
189,DAÑOS,2020-01-22,2020,18:45,NOCHE,MIERCOLES,INDUSTRIAL,CALLE 42 CARRERA 34 B,URBANA,TECNICO,3.53859,-76.30383,NO APLICA,NO APLICA,NO APLICA,CHOQUE,ADEALANTA POR LA DERECHA,NO APLICA 2020,NO APLICA,MOTO,HERO,FLORIDA,PARTICULAR,NO APLICA
190,HERIDOS,2020-01-22,2020,18:50,NOCHE,MIERCOLES,SANTA BARBARA,CALLE 26 CARRERA 44-45,URBANA,TECNICO,3.52664,-76.31637,MOTOCICLISTA,1,NO APLICA,CHOQUE,GIRAR BRUSCAMENTE,NO APLICA 2020,PALMA,MOTO,HONDA,SEVILLA,PARTICULAR,NO APLICA
191,HERIDOS,2020-01-22,2020,18:50,NOCHE,MIERCOLES,SANTA BARBARA,CALLE 26 CARRERA 44-45,URBANA,TECNICO,3.52664,-76.31637,MOTOCICLISTA,1,NO APLICA,CHOQUE,GIRAR BRUSCAMENTE,NO APLICA 2020,RAUL,MOTO,SUZUKI,CALARCA,PARTICULAR,NO APLICA
192,HERIDOS,2020-01-22,2020,18:50,NOCHE,MIERCOLES,SANTA BARBARA,CALLE 26 CARRERA 44-45,URBANA,TECNICO,3.52664,-76.31637,ACOMPAÑANTE MOTOCICLISTA,1,NO APLICA,CHOQUE,GIRAR BRUSCAMENTE,NO APLICA 2020,RAUL,NO APLICA,NO APLICA,NO APLICA,NO APLICA,NO APLICA
193,DAÑOS,2020-01-21,2020,19:30,NOCHE,MARTES,VERSALLES,CARRERA 28 CALLE 42-41,URBANA,TECNICO,3.53888,-76.29708,NO APLICA,NO APLICA,NO APLICA,CHOQUE,NO ESTAR PENDIENTE DE LA VIA,NO APLICA 2020,NO APLICA,TRACTO CAMION,INTERNATIONAL,BELLO,PUBLICO,NO APLICA
194,DAÑOS,2020-01-21,2020,19:30,NOCHE,MARTES,VERSALLES,CARRERA 28 CALLE 42-41,URBANA,TECNICO,3.53888,-76.29708,NO APLICA,NO APLICA,NO APLICA,CHOQUE,NO ESTAR PENDIENTE DE LA VIA,NO APLICA 2020,NO APLICA,AUTOMOVIL,NISSAN,CALI,PARTICULAR,NO APLICA
195,HERIDOS,2020-01-22,2020,15:30,TARDE,MIERCOLES,PARAISO,VIA PALMIRA - PRADERA KM 1,URBANA,TECNICO,3.52045,-76.27754,MOTOCICLISTA,1,NO APLICA,CHOQUE,REALIZAR GIRO EN U,NO APLICA 2020,PALMA,MOTO,AKT,PRADERA,PARTICULAR,NO APLICA
196,HERIDOS,2020-01-22,2020,15:30,TARDE,MIERCOLES,PARAISO,VIA PALMIRA - PRADERA KM 1,URBANA,TECNICO,3.52045,-76.27754,MOTOCICLISTA,1,NO APLICA,CHOQUE,REALIZAR GIRO EN U,NO APLICA 2020,PALMA,MOTO,SUZUKI,PALMIRA,PARTICULAR,NO APLICA
197,DAÑOS,2020-01-22,2020,17:30,TARDE,MIERCOLES,LA MERCEDES,CALLE 59 CARRERA 26A,URBANA,TECNICO,3.54935,-76.29138,NO APLICA,NO APLICA,NO APLICA,CHOQUE,DESOBEDECER SEÑALES,NO APLICA 2020,NO APLICA,AUTOMOVIL,CHEVROLET,PALMIRA,PARTICULAR,NO APLICA
198,DAÑOS,2020-01-22,2020,17:30,TARDE,MIERCOLES,LA MERCEDES,CALLE 59 CARRERA 26A,URBANA,TECNICO,3.54935,-76.29138,NO APLICA,NO APLICA,NO APLICA,CHOQUE,DESOBEDECER SEÑALES,NO APLICA 2020,NO APLICA,AUTOMOVIL,FIAT,CALI,PARTICULAR,NO APLICA
199,DAÑOS,2020-01-23,2020,12:35,TARDE,JUEVES,MIRRIÑAO,CALLE 53 CARRERA 33,URBANA,TECNICO,3.54682,-76.30139,NO APLICA,NO APLICA,NO APLICA,CHOQUE,ADELANATRA INVADIENDO CARRIL,NO APLICA 2020,NO APLICA,CAMPERO,TOYOTA,BOGOTA,PARTICULAR,NO APLICA
200,DAÑOS,2020-01-23,2020,12:35,TARDE,JUEVES,MIRRIÑAO,CALLE 53 CARRERA 33,URBANA,TECNICO,3.54682,-76.30139,NO APLICA,NO APLICA,NO APLICA,CHOQUE,ADELANATRA INVADIENDO CARRIL,NO APLICA 2020,NO APLICA,CAMIONETA,CHEVROLET,BOGOTA,PARTICULAR,NO APLICA
201,HERIDOS,2020-01-26,2020,23:50,NOCHE,DOMINGO,RECREO,CALLE 20 CARRERA 30,URBANA,TECNICO,3.51878,-76.30221,CONDUCTOR,1,NO APLICA,CHOQUE,DESOBEDECER SEÑALES,NO APLICA 2020,PALMIRA,AUTOMOVIL,NISSAN,CALI,PARTICULAR,NO APLICA
202,HERIDOS,2020-01-26,2020,23:50,NOCHE,DOMINGO,RECREO,CALLE 20 CARRERA 30,URBANA,TECNICO,3.51878,-76.30221,MOTOCICLISTA,1,NO APLICA,CHOQUE,DESOBEDECER SEÑALES,NO APLICA 2020,RAUL,MOTO,BAJAJ,DOSQUEBRADAS,PARTICULAR,NO APLICA
203,HERIDOS,2020-01-26,2020,23:50,NOCHE,DOMINGO,RECREO,CALLE 20 CARRERA 30,URBANA,TECNICO,3.51878,-76.30221,ACOMPAÑANTE MOTOCICLISTA,1,NO APLICA,CHOQUE,DESOBEDECER SEÑALES,NO APLICA 2020,RAUL,NO APLICA,NO APLICA,NO APLICA,NO APLICA,NO APLICA
204,DAÑOS,2020-01-26,2020,19:30,NOCHE,DOMINGO,LOS SAUSES,CARRERA 1 CALLE 35B,URBANA,TECNICO,3.53175,-76.27733,NO APLICA,NO APLICA,NO APLICA,CHOQUE,IMPERICIA EN EL MANEJO,NO APLICA 2020,NO APLICA,AUTOMOVIL,CHEVROLET,PALMIRA,PARTICULAR,NO APLICA
205,DAÑOS,2020-01-26,2020,19:30,NOCHE,DOMINGO,LOS SAUSES,CARRERA 1 CALLE 35B,URBANA,TECNICO,3.53175,-76.27733,NO APLICA,NO APLICA,NO APLICA,CHOQUE,IMPERICIA EN EL MANEJO,NO APLICA 2020,NO APLICA,MOTO,HONDA,BUGA,PARTICULAR,NO APLICA
206,HERIDOS,2020-01-27,2020,08:50,MAÑANA,LUNES,LA EMILIA,CALLE 36 CARRERA 37,URBANA,TECNICO,3.53376,-76.30737,NO APLICA,NO APLICA,NO APLICA,CHOQUE,DESOBEDECER SEÑALES,NO APLICA 2020,NO APLICA,CAMIONETA,RENAULT,CALI,PARTICULAR,NO APLICA
207,HERIDOS,2020-01-27,2020,08:50,MAÑANA,LUNES,LA EMILIA,CALLE 36 CARRERA 37,URBANA,TECNICO,3.53376,-76.30737,MOTOCICLISTA,1,NO APLICA,CHOQUE,DESOBEDECER SEÑALES,NO APLICA 2020,PALMA,MOTO,BAJAJ,PALMIRA,PARTICULAR,NO APLICA
208,DAÑOS,2020-01-24,2020,14:30,TARDE,VIERNES,BRRIO NUEVO,"CALLE 27 CARRERA 30,35",URBANA,TECNICO,3.52476,-76.30155,NO APLICA,NO APLICA,NO APLICA,CHOQUE,ARRANCAR SIN PRECAUCION,NO APLICA 2020,NO APLICA,MOTO,KIMCO,PALMIRA,PARTICULAR,NO APLICA
209,DAÑOS,2020-01-24,2020,14:30,TARDE,VIERNES,BRRIO NUEVO,"CALLE 27 CARRERA 30,35",URBANA,TECNICO,3.52476,-76.30155,NO APLICA,NO APLICA,NO APLICA,CHOQUE,ARRANCAR SIN PRECAUCION,NO APLICA 2020,NO APLICA,AUTOMOVIL,CHEVROLET,CANDELARIA,PARTICULAR,NO APLICA
210,HERIDOS,2020-01-24,2020,17:45,TARDE,VIERNES,SAN PEDRO,CALLE 38 CARRERA 16,URBANA,TECNICO,3.53395,-76.28834,MOTOCICLISTA,1,NO APLICA,CHOQUE SEMOVIENTE,ANIMALES EN LA VIA,NO APLICA 2020,PALMA,MOTO,KIMCO,FLORIDA,PARTICULAR,NO APLICA
211,HERIDOS,2020-01-24,2020,19:00,NOCHE,VIERNES,COLOMBIA,CALLE 36 CARRERA 34,URBANA,TECNICO,3.53362,-76.30361,NO APLICA,NO APLICA,NO APLICA,CHOQUE,ADELANTAR POR LA DERECHA,NO APLICA 2020,NO APLICA,CAMIONETA,HONDA,BOGOTA,PARTICULAR,NO APLICA
212,HERIDOS,2020-01-24,2020,19:00,NOCHE,VIERNES,COLOMBIA,CALLE 36 CARRERA 34,URBANA,TECNICO,3.53362,-76.30361,MOTOCICLISTA,1,NO APLICA,CHOQUE,ADELANTAR POR LA DERECHA,NO APLICA 2020,PALMA,MOTO,HONDA,GUACARI,PARTICULAR,NO APLICA
213,DAÑOS,2020-01-25,2020,10:00,MAÑANA,SABADO,SEMBRADOR,CALLE 24 CARRERA 19,URBANA,TECNICO,3.5217,-76.291,NO APLICA,NO APLICA,NO APLICA,CHOQUE OBJETO FIJO,PERDIDA DEL CONTROL,NO APLICA 2020,NO APLICA,AUTOMOVIL,CHEVROLET,CALI,PARTICULAR,NO APLICA
214,DAÑOS,2020-01-27,2020,09:00,MAÑANA,LUNES,RECREO,CALLE 24 CARRERA 25,URBANA,TECNICO,3.52156,-76.29716,NO APLICA,NO APLICA,NO APLICA,CHOQUE,DESOBEDECER SEÑALES,NO APLICA 2020,NO APLICA,AUTOMOVIL,CHEVROLET,CALI,PARTICULAR,NO APLICA
215,DAÑOS,2020-01-27,2020,09:00,MAÑANA,LUNES,RECREO,CALLE 24 CARRERA 25,URBANA,TECNICO,3.52156,-76.29716,NO APLICA,NO APLICA,NO APLICA,CHOQUE,DESOBEDECER SEÑALES,NO APLICA 2020,NO APLICA,CAMIONETA,FORD,BOGOTA,PARTICULAR,NO APLICA
216,DAÑOS,2020-01-25,2020,21:15,NOCHE,SABADO,SANTA BARBARA,CARRERA 38 CALLE 32,URBANA,TECNICO,3.53042,-76.30772,NO APLICA,NO APLICA,NO APLICA,CHOQUE,NO ESTAR PENDIENTE DE LA VIA,NO APLICA 2020,NO APLICA,AUTOMOVIL,RENAULT,CALI,PARTICULAR,NO APLICA
217,DAÑOS,2020-01-25,2020,21:15,NOCHE,SABADO,SANTA BARBARA,CARRERA 38 CALLE 32,URBANA,TECNICO,3.53042,-76.30772,NO APLICA,NO APLICA,NO APLICA,CHOQUE,NO ESTAR PENDIENTE DE LA VIA,NO APLICA 2020,NO APLICA,MOTO,AKT,PRADERA,PARTICULAR,NO APLICA
218,HERIDOS,2020-01-25,2020,14:10,TARDE,SABADO,NUEVO,CARRERA 31 CALLE 22-48,URBANA,TECNICO,3.52102,-76.30272,MOTOCICLISTA,1,NO APLICA,CHOQUE,ADELANTAR POR LA DERECHA,NO APLICA 2020,PALMIRA,MOTO,HERO,PALMIRA,PARTICULAR,NO APLICA
219,HERIDOS,2020-01-25,2020,14:10,TARDE,SABADO,NUEVO,CARRERA 31 CALLE 22-48,URBANA,TECNICO,3.52102,-76.30272,NO APLICA,NO APLICA,NO APLICA,CHOQUE,ADELANTAR POR LA DERECHA,NO APLICA 2020,NO APLICA,CAMIONETA,CHEVROLET,CALI,PARTICULAR,NO APLICA
220,HERIDOS,2020-01-25,2020,14:10,TARDE,SABADO,NUEVO,CARRERA 31 CALLE 22-48,URBANA,TECNICO,3.52102,-76.30272,NO APLICA,NO APLICA,NO APLICA,CHOQUE,ADELANTAR POR LA DERECHA,NO APLICA 2020,NO APLICA,BUSETA,IVECO,PALMIRA,PUBLICO,PALMIRANA
221,DAÑOS,2020-01-28,2020,06:30,MAÑANA,MARTES,OBRERO,CALLE 35 CARRERA 24,URBANA,TECNICO,3.53153,-76.29495,NO APLICA,NO APLICA,NO APLICA,CHOQUE,DESOBEDECER SEÑALES,NO APLICA 2020,NO APLICA,CAMION,HINO,NARIÑO,PUBLICO,NO APLICA
222,DAÑOS,2020-01-28,2020,06:30,MAÑANA,MARTES,OBRERO,CALLE 35 CARRERA 24,URBANA,TECNICO,3.53153,-76.29495,NO APLICA,NO APLICA,NO APLICA,CHOQUE,DESOBEDECER SEÑALES,NO APLICA 2020,NO APLICA,CAMIONETA,HYUNDAI,PALMIRA,PARTICULAR,NO APLICA
223,HERIDOS,2020-01-24,2020,17:15,TARDE,VIERNES,MARIACANO,CARRERA 1 CALLE 32C-20,URBANA,TECNICO,3.52801,-76.27741,MOTOCICLISTA,1,NO APLICA,CHOQUE,NO MANTENER DISTANCIA DE SEGURIDAD,NO APLICA 2020,PALMIRA,MOTO,SUZUKI,PALMIRA,PARTICULAR,NO APLICA
224,HERIDOS,2020-01-24,2020,17:15,TARDE,VIERNES,MARIACANO,CARRERA 1 CALLE 32C-20,URBANA,TECNICO,3.52801,-76.27741,MOTOCICLISTA,1,NO APLICA,CHOQUE,NO MANTENER DISTANCIA DE SEGURIDAD,NO APLICA 2020,PALMIRA,MOTO,HONDA,FLORIDA,PARTICULAR,NO APLICA
225,HERIDOS,2020-01-24,2020,17:15,TARDE,VIERNES,MARIACANO,CARRERA 1 CALLE 32C-20,URBANA,TECNICO,3.52801,-76.27741,ACOMPAÑANTE MOTOCICLISTA,1,NO APLICA,CHOQUE,NO MANTENER DISTANCIA DE SEGURIDAD,NO APLICA 2020,PALMIRA,NO APLICA,NO APLICA,NO APLICA,NO APLICA,NO APLICA
226,HERIDOS,2020-01-24,2020,17:15,TARDE,VIERNES,MARIACANO,CARRERA 1 CALLE 32C-20,URBANA,TECNICO,3.52801,-76.27741,NO APLICA,NO APLICA,NO APLICA,CHOQUE,NO MANTENER DISTANCIA DE SEGURIDAD,NO APLICA 2020,NO APLICA,BUS,HINO,YUMBO,PUBLICO,BRASILIA
227,HERIDOS,2020-01-24,2020,20:00,NOCHE,VIERNES,PARAISO,VIA PALMIRA PRADERA KM 1+300 MTS,RURAL,TECNICO,3.51991,-76.277,NO APLICA,NO APLICA,NO APLICA,CHOQUE,VEHICULO MAL ESTACIONADO,NO APLICA 2020,NO APLICA,AUTOMOVIL,RENAULT,CALI,PARTICULAR,NO APLICA
228,HERIDOS,2020-01-24,2020,20:00,NOCHE,VIERNES,PARAISO,VIA PALMIRA PRADERA KM 1+300 MTS,RURAL,TECNICO,3.51991,-76.277,MOTOCICLISTA,1,NO APLICA,CHOQUE,VEHICULO MAL ESTACIONADO,NO APLICA 2020,PALMA,MOTO,AUTECO,LAUNION,PARTICULAR,NO APLICA
229,DAÑOS,2020-01-25,2020,11:30,MAÑANA,SABADO,CENTRO POBLADO PEREIRA,CALLE 93 71-104,RURAL,TECNICO,3.45622,-76.47528,NO APLICA,NO APLICA,NO APLICA,CHOQUE OBJETO FIJO,NO ESTAR PENDIENTE DE LA VIA,NO APLICA 2020,NO APLICA,CAMION,DODGE,BOGOTA,PARTICULAR,NO APLICA