,GRAVEDAD,FECHA,AÑO,HORA,JORNADA,DIA_SEMANA,BARRIO-CORREGIMIENTO-VIA,DIRECCION,ZONA,AUTORIDAD,LAT,LONG,CONDICION_VICTIMA,LESIONADO,HOMICIDIOS,TIPO_ACCIDENTE,HIPOTESIS,GENERO,CLINICA,CLASE_VEHICULO,MARCA,MATRICULA,TIPO DE SERVICIO,EMPRESA
230,HERIDOS,2020-01-27,2020,12:50,TARDE,LUNES,BUENOS AIRES,CALLE 35 F CARRERA 6,URBANA,TECNICO,3.5315,-76.2732,NO APLICA,NO APLICA,NO APLICA,CHOQUE,DESOBEDECER SEÑALES,NO APLICA 2020,NO APLICA,AUTOMOVIL,NISSAN,CALI,PARTICULAR,NO APLICA
231,HERIDOS,2020-01-27,2020,12:50,TARDE,LUNES,BUENOS AIRES,CALLE 35 F CARRERA 6,URBANA,TECNICO,3.5315,-76.2732,MOTOCICLISTA,1,NO APLICA,CHOQUE,DESOBEDECER SEÑALES,NO APLICA 2020,PALMA,MOTO,VICTORY,PRADERA,PARTICULAR,NO APLICA
232,HERIDOS,2020-01-27,2020,12:50,TARDE,LUNES,BUENOS AIRES,CALLE 35 F CARRERA 6,URBANA,TECNICO,3.5315,-76.2732,ACOMPAÑANTE MOTOCICLISTA,1,NO APLICA,CHOQUE,DESOBEDECER SEÑALES,NO APLICA 2020,PALMA,NO APLICA,NO APLICA,NO APLICA,NO APLICA,NO APLICA
233,HERIDOS,2020-01-27,2020,12:50,TARDE,LUNES,BUENOS AIRES,CALLE 35 F CARRERA 6,URBANA,TECNICO,3.5315,-76.2732,ACOMPAÑANTE MOTOCICLISTA,1,NO APLICA,CHOQUE,DESOBEDECER SEÑALES,NO APLICA 2020,PALMA,NO APLICA,NO APLICA,NO APLICA,NO APLICA,NO APLICA
234,DAÑOS,2020-01-27,2020,15:15,TARDE,LUNES,SANTA BARBARA,CALLE 31 CARRERA 44-46,URBANA,TECNICO,3.53003,-76.31395,NO APLICA,NO APLICA,NO APLICA,CHOQUE,DESOBEDECER SEÑALES,NO APLICA 2020,NO APLICA,AUTOMOVIL,RENAULT,SABANETA,PARTICULAR,NO APLICA
235,DAÑOS,2020-01-27,2020,15:15,TARDE,LUNES,SANTA BARBARA,CALLE 31 CARRERA 44-46,URBANA,TECNICO,3.53003,-76.31395,NO APLICA,NO APLICA,NO APLICA,CHOQUE,DESOBEDECER SEÑALES,NO APLICA 2020,NO APLICA,MOTO,HONDA,GUACARI,PARTICULAR,NO APLICA
236,DAÑOS,2020-01-27,2020,17:05,TARDE,LUNES,COLOMBIA,CALLE 33 CARRERA 31-74,URBANA,TECNICO,3.53078,-76.3013,NO APLICA,NO APLICA,NO APLICA,CHOQUE,ADELANTAMIENTO INDEBIDO,NO APLICA 2020,NO APLICA,CAMIONETA,HYUNDAI,ENVIGADO,PARTICULAR,NO APLICA
237,DAÑOS,2020-01-27,2020,17:05,TARDE,LUNES,COLOMBIA,CALLE 33 CARRERA 31-74,URBANA,TECNICO,3.53078,-76.3013,NO APLICA,NO APLICA,NO APLICA,CHOQUE,ADELANTAMIENTO INDEBIDO,NO APLICA 2020,NO APLICA,MOTO,VICTORY,PALMIRA,PARTICULAR,NO APLICA
238,HERIDOS,2020-01-27,2020,18:15,NOCHE,LUNES,TREBOL,CARRERA 23 CALLE 27,URBANA,TECNICO,3.52386,-76.29507,MOTOCICLISTA,1,NO APLICA,CHOQUE,DESOBEDECER SEÑALES,NO APLICA 2020,PALMA,MOTO,AKT,PRADERA,PARTICULAR,NO APLICA
239,HERIDOS,2020-01-27,2020,18:15,NOCHE,LUNES,TREBOL,CARRERA 23 CALLE 27,URBANA,TECNICO,3.52386,-76.29507,NO APLICA,NO APLICA,NO APLICA,CHOQUE,DESOBEDECER SEÑALES,NO APLICA 2020,NO APLICA,AUTOMOVIL,NISSAN,BOGOTA,PARTICULAR,NO APLICA
240,HERIDOS,2020-01-27,2020,18:15,NOCHE,LUNES,TREBOL,CARRERA 23 CALLE 27,URBANA,TECNICO,3.52386,-76.29507,ACOMPAÑANTE MOTOCICLISTA,1,NO APLICA,CHOQUE,DESOBEDECER SEÑALES,NO APLICA 2020,PALMA,NO APLICA,NO APLICA,NO APLICA,NO APLICA,NO APLICA
241,DAÑOS,2020-01-28,2020,15:25,TARDE,MARTES,VERSALLES,CALLE 42 CARRERA 30,URBANA,TECNICO,3.53807,-76.29883,NO APLICA,NO APLICA,NO APLICA,CHOQUE,CAMBIO DE CARRIL SIN LAS MEDIDAS DE PRECAUCION,NO APLICA 2020,NO APLICA,MOTO,BAJAJ,EL CERRITO,PARTICULAR,NO APLICA
242,DAÑOS,2020-01-28,2020,15:25,TARDE,MARTES,VERSALLES,CALLE 42 CARRERA 30,URBANA,TECNICO,3.53807,-76.29883,NO APLICA,NO APLICA,NO APLICA,CHOQUE,CAMBIO DE CARRIL SIN LAS MEDIDAS DE PRECAUCION,NO APLICA 2020,NO APLICA,MOTO,YAMAHA,LA VIRGINIA,PARTICULAR,NO APLICA
243,HERIDOS,2020-01-28,2020,14:50,TARDE,MARTES,URBANIZACION EL BOSQUE,CARRERA 8 CALLE 33,URBANA,TECNICO,3.52843,-76.28212,MOTOCICLISTA,1,NO APLICA,CHOQUE,DESOBEDECER SEÑALES,NO APLICA 2020,RAUL,MOTO,KEEWAY,GINEBRA,PARTICULAR,NO APLICA
244,HERIDOS,2020-01-28,2020,14:50,TARDE,MARTES,URBANIZACION EL BOSQUE,CARRERA 8 CALLE 33,URBANA,TECNICO,3.52843,-76.28212,NO APLICA,NO APLICA,NO APLICA,CHOQUE,DESOBEDECER SEÑALES,NO APLICA 2020,NO APLICA,MOTO,KIMCO,EL CERRITO,PARTICULAR,NO APLICA
245,DAÑOS,2020-01-28,2020,19:00,NOCHE,MARTES,CENTRO,CALLE 31 CARRERA 31 -14,URBANA,TECNICO,3.52845,-76.30204,NO APLICA,NO APLICA,NO APLICA,CHOQUE,NO MANTENER DISTANCIA DE SEGURIDAD,NO APLICA 2020,NO APLICA,AUTOMOVIL,RENAULT,CALI,PARTICULAR,NO APLICA
246,DAÑOS,2020-01-28,2020,19:00,NOCHE,MARTES,CENTRO,CALLE 31 CARRERA 31 -14,URBANA,TECNICO,3.52845,-76.30204,NO APLICA,NO APLICA,NO APLICA,CHOQUE,NO MANTENER DISTANCIA DE SEGURIDAD,NO APLICA 2020,NO APLICA,MOTO,TONGKO,PALMIRA,PARTICULAR,NO APLICA
247,DAÑOS,2020-01-30,2020,09:00,MAÑANA,JUEVES,INDUSTRIAL,CALLE 42 CARRERA 35,URBANA,TECNICO,3.53896,-76.3065,NO APLICA,NO APLICA,NO APLICA,CHOQUE,NO MANTENER DISTANCIA DE SEGURIDAD,NO APLICA 2020,NO APLICA,AUTOMOVIL,NISSAN,CALI,PARTICULAR,NO APLICA
248,DAÑOS,2020-01-30,2020,09:00,MAÑANA,JUEVES,INDUSTRIAL,CALLE 42 CARRERA 35,URBANA,TECNICO,3.53896,-76.3065,NO APLICA,NO APLICA,NO APLICA,CHOQUE,NO MANTENER DISTANCIA DE SEGURIDAD,NO APLICA 2020,NO APLICA,MOTO,SUZUKI,EL CERRITO,PARTICULAR,NO APLICA
249,HERIDOS,2020-01-29,2020,18:55,NOCHE,MIERCOLES,VERSALLES,CALLE 42 CARRERA 28-48,URBANA,TECNICO,3.53801,-76.2978,NO APLICA,NO APLICA,NO APLICA,CHOQUE,NO MANTENER DISTANCIA DE SEGURIDAD,NO APLICA 2020,NO APLICA,AUTOMOVIL,CHEVROLET,CALI,PARTICULAR,NO APLICA
250,HERIDOS,2020-01-29,2020,18:55,NOCHE,MIERCOLES,VERSALLES,CALLE 42 CARRERA 28-48,URBANA,TECNICO,3.53801,-76.2978,MOTOCICLISTA,1,NO APLICA,CHOQUE,NO MANTENER DISTANCIA DE SEGURIDAD,NO APLICA 2020,PALMA,MOTO,AUTECO,GUACARI,PARTICULAR,NO APLICA
251,DAÑOS,2020-01-25,2020,12:30,TARDE,SABADO,RECREO,CALLE 23 CARRERA 24,URBANA,TECNICO,3.52065,-76.29589,NO APLICA,NO APLICA,NO APLICA,CHOQUE,MAL USO DEL CARRIL,NO APLICA 2020,NO APLICA,AUTOMOVIL,MAZDA,PALMIRA,PARTICULAR,NO APLICA
252,DAÑOS,2020-01-25,2020,12:30,TARDE,SABADO,RECREO,CALLE 23 CARRERA 24,URBANA,TECNICO,3.52065,-76.29589,NO APLICA,NO APLICA,NO APLICA,CHOQUE,MAL USO DEL CARRIL,NO APLICA 2020,NO APLICA,BUS,CHEVROLET,PALMIRA,PUBLICO,LINEAS DEL VALLE
253,HERIDOS,2020-01-30,2020,09:30,MAÑANA,JUEVES,URIBE,CALLE 32 CARRERA 20,URBANA,TECNICO,3.52796,-76.29194,MOTOCICLISTA,1,NO APLICA,CHOQUE,DESOBEDECER SEÑAL,NO APLICA 2020,PALMIRA,MOTO,KIMCO,PALMIRA,PARTICULAR,NO APLICA
254,HERIDOS,2020-01-30,2020,09:30,MAÑANA,JUEVES,URIBE,CALLE 32 CARRERA 20,URBANA,TECNICO,3.52796,-76.29194,MOTOCICLISTA,1,NO APLICA,CHOQUE,DESOBEDECER SEÑAL,NO APLICA 2020,PALMA,MOTO,AUTECO,GUACARI,PARTICULAR,NO APLICA
255,DAÑOS,2020-01-31,2020,08:30,MAÑANA,VIERNES,CIUDAD DEL CAMPO,CARRERA 34 CALLE 100,RURAL,TECNICO,3.45791,-76.46425,NO APLICA,NO APLICA,NO APLICA,CHOQUE,ADELANTAR CERRANDO,NO APLICA 2020,NO APLICA,CAMPERO,TOYOTA,NARIÑO,PARTICULAR,NO APLICA
256,DAÑOS,2020-01-31,2020,08:30,MAÑANA,VIERNES,CIUDAD DEL CAMPO,CARRERA 34 CALLE 100,RURAL,TECNICO,3.45791,-76.46425,NO APLICA,NO APLICA,NO APLICA,CHOQUE,ADELANTAR CERRANDO,NO APLICA 2020,NO APLICA,AUTOMOVIL,CHEVROLET,CALI,PARTICULAR,NO APLICA
257,HERIDOS,2020-01-30,2020,15:50,TARDE,JUEVES,TREBOL,CALLE 26 CARRERA 21,URBANA,TECNICO,3.52257,-76.29344,MOTOCICLISTA,1,NO APLICA,CHOQUE,DESOBEDECER SEÑALES,NO APLICA 2020,PALMIRA,MOTO,BAJAJ,FLORIDA,PARTICULAR,NO APLICA
258,HERIDOS,2020-01-30,2020,15:50,TARDE,JUEVES,TREBOL,CALLE 26 CARRERA 21,URBANA,TECNICO,3.52257,-76.29344,MOTOCICLISTA,1,NO APLICA,CHOQUE,DESOBEDECER SEÑALES,NO APLICA 2020,PALMIRA,MOTO,AKT,MANIZALES,PARTICULAR,NO APLICA
259,HERIDOS,2020-01-30,2020,15:50,TARDE,JUEVES,TREBOL,CALLE 26 CARRERA 21,URBANA,TECNICO,3.52257,-76.29344,ACOMPAÑANTE MOTOCICLISTA,1,NO APLICA,CHOQUE,DESOBEDECER SEÑALES,NO APLICA 2020,PALMIRA,NO APLICA,NO APLICA,NO APLICA,NO APLICA,NO APLICA
260,HERIDOS,2020-01-30,2020,17:50,TARDE,JUEVES,CIUDADELA,CALLE 29 CARRERA 12 -66,URBANA,TECNICO,3.52466,-76.28589,NO APLICA,NO APLICA,NO APLICA,CHOQUE,ADELANTAR INDEBIDO,NO APLICA 2020,NO APLICA,CAMIONETA,SUZUKI,CALI,PARTICULAR,NO APLICA
261,HERIDOS,2020-01-30,2020,17:50,TARDE,JUEVES,CIUDADELA,CALLE 29 CARRERA 12 -66,URBANA,TECNICO,3.52466,-76.28589,MOTOCICLISTA,1,NO APLICA,CHOQUE,ADELANTAR INDEBIDO,NO APLICA 2020,PALMA,MOTO,HERO,PRADERA,PARTICULAR,NO APLICA
262,HERIDOS,2020-01-30,2020,17:50,TARDE,JUEVES,CIUDADELA,CALLE 29 CARRERA 12 -66,URBANA,TECNICO,3.52466,-76.28589,ACOMPAÑANTE MOTOCICLISTA,1,NO APLICA,CHOQUE,ADELANTAR INDEBIDO,NO APLICA 2020,PALMA,NO APLICA,NO APLICA,NO APLICA,NO APLICA,NO APLICA
263,HERIDOS,2020-01-31,2020,16:15,TARDE,VIERNES,SANTA TERESITA,CALLE 47 CARRERA 35,URBANA,TECNICO,3.54256,-76.30743,NO APLICA,NO APLICA,NO APLICA,CHOQUE,NO RESPETAR PRELACION,NO APLICA 2020,NO APLICA,AUTOMOVIL,NISSAN,CALI,PARTICULAR,NO APLICA
264,HERIDOS,2020-01-31,2020,16:15,TARDE,VIERNES,SANTA TERESITA,CALLE 47 CARRERA 35,URBANA,TECNICO,3.54256,-76.30743,NO APLICA,NO APLICA,NO APLICA,CHOQUE,NO RESPETAR PRELACION,NO APLICA 2020,NO APLICA,MOTO,AKT,FUSAGASUGA,PARTICULAR,NO APLICA
265,HERIDOS,2020-01-31,2020,16:15,TARDE,VIERNES,SANTA TERESITA,CALLE 47 CARRERA 35,URBANA,TECNICO,3.54256,-76.30743,ACOMPAÑANTE MOTOCICLISTA,1,NO APLICA,CHOQUE,NO RESPETAR PRELACION,NO APLICA 2020,PALMA,NO APLICA,NO APLICA,NO APLICA,NO APLICA,NO APLICA
266,DAÑOS,2020-01-31,2020,17:30,TARDE,VIERNES,INDUSTRIAL,CALLE 42 CARRERA 35,URBANA,TECNICO,3.53873,-76.30619,NO APLICA,NO APLICA,NO APLICA,CHOQUE,POR ESTABLECER,NO APLICA 2020,NO APLICA,MOTO,HONDA,ZARZAL,PARTICULAR,NO APLICA
267,HERIDOS,2020-01-31,2020,17:30,TARDE,VIERNES,INDUSTRIAL,CALLE 42 CARRERA 35,URBANA,TECNICO,3.53873,-76.30619,NO APLICA,NO APLICA,NO APLICA,CHOQUE,POR ESTABLECER,NO APLICA 2020,NO APLICA,MOTO,HONDA,PALMIRA,PARTICULAR,NO APLICA
268,DAÑOS,2020-01-31,2020,20:20,NOCHE,VIERNES,INDUSTRIAL,CALLE 42 CARRERA 34B-35,URBANA,TECNICO,3.53863,-76.3027,NO APLICA,NO APLICA,NO APLICA,CHOQUE,NO MANTENER DISTANCIA DE SEGURIDAD,NO APLICA 2020,NO APLICA,AUTOMOVIL,CHEVROLET,CALI,PARTICULAR,NO APLICA
269,DAÑOS,2020-01-31,2020,20:20,NOCHE,VIERNES,INDUSTRIAL,CALLE 42 CARRERA 34B-35,URBANA,TECNICO,3.53863,-76.3027,NO APLICA,NO APLICA,NO APLICA,CHOQUE,NO MANTENER DISTANCIA DE SEGURIDAD,NO APLICA 2020,NO APLICA,CAMIONETA,CHEVROLET,CALI,PARTICULAR,NO APLICA
270,HERIDOS,2020-02-01,2020,06:30,MAÑANA,SABADO,INDUSTRIAL,CALLE 42 CARRERA 37-38,URBANA,TECNICO,3.53889,-76.3081,NO APLICA,NO APLICA,NO APLICA,CHOQUE,GIRAR BRUSCAMENTE,NO APLICA 2020,NO APLICA,MICROBUS,RENAULT,GUACARI,PUBLICO,NO APLICA
271,HERIDOS,2020-02-01,2020,06:30,MAÑANA,SABADO,INDUSTRIAL,CALLE 42 CARRERA 37-38,URBANA,TECNICO,3.53889,-76.3081,CICLISTA,NO APLICA,1,CHOQUE,GIRAR BRUSCAMENTE,NO APLICA 2020,PALMA,BICICLETA,NO APLICA,NO APLICA,PARTICULAR,NO APLICA
272,HERIDOS,2020-02-01,2020,16:50,TARDE,SABADO,VIA AGUACLARA BUITRERA,KM 4 + 60MTS,RURAL,TECNICO,3.50632,-76.22691,NO APLICA,NO APLICA,NO APLICA,CHOQUE,IMPERICIA EN EL MANEJO,NO APLICA 2020,NO APLICA,AUTOMOVIL,MAZDA,CALI,PARTICULAR,NO APLICA
273,HERIDOS,2020-02-01,2020,16:50,TARDE,SABADO,VIA AGUACLARA BUITRERA,KM 4 + 60MTS,RURAL,TECNICO,3.50632,-76.22691,MOTOCICLISTA,1,NO APLICA,CHOQUE,IMPERICIA EN EL MANEJO,NO APLICA 2020,RAUL,MOTO,SUZUKI,GUACARI,PARTICULAR,NO APLICA
274,HERIDOS,2020-02-01,2020,16:50,TARDE,SABADO,VIA AGUACLARA BUITRERA,KM 4 + 60MTS,RURAL,TECNICO,3.50632,-76.22691,ACOMPAÑANTE MOTOCICLISTA,1,NO APLICA,CHOQUE,IMPERICIA EN EL MANEJO,NO APLICA 2020,RAUL,NO APLICA,NO APLICA,NO APLICA,NO APLICA,NO APLICA
275,HERIDOS,2020-02-03,2020,07:35,MAÑANA,LUNES,FRAY LUIS AMIGO,CALLE 42 CARRERA 45,URBANA,TECNICO,3.53878,-76.31471,NO APLICA,NO APLICA,NO APLICA,CHOQUE,NO MANTENER DISTANCIA DE SEGURIDAD,NO APLICA 2020,NO APLICA,AUTOMOVIL,KIA,CALI,PARTICULAR,NO APLICA
276,HERIDOS,2020-02-03,2020,07:35,MAÑANA,LUNES,FRAY LUIS AMIGO,CALLE 42 CARRERA 45,URBANA,TECNICO,3.53878,-76.31471,MOTOCICLISTA,1,NO APLICA,CHOQUE,NO MANTENER DISTANCIA DE SEGURIDAD,NO APLICA 2020,PALMA,MOTO,AKT,PRADERA,PARTICULAR,NO APLICA
277,DAÑOS,2020-02-03,2020,11:40,MAÑANA,LUNES,CENTRO,CALLE 31 CARRERA 31-60,URBANA,TECNICO,3.52852,-76.30181,NO APLICA,NO APLICA,NO APLICA,CHOQUE,PARQUIAR SIN MEDIDAS DE PRECAUCION,NO APLICA 2020,NO APLICA,AUTOMOVIL,CITROEN,BOGOTA,PARTICULAR,NO APLICA
278,DAÑOS,2020-02-03,2020,11:40,MAÑANA,LUNES,CENTRO,CALLE 31 CARRERA 31-60,URBANA,TECNICO,3.52852,-76.30181,NO APLICA,NO APLICA,NO APLICA,CHOQUE,PARQUIAR SIN MEDIDAS DE PRECAUCION,NO APLICA 2020,NO APLICA,AUTOMOVIL,CHEVROLET,CALI,PARTICULAR,NO APLICA
279,HERIDOS,2020-02-03,2020,11:40,MAÑANA,LUNES,CENTRO,CALLE 31 CARRERA 31-60,URBANA,TECNICO,3.52852,-76.30181,NO APLICA,NO APLICA,NO APLICA,CHOQUE,PARQUIAR SIN MEDIDAS DE PRECAUCION,NO APLICA 2020,NO APLICA,AUTOMOVIL,MAZDA,CALI,PARTICULAR,NO APLICA
280,DAÑOS,2020-02-01,2020,01:45,MADRUGADA,SABADO,CENTRO,CARRERA 32 CALLE 32 -135,URBANA,TECNICO,3.5295,-76.30223,NO APLICA,NO APLICA,NO APLICA,CHOQUE,POR ESTABLECER,NO APLICA 2020,NO APLICA,MOTO,JINCHENG,EL CERRITO,PARTICULAR,NO APLICA
281,DAÑOS,2020-02-01,2020,01:45,MADRUGADA,SABADO,CENTRO,CARRERA 32 CALLE 32 -135,URBANA,TECNICO,3.5295,-76.30223,NO APLICA,NO APLICA,NO APLICA,CHOQUE,POR ESTABLECER,NO APLICA 2020,NO APLICA,MOTO,HONDA,FLORIDA,PARTICULAR,NO APLICA
282,HERIDOS,2020-02-01,2020,20:45,NOCHE,SABADO,LOS PINOS,CALLE 42 CARRERA 22,URBANA,TECNICO,3.53728,-76.29239,MOTOCICLISTA,1,NO APLICA,CHOQUE,NO RESPETAR PELACION,NO APLICA 2020,RAUL,MOTO,AKT,CALI,PARTICULAR,NO APLICA
283,HERIDOS,2020-02-01,2020,20:45,NOCHE,SABADO,LOS PINOS,CALLE 42 CARRERA 22,URBANA,TECNICO,3.53728,-76.29239,NO APLICA,NO APLICA,NO APLICA,CHOQUE,NO RESPETAR PELACION,NO APLICA 2020,NO APLICA,AUTOMOVIL,KIA,PALMIRA,PARTICULAR,NO APLICA
284,DAÑOS,2020-02-02,2020,19:05,NOCHE,DOMINGO,LA EMILIA,CALLE 42 CARRERA 39,URBANA,TECNICO,3.54019,-76.30999,NO APLICA,NO APLICA,NO APLICA,CHOQUE,GIRAR BRUSCAMENTE,NO APLICA 2020,NO APLICA,AUTOMOVIL,NISSAN,CALI,PARTICULAR,NO APLICA
285,HERIDOS,2020-02-03,2020,16:00,TARDE,LUNES,LA EMILIA,CARRERA 36 CALLE 37,URBANA,TECNICO,3.5347,-76.30674,MOTOCICLISTA,1,NO APLICA,CHOQUE,DESOBEDECER SEÑAL,NO APLICA 2020,FRACTURAS,MOTO,KIMCO,GINEBRA,PARTICULAR,NO APLICA
286,HERIDOS,2020-02-03,2020,16:00,TARDE,LUNES,LA EMILIA,CARRERA 36 CALLE 37,URBANA,TECNICO,3.5347,-76.30674,MOTOCICLISTA,1,NO APLICA,CHOQUE,DESOBEDECER SEÑAL,NO APLICA 2020,PALMIRA,MOTO,HONDA,DOSQUEBRADAS,PARTICULAR,NO APLICA
287,DAÑOS,2020-02-03,2020,17:00,TARDE,LUNES,LOS SAUSES,CARRERA 1 CALLE 36-36A,URBANA,TECNICO,3.53362,-76.27733,NO APLICA,NO APLICA,NO APLICA,CHOQUE,POR ESTABLECER,NO APLICA 2020,NO APLICA,CAMPERO,SSANGYONG,CALI,PARTICULAR,NO APLICA
288,HERIDOS,2020-02-02,2020,07:10,MAÑANA,DOMINGO,SANTA ISABEL,CARRERA 28 CALLE 44,URBANA,TECNICO,3.53928,-76.29714,MOTOCICLISTA,1,NO APLICA,CHOQUE,NO MANTENER DISTANCIA DE SEGURIDAD,NO APLICA 2020,RAUL,MOTO,KIMCO,CARTAGO,PARTICULAR,NO APLICA
289,HERIDOS,2020-02-02,2020,07:10,MAÑANA,DOMINGO,SANTA ISABEL,CARRERA 28 CALLE 44,URBANA,TECNICO,3.53928,-76.29714,MOTOCICLISTA,1,NO APLICA,CHOQUE,NO MANTENER DISTANCIA DE SEGURIDAD,NO APLICA 2020,RAUL,MOTO,BAJAJ,PRADERA,PARTICULAR,NO APLICA
290,HERIDOS,2020-02-02,2020,07:30,MAÑANA,DOMINGO,NUEVO,CARRERA 31 CALLE 27,URBANA,TECNICO,3.52781,-76.29786,MOTOCICLISTA,1,NO APLICA,CHOQUE,DESOBEDECER SEÑAL,NO APLICA 2020,PALMA,MOTO,HONDA,PALMIRA,PARTICULAR,NO APLICA
291,HERIDOS,2020-02-02,2020,07:30,MAÑANA,DOMINGO,NUEVO,CARRERA 31 CALLE 27,URBANA,TECNICO,3.52781,-76.29786,NO APLICA,NO APLICA,NO APLICA,CHOQUE,DESOBEDECER SEÑAL,NO APLICA 2020,NO APLICA,MOTO,HONDA,GUACARI,PARTICULAR,NO APLICA
292,HERIDOS,2020-02-02,2020,07:30,MAÑANA,DOMINGO,NUEVO,CARRERA 31 CALLE 27,URBANA,TECNICO,3.52781,-76.29786,ACOMPAÑANTE MOTOCICLISTA,1,NO APLICA,CHOQUE,DESOBEDECER SEÑAL,NO APLICA 2020,PALMA,NO APLICA,NO APLICA,NO APLICA,NO APLICA,NO APLICA
293,HERIDOS,2020-02-02,2020,07:30,MAÑANA,DOMINGO,NUEVO,CARRERA 31 CALLE 27,URBANA,TECNICO,3.52781,-76.29786,ACOMPAÑANTE MOTOCICLISTA,1,NO APLICA,CHOQUE,DESOBEDECER SEÑAL,NO APLICA 2020,PALMA,NO APLICA,NO APLICA,NO APLICA,NO APLICA,NO APLICA
294,DAÑOS,2020-02-02,2020,09:00,MAÑANA,DOMINGO,LA EMILIA,CALLE 32 CARRERA 39,URBANA,TECNICO,3.53088,-76.30897,NO APLICA,NO APLICA,NO APLICA,CHOQUE,DESOBEDECER SEÑAL,NO APLICA 2020,NO APLICA,AUTOMOVIL,RENAULT,CALI,PARTICULAR,NO APLICA
295,DAÑOS,2020-02-02,2020,09:00,MAÑANA,DOMINGO,LA EMILIA,CALLE 32 CARRERA 39,URBANA,TECNICO,3.53088,-76.30897,NO APLICA,NO APLICA,NO APLICA,CHOQUE,DESOBEDECER SEÑAL,NO APLICA 2020,NO APLICA,MOTO,AKT,CALI,PARTICULAR,NO APLICA
296,HERIDOS,2020-02-04,2020,12:10,TARDE,MARTES,CENTRO,CARRERA 33 CALLE 31-27,URBANA,TECNICO,3.52883,-76.30319,NO APLICA,NO APLICA,NO APLICA,CHOQUE,ADELANTAMIENTO INDEBIDO,NO APLICA 2020,NO APLICA,MOTO,BAJAJ,PALMIRA,PARTICULAR,NO APLICA
297,HERIDOS,2020-02-04,2020,12:10,TARDE,MARTES,CENTRO,CARRERA 33 CALLE 31-27,URBANA,TECNICO,3.52883,-76.30319,MOTOCICLISTA,1,NO APLICA,CHOQUE,ADELANTAMIENTO INDEBIDO,NO APLICA 2020,PALMIRA,MOTO,SUZUKI,PALMIRA,PARTICULAR,NO APLICA
298,HERIDOS,2020-02-04,2020,12:10,TARDE,MARTES,CENTRO,CARRERA 33 CALLE 31-27,URBANA,TECNICO,3.52883,-76.30319,ACOMPAÑANTE MOTOCICLISTA,1,NO APLICA,CHOQUE,ADELANTAMIENTO INDEBIDO,NO APLICA 2020,PALMIRA,NO APLICA,NO APLICA,NO APLICA,NO APLICA,NO APLICA
299,HERIDOS,2020-02-05,2020,08:50,MAÑANA,MIERCOLES,SANTA RITA,CALLE 33 CARRERA 26,URBANA,TECNICO,3.53006,-76.29668,MOTOCICLISTA,1,NO APLICA,CHOQUE,DESOBEDECER SEÑAL,NO APLICA 2020,FRACTURAS,MOTO,HONDA,GUACARI,PARTICULAR,NO APLICA
300,HERIDOS,2020-02-05,2020,08:50,MAÑANA,MIERCOLES,SANTA RITA,CALLE 33 CARRERA 26,URBANA,TECNICO,3.53006,-76.29668,MOTOCICLISTA,1,NO APLICA,CHOQUE,DESOBEDECER SEÑAL,NO APLICA 2020,FRACTURAS,MOTO,YAMAHA,PALMIRA,PARTICULAR,NO APLICA
301,DAÑOS,2020-02-05,2020,09:50,MAÑANA,MIERCOLES,SAN CAYETANO,CARRERA 24 CALLE 41,URBANA,TECNICO,3.53666,-76.29411,NO APLICA,NO APLICA,NO APLICA,CHOQUE,DESOBEDECER SEÑAL,NO APLICA 2020,NO APLICA,MICROBUS,CHEVROLET,PALMIRA,PARTICULAR,NO APLICA
302,DAÑOS,2020-02-04,2020,14:50,TARDE,MARTES,SAN CAYETANO,CARRERA 24 CALLE 41,URBANA,TECNICO,3.53666,-76.29412,NO APLICA,NO APLICA,NO APLICA,CHOQUE,DESOBEDECER SEÑAL,NO APLICA 2020,NO APLICA,AUTOMOVIL,NISSAN,PALMIRA,PARTICULAR,NO APLICA
303,DAÑOS,2020-02-04,2020,14:50,TARDE,MARTES,SAN CAYETANO,CARRERA 24 CALLE 41,URBANA,TECNICO,3.53666,-76.29412,NO APLICA,NO APLICA,NO APLICA,CHOQUE,DESOBEDECER SEÑAL,NO APLICA 2020,NO APLICA,AUTOMOVIL,CHEVROLET,CALI,PARTICULAR,NO APLICA
304,DAÑOS,2020-02-04,2020,17:45,TARDE,MARTES,CENTRO,CALLE 29 CARRERA 26-10,URBANA,TECNICO,3.52588,-76.29782,NO APLICA,NO APLICA,NO APLICA,CHOQUE,NO MANTENER DISTANCIA DE SEGURIDAD,NO APLICA 2020,NO APLICA,MOTO,HONDA,GUACARI,PARTICULAR,NO APLICA
305,DAÑOS,2020-02-04,2020,17:45,TARDE,MARTES,CENTRO,CALLE 29 CARRERA 26-10,URBANA,TECNICO,3.52588,-76.29782,NO APLICA,NO APLICA,NO APLICA,CHOQUE,NO MANTENER DISTANCIA DE SEGURIDAD,NO APLICA 2020,NO APLICA,AUTOMOVIL,HYUNDAI,PALMIRA,PARTICULAR,NO APLICA