,GRAVEDAD,FECHA,AÑO,HORA,JORNADA,DIA_SEMANA,BARRIO-CORREGIMIENTO-VIA,DIRECCION,ZONA,AUTORIDAD,LAT,LONG,CONDICION_VICTIMA,LESIONADO,HOMICIDIOS,TIPO_ACCIDENTE,HIPOTESIS,GENERO,CLINICA,CLASE_VEHICULO,MARCA,MATRICULA,TIPO DE SERVICIO,EMPRESA
306,DAÑOS,2020-02-05,2020,15:50,TARDE,MIERCOLES,SANTA BARBARA,CALLE 31 CARRERA 40A-13,URBANA,TECNICO,3.5297,-76.31079,NO APLICA,NO APLICA,NO APLICA,CHOQUE,ADELANTAR POR LA DERECHHA,NO APLICA 2020,NO APLICA,CAMIONETA,HYUNDAI,BOGOTA,PARTICULAR,NO APLICA
307,DAÑOS,2020-02-05,2020,15:50,TARDE,MIERCOLES,SANTA BARBARA,CALLE 31 CARRERA 40A-13,URBANA,TECNICO,3.5297,-76.31079,NO APLICA,NO APLICA,NO APLICA,CHOQUE,ADELANTAR POR LA DERECHHA,NO APLICA 2020,NO APLICA,CAMION,DODGE,TULUA,PUBLICO,NO APLICA
308,DAÑOS,2020-02-05,2020,16:45,TARDE,MIERCOLES,CENTRO,CARRERA 33A CALLE 30-81,URBANA,TECNICO,3.52805,-76.30438,NO APLICA,NO APLICA,NO APLICA,CHOQUE OBJETO FIJO,OTRAS OBJETO EN LA VIA,NO APLICA 2020,NO APLICA,MOTO,YAMAHA,PRADERA,PARTICULAR,NO APLICA
309,DAÑOS,2020-02-05,2020,21:30,NOCHE,MIERCOLES,ESTONIA,CALLE 42 CARRERA 32A-25,URBANA,TECNICO,3.53835,-76.30111,NO APLICA,NO APLICA,NO APLICA,CHOQUE,NO MANTENER DISTANCIA DE SEGURIDAD,NO APLICA 2020,NO APLICA,AUTOMOVIL,NISSAN,CALI,PARTICULAR,NO APLICA
310,DAÑOS,2020-02-05,2020,21:30,NOCHE,MIERCOLES,ESTONIA,CALLE 42 CARRERA 32A-25,URBANA,TECNICO,3.53835,-76.30111,NO APLICA,NO APLICA,NO APLICA,CHOQUE,NO MANTENER DISTANCIA DE SEGURIDAD,NO APLICA 2020,NO APLICA,CAMIONETA,DODGE,CALI,PARTICULAR,NO APLICA
311,DAÑOS,2020-02-05,2020,14:00,TARDE,MIERCOLES,CENTRO,CALLE 28 CARRERA 29-64,URBANA,TECNICO,3.52555,-76.30088,NO APLICA,NO APLICA,NO APLICA,CHOQUE,NO MANTENER DISTANCIA DE SEGURIDAD,NO APLICA 2020,NO APLICA,CAMPERO,CHEVROLET,PALMIRA,PARTICULAR,NO APLICA
312,DAÑOS,2020-02-05,2020,14:00,TARDE,MIERCOLES,CENTRO,CALLE 28 CARRERA 29-64,URBANA,TECNICO,3.52555,-76.30088,NO APLICA,NO APLICA,NO APLICA,CHOQUE,NO MANTENER DISTANCIA DE SEGURIDAD,NO APLICA 2020,NO APLICA,AUTOMOVIL,FORD,BOGOTA,PARTICULAR,NO APLICA
313,HERIDOS,2020-02-07,2020,19:40,NOCHE,VIERNES,LA ITALIA,CALLE 6 CARRERA 28,URBANA,TECNICO,3.50555,-76.2993,MOTOCICLISTA,1,NO APLICA,CHOQUE,DESOBEDECER SEÑAL,NO APLICA 2020,PALMIRA,MOTO,BAJAJ,FLORIDA,PARTICULAR,NO APLICA
314,HERIDOS,2020-02-07,2020,19:40,NOCHE,VIERNES,LA ITALIA,CALLE 6 CARRERA 28,URBANA,TECNICO,3.50555,-76.2993,MOTOCICLISTA,1,NO APLICA,CHOQUE,DESOBEDECER SEÑAL,NO APLICA 2020,PALMIRA,MOTO,AKT,PALMIRA,PARTICULAR,NO APLICA
315,HERIDOS,2020-02-07,2020,19:40,NOCHE,VIERNES,LA ITALIA,CALLE 6 CARRERA 28,URBANA,TECNICO,3.50555,-76.2993,NO APLICA,NO APLICA,NO APLICA,CHOQUE,DESOBEDECER SEÑAL,NO APLICA 2020,NO APLICA,AUTOMOVIL,CHEVROLET,GDK468,PARTICULAR,NO APLICA
316,HERIDOS,2020-02-07,2020,20:30,NOCHE,VIERNES,LOS SAUSES,CALLE 35 CARRERA 3,URBANA,TECNICO,3.53109,-76.27966,MOTOCICLISTA,1,NO APLICA,CHOQUE,DESOBEDECER SEÑAL,NO APLICA 2020,PALMA,MOTO,YAMAHA,PRADERA,PARTICULAR,NO APLICA
317,HERIDOS,2020-02-07,2020,20:30,NOCHE,VIERNES,LOS SAUSES,CALLE 35 CARRERA 3,URBANA,TECNICO,3.53109,-76.27966,MOTOCICLISTA,1,NO APLICA,CHOQUE,DESOBEDECER SEÑAL,NO APLICA 2020,PALMA,MOTO,YAMAHA,PRADERA,PARTICULAR,NO APLICA
318,DAÑOS,2020-02-07,2020,19:55,NOCHE,VIERNES,SANTA TERESITA,CALLE 42 CARRERA 39 -40,URBANA,TECNICO,3.53896,-76.31039,NO APLICA,NO APLICA,NO APLICA,CHOQUE,NO MANTENER DISTANCIA DE SEGURIDAD,NO APLICA 2020,NO APLICA,CAMIONETA,KIA,POPAYAN,PARTICULAR,NO APLICA
319,DAÑOS,2020-02-07,2020,19:55,NOCHE,VIERNES,SANTA TERESITA,CALLE 42 CARRERA 39 -40,URBANA,TECNICO,3.53896,-76.31039,NO APLICA,NO APLICA,NO APLICA,CHOQUE,NO MANTENER DISTANCIA DE SEGURIDAD,NO APLICA 2020,NO APLICA,AUTOMOVIL,KIA,CALI,PARTICULAR,NO APLICA
320,HERIDOS,2020-02-10,2020,06:10,MAÑANA,LUNES,LIBERTADORES,CALLE 28 CARRERA 18,URBANA,TECNICO,3.5243,-76.29072,MOTOCICLISTA,1,NO APLICA,CHOQUE,DESOBEDECER SEÑAL,NO APLICA 2020,RAUL,MOTO,HONDA,MIRANDA,PARTICULAR,NO APLICA
321,HERIDOS,2020-02-10,2020,06:10,MAÑANA,LUNES,LIBERTADORES,CALLE 28 CARRERA 18,URBANA,TECNICO,3.5243,-76.29072,NO APLICA,NO APLICA,NO APLICA,CHOQUE,DESOBEDECER SEÑAL,NO APLICA 2020,NO APLICA,AUTOMOVIL,RENAULT,CALI,PARTICULAR,NO APLICA
322,HERIDOS,2020-02-10,2020,10:10,MAÑANA,LUNES,INDUSTRIAL,CARRERA 35 CALLE 46-47,URBANA,TECNICO,3.54185,-76.30731,NO APLICA,NO APLICA,NO APLICA,CHOQUE,NO MANTENER DISTANCIA DE SEGURIDAD,NO APLICA 2020,NO APLICA,MOTO,HONDA,FLORIDA,PARTICULAR,NO APLICA
323,HERIDOS,2020-02-10,2020,10:10,MAÑANA,LUNES,INDUSTRIAL,CARRERA 35 CALLE 46-47,URBANA,TECNICO,3.54185,-76.30731,NO APLICA,NO APLICA,NO APLICA,CHOQUE,NO MANTENER DISTANCIA DE SEGURIDAD,NO APLICA 2020,NO APLICA,MOTO,SUZUKI,PALMIRA,PARTICULAR,NO APLICA
324,HERIDOS,2020-02-10,2020,10:10,MAÑANA,LUNES,INDUSTRIAL,CARRERA 35 CALLE 46-47,URBANA,TECNICO,3.54185,-76.30731,ACOMPAÑANTE MOTOCICLISTA,1,NO APLICA,CHOQUE,NO MANTENER DISTANCIA DE SEGURIDAD,NO APLICA 2020,NO APLICA,NO APLICA,NO APLICA,NO APLICA,NO APLICA,NO APLICA
325,DAÑOS,2020-02-10,2020,08:15,MAÑANA,LUNES,TREBOL,CARRERA 22 CALLE 27,URBANA,TECNICO,3.52378,-76.29424,NO APLICA,NO APLICA,NO APLICA,CHOQUE,DESOBEDECER SEÑAL,NO APLICA 2020,NO APLICA,MOTO,SUZUKI,PALMIRA,PARTICULAR,NO APLICA
326,DAÑOS,2020-02-10,2020,08:15,MAÑANA,LUNES,TREBOL,CARRERA 22 CALLE 27,URBANA,TECNICO,3.52378,-76.29424,NO APLICA,NO APLICA,NO APLICA,CHOQUE,DESOBEDECER SEÑAL,NO APLICA 2020,NO APLICA,CAMPERO,TOYOTA,CALI,PARTICULAR,NO APLICA
327,DAÑOS,2020-02-10,2020,10:30,MAÑANA,LUNES,COLOMBINA,CALLE 30 CARRERA 17,URBANA,TECNICO,3.52578,-76.28961,NO APLICA,NO APLICA,NO APLICA,CHOQUE,GIRAR SIN INDICACION,NO APLICA 2020,NO APLICA,CAMION,CHEVROLET,GUACARI,PUBLICO,NO APLICA
328,DAÑOS,2020-02-10,2020,10:30,MAÑANA,LUNES,COLOMBINA,CALLE 30 CARRERA 17,URBANA,TECNICO,3.52578,-76.28961,NO APLICA,NO APLICA,NO APLICA,CHOQUE,GIRAR SIN INDICACION,NO APLICA 2020,NO APLICA,CAMIONETA,CHEVROLET,CALI,PARTICULAR,NO APLICA
329,HERIDOS,2020-02-11,2020,06:00,MAÑANA,MARTES,ALAMEDA,CARRERA 28 CALLE 71-32,URBANA,TECNICO,3.55778,-76.29116,MOTOCICLISTA,1,NO APLICA,CHOQUE,NO MANTENER DISTANCIA DE SEGURIDAD,NO APLICA 2020,PALMA,MOTO,HONDA,GUACARI,PARTICULAR,NO APLICA
330,HERIDOS,2020-02-11,2020,06:00,MAÑANA,MARTES,ALAMEDA,CARRERA 28 CALLE 71-32,URBANA,TECNICO,3.55778,-76.29116,NO APLICA,NO APLICA,NO APLICA,CHOQUE,NO MANTENER DISTANCIA DE SEGURIDAD,NO APLICA 2020,NO APLICA,MICROBUS,NON PLUS,EL CERRITO,PUBLICO,SULTANA
331,HERIDOS,2020-02-11,2020,09:40,MAÑANA,MARTES,SAN CAYETANO,CALLE 41 CARRERA 25,URBANA,TECNICO,3.53672,-76.29463,MOTOCICLISTA,1,NO APLICA,CHOQUE,DESOBEDECER SEÑAL,NO APLICA 2020,PALMA,MOTO,HONDA,BUGA,PARTICULAR,NO APLICA
332,HERIDOS,2020-02-11,2020,09:40,MAÑANA,MARTES,SAN CAYETANO,CALLE 41 CARRERA 25,URBANA,TECNICO,3.53672,-76.29463,NO APLICA,NO APLICA,NO APLICA,CHOQUE,DESOBEDECER SEÑAL,NO APLICA 2020,NO APLICA,CAMIONETA,VOLKSWAGEN,BOGOTA,PARTICULAR,NO APLICA
333,HERIDOS,2020-02-07,2020,10:45,MAÑANA,VIERNES,RECREO,CALLE 22 CARRERA 30,URBANA,TECNICO,3.52049,-76.30188,NO APLICA,NO APLICA,NO APLICA,CHOQUE,DESOBEDECER SEÑAL,NO APLICA 2020,NO APLICA,MOTO,YAMAHA,EL CERRITO,PARTICULAR,NO APLICA
334,HERIDOS,2020-02-07,2020,10:45,MAÑANA,VIERNES,RECREO,CALLE 22 CARRERA 30,URBANA,TECNICO,3.52049,-76.30188,MOTOCICLISTA,1,NO APLICA,CHOQUE,DESOBEDECER SEÑAL,NO APLICA 2020,PALMIRA,MOTO,KIMCO,GUACARI,PARTICULAR,NO APLICA
335,HERIDOS,2020-02-07,2020,10:45,MAÑANA,VIERNES,RECREO,CALLE 22 CARRERA 30,URBANA,TECNICO,3.52049,-76.30188,ACOMPAÑANTE MOTOCICLISTA,1,NO APLICA,CHOQUE,DESOBEDECER SEÑAL,NO APLICA 2020,PALMIRA,NO APLICA,NO APLICA,NO APLICA,NO APLICA,NO APLICA
336,HERIDOS,2020-02-09,2020,23:10,NOCHE,DOMINGO,NUEVO,CALLE 22 CARRERA 32,URBANA,TECNICO,3.52073,-76.30351,NO APLICA,NO APLICA,NO APLICA,CHOQUE,DESOBEDECER SEÑAL,NO APLICA 2020,NO APLICA,CAMPERO,CHEVROLET,PALMIRA,PARTICULAR,NO APLICA
337,HERIDOS,2020-02-09,2020,23:10,NOCHE,DOMINGO,NUEVO,CALLE 22 CARRERA 32,URBANA,TECNICO,3.52073,-76.30351,MOTOCICLISTA,1,NO APLICA,CHOQUE,DESOBEDECER SEÑAL,NO APLICA 2020,PALMIRA,MOTO,HERO,GUACARI,PARTICULAR,NO APLICA
338,HERIDOS,2020-02-11,2020,12:30,TARDE,LUNES,SAN CAYETANO,CARRERA 24 CALLE 41,URBANA,TECNICO,3.53666,-76.29411,MOTOCICLISTA,1,NO APLICA,CHOQUE,DESOBEDECER SEÑAL,NO APLICA 2020,PALMIRA,MOTO,HONDA,GUACARI,PARTICULAR,NO APLICA
339,HERIDOS,2020-02-11,2020,12:30,TARDE,LUNES,SAN CAYETANO,CARRERA 24 CALLE 41,URBANA,TECNICO,3.53666,-76.29411,MOTOCICLISTA,1,NO APLICA,CHOQUE,DESOBEDECER SEÑAL,NO APLICA 2020,PALMIRA,MOTO,YAMAHA,PALMIRA,PARTICULAR,NO APLICA
340,HERIDOS,2020-02-11,2020,13:00,TARDE,LUNES,LA EMILIA,CALLE 36 CARRERA 36,URBANA,TECNICO,3.53392,-76.3066,MOTOCICLISTA,1,NO APLICA,CHOQUE,DESOBEDECER SEÑAL,NO APLICA 2020,RAUL,MOTO,SUZUKI,TULUA,PARTICULAR,NO APLICA
341,HERIDOS,2020-02-11,2020,13:00,TARDE,LUNES,LA EMILIA,CALLE 36 CARRERA 36,URBANA,TECNICO,3.53392,-76.3066,NO APLICA,NO APLICA,NO APLICA,CHOQUE,DESOBEDECER SEÑAL,NO APLICA 2020,NO APLICA,CAMION,FORD,RIONEGRO,PUBLICO,NO APLICA
342,DAÑOS,2020-02-11,2020,14:00,TARDE,LUNES,EL BOSQUE,CARRERA 9 CALLE 32C-08,URBANA,TECNICO,3.52823,-76.28312,NO APLICA,NO APLICA,NO APLICA,CHOQUE,INVADIR CARRIL,NO APLICA 2020,NO APLICA,CAMIONETA,CHERY,PALMIRA,PARTICULAR,NO APLICA
343,DAÑOS,2020-02-11,2020,14:00,TARDE,LUNES,EL BOSQUE,CARRERA 9 CALLE 32C-08,URBANA,TECNICO,3.52823,-76.28312,NO APLICA,NO APLICA,NO APLICA,CHOQUE,INVADIR CARRIL,NO APLICA 2020,NO APLICA,MOTO,HONDA,EL CERRITO,PARTICULAR,NO APLICA
344,DAÑOS,2020-02-11,2020,17:15,TARDE,LUNES,SANTA BARBARA,CALLE 31 CARRERA 40-65,URBANA,TECNICO,3.52964,-76.31035,NO APLICA,NO APLICA,NO APLICA,CHOQUE,NO MANTENER DISTANCIA DE SEGURIDAD,NO APLICA 2020,NO APLICA,MICROBUS,NON PLUS,PALMIRA,PUBLICO,MONTEBELLO
345,DAÑOS,2020-02-11,2020,17:15,TARDE,LUNES,SANTA BARBARA,CALLE 31 CARRERA 40-65,URBANA,TECNICO,3.52964,-76.31035,NO APLICA,NO APLICA,NO APLICA,CHOQUE,NO MANTENER DISTANCIA DE SEGURIDAD,NO APLICA 2020,NO APLICA,CAMIONETA,HYUNDAI,CALI,PARTICULAR,NO APLICA
346,HERIDOS,2020-02-11,2020,16:20,TARDE,MARTES,OBRERO,CALLE 35 CARRERA 24,URBANA,TECNICO,3.53152,-76.29496,MOTOCICLISTA,1,NO APLICA,CHOQUE,DESOBEDECER SEÑAL,NO APLICA 2020,PALMIRA,MOTO,HONDA,GINEBRA,PARTICULAR,NO APLICA
347,HERIDOS,2020-02-11,2020,18:00,NOCHE,MARTES,URIBE,CALLE 34 CARRERA 23,URBANA,TECNICO,3.53057,-76.29416,MOTOCICLISTA,1,NO APLICA,CHOQUE,DESOBEDECER SEÑAL,NO APLICA 2020,PALMIRA,MOTO,AUTECO,YUMBO,PARTICULAR,NO APLICA
348,HERIDOS,2020-02-11,2020,18:00,NOCHE,MARTES,URIBE,CALLE 34 CARRERA 23,URBANA,TECNICO,3.53057,-76.29416,MOTOCICLISTA,1,NO APLICA,CHOQUE,DESOBEDECER SEÑAL,NO APLICA 2020,PALMIRA,MOTO,AKT,CALI,PARTICULAR,NO APLICA
349,HERIDOS,2020-02-11,2020,18:00,NOCHE,MARTES,URIBE,CALLE 34 CARRERA 23,URBANA,TECNICO,3.53057,-76.29416,ACOMPAÑANTE MOTOCICLISTA,1,NO APLICA,CHOQUE,DESOBEDECER SEÑAL,NO APLICA 2020,PALMIRA,NO APLICA,NO APLICA,NO APLICA,NO APLICA,NO APLICA
350,HERIDOS,2020-02-11,2020,18:00,NOCHE,MARTES,URIBE,CALLE 34 CARRERA 23,URBANA,TECNICO,3.53057,-76.29416,ACOMPAÑANTE MOTOCICLISTA,1,NO APLICA,CHOQUE,DESOBEDECER SEÑAL,NO APLICA 2020,PALMIRA,NO APLICA,NO APLICA,NO APLICA,NO APLICA,NO APLICA
351,HERIDOS,2020-02-12,2020,09:50,MAÑANA,MARTES,NUEVO,CALLE 22 CARRERA 30-23,URBANA,TECNICO,3.52054,-76.30227,NO APLICA,NO APLICA,NO APLICA,CHOQUE,CAMBIA CON O SIN INDICACION,NO APLICA 2020,NO APLICA,MOTO,SUZUKI,PALMIRA,PARTICULAR,NO APLICA
352,HERIDOS,2020-02-12,2020,09:50,MAÑANA,MARTES,NUEVO,CALLE 22 CARRERA 30-23,URBANA,TECNICO,3.52054,-76.30227,CICLISTA,1,NO APLICA,CHOQUE,CAMBIA CON O SIN INDICACION,NO APLICA 2020,PALMIRA,BICICLETA,GIAN,NO APLICA,PARTICULAR,NO APLICA
353,DAÑOS,2020-02-12,2020,12:30,TARDE,MARTES,SANTA ISABEL,CALLE 42  CARRERAS  44-45,URBANA,TECNICO,3.53889,-76.31393,NO APLICA,NO APLICA,NO APLICA,CHOQUE,ADELANTAR POR LA DERECHA,NO APLICA 2020,NO APLICA,CAMIONETA,RENAULT,CALI,PARTICULAR,NO APLICA
354,DAÑOS,2020-02-12,2020,12:30,TARDE,MARTES,SANTA ISABEL,CALLE 42 CARRERAS  44-45,URBANA,TECNICO,3.53889,-76.31393,NO APLICA,NO APLICA,NO APLICA,CHOQUE,ADELANTAR POR LA DERECHA,NO APLICA 2020,NO APLICA,MOTO,HONDA,SABANETA,PARTICULAR,NO APLICA
355,DAÑOS,2020-02-12,2020,23:35,NOCHE,MIERCOLES,CENTRO,CALLE 28 CARRERA 32,URBANA,TECNICO,3.52582,-76.30267,NO APLICA,NO APLICA,NO APLICA,CHOQUE,SEMAFORO EN ROJO,NO APLICA 2020,NO APLICA,CAMPERO,KIA,CALI,PARTICULAR,NO APLICA
356,DAÑOS,2020-02-12,2020,23:35,NOCHE,MIERCOLES,CENTRO,CALLE 28 CARRERA 32,URBANA,TECNICO,3.52582,-76.30267,NO APLICA,NO APLICA,NO APLICA,CHOQUE,SEMAFORO EN ROJO,NO APLICA 2020,NO APLICA,AUTOMOVIL,NISSAN,PALMIRA,PARTICULAR,NO APLICA
357,DAÑOS,2020-02-13,2020,12:05,TARDE,JUEVES,NUEVO,CARRERA 31 CALLE 27,URBANA,TECNICO,3.52484,-76.30209,NO APLICA,NO APLICA,NO APLICA,CHOQUE,DESOBEDECER SEÑAL,NO APLICA 2020,NO APLICA,MOTO,HONDA,FLORIDA,PARTICULAR,NO APLICA
358,DAÑOS,2020-02-13,2020,12:05,TARDE,JUEVES,NUEVO,CARRERA 31 CALLE 27,URBANA,TECNICO,3.52484,-76.30209,NO APLICA,NO APLICA,NO APLICA,CHOQUE,DESOBEDECER SEÑAL,NO APLICA 2020,NO APLICA,AUTOMOVIL,CHEVROLET,CALI,PARTICULAR,NO APLICA
359,HERIDOS,2020-02-12,2020,16:40,TARDE,MIERCOLES,CENTRO,CALLE 28 CARRERA 33,URBANA,TECNICO,3.52592,-76.30347,MOTOCICLISTA,1,NO APLICA,CHOQUE,ARRANCAR SIN PRECAUCION,NO APLICA 2020,PALMIRA,MOTO,TVS,PALMIRA,PARTICULAR,NO APLICA
360,HERIDOS,2020-02-12,2020,16:40,TARDE,MIERCOLES,CENTRO,CALLE 28 CARRERA 33,URBANA,TECNICO,3.52592,-76.30347,NO APLICA,NO APLICA,NO APLICA,CHOQUE,ARRANCAR SIN PRECAUCION,NO APLICA 2020,NO APLICA,CAMIONETA,KIA,BOGOTA,PARTICULAR,NO APLICA
361,HERIDOS,2020-02-12,2020,16:40,TARDE,MIERCOLES,CENTRO,CALLE 28 CARRERA 33,URBANA,TECNICO,3.52592,-76.30347,ACOMPAÑANTE MOTOCICLISTA,1,NO APLICA,CHOQUE,ARRANCAR SIN PRECAUCION,NO APLICA 2020,PALMIRA,NO APLICA,NO APLICA,NO APLICA,NO APLICA,NO APLICA
362,HERIDOS,2020-02-02,2020,04:30,MADRUGADA,DOMINGO,SEMBRADOR,CARRERA 21 CALLE 17-31,URBANA,TECNICO,3.51596,-76.2934,MOTOCICLISTA,1,NO APLICA,CHOQUE,INVADIR CARRIL,NO APLICA 2020,PALMIRA,MOTO,YAMAHA,PRADERA,PARTICULAR,NO APLICA
363,HERIDOS,2020-02-02,2020,04:30,MADRUGADA,DOMINGO,SEMBRADOR,CARRERA 21 CALLE 17-31,URBANA,TECNICO,3.51596,-76.2934,MOTOCICLISTA,1,NO APLICA,CHOQUE,INVADIR CARRIL,NO APLICA 2020,PALMIRA,MOTO,KIMCO,GUACARI,PARTICULAR,NO APLICA
364,HERIDOS,2020-02-02,2020,04:30,MADRUGADA,DOMINGO,SEMBRADOR,CARRERA 21 CALLE 17-31,URBANA,TECNICO,3.51596,-76.2934,ACOMPAÑANTE MOTOCICLISTA,1,NO APLICA,CHOQUE,INVADIR CARRIL,NO APLICA 2020,PALMIRA,NO APLICA,NO APLICA,NO APLICA,NO APLICA,NO APLICA
365,HERIDOS,2020-02-09,2020,16:05,TARDE,DOMINGO,URIBE,CARRERA 23 CALLE 32,URBANA,TECNICO,3.52829,-76.29449,NO APLICA,NO APLICA,NO APLICA,CHOQUE,DESOBEDECER SEÑAL,NO APLICA 2020,NO APLICA,AUTOMOVIL,HYUNDAI,PALMIRA,PUBLICO,UNITAX
366,HERIDOS,2020-02-09,2020,16:05,TARDE,DOMINGO,URIBE,CARRERA 23 CALLE 32,URBANA,TECNICO,3.52829,-76.29449,MOTOCICLISTA,1,NO APLICA,CHOQUE,DESOBEDECER SEÑAL,NO APLICA 2020,RAUL,MOTO,KIMCO,PUERTO TEJADA,PARTICULAR,NO APLICA
367,DAÑOS,2020-02-09,2020,19:50,NOCHE,DOMINGO,VERSALLES,CALLE 42 CARRERA 30A-40,URBANA,TECNICO,3.53824,-76.29955,NO APLICA,NO APLICA,NO APLICA,CHOQUE,NO MANTENER DISTANCIA DE SEGURIDAD,NO APLICA 2020,NO APLICA,BUS,INTERNATIONAL,CALI,PUBLICO,TRANS SOTRANCE
368,DAÑOS,2020-02-09,2020,19:50,NOCHE,DOMINGO,VERSALLES,CALLE 42 CARRERA 30A-40,URBANA,TECNICO,3.53824,-76.29955,NO APLICA,NO APLICA,NO APLICA,CHOQUE,NO MANTENER DISTANCIA DE SEGURIDAD,NO APLICA 2020,NO APLICA,AUTOMOVIL,KIA,CALI,PARTICULAR,NO APLICA
369,DAÑOS,2020-02-08,2020,16:00,TARDE,SABADO,SESQUI,CARRERA 33A CALLE 10,URBANA,TECNICO,3.50924,-76.30779,NO APLICA,NO APLICA,NO APLICA,CHOQUE,NO ESTAR PENDIENTE DE LA VIA,NO APLICA 2020,NO APLICA,AUTOMOVIL,CHEVROLET,PALMIRA,PARTICULAR,NO APLICA
370,DAÑOS,2020-02-08,2020,16:00,TARDE,SABADO,SESQUI,CARRERA 33A CALLE 10,URBANA,TECNICO,3.50924,-76.30779,NO APLICA,NO APLICA,NO APLICA,CHOQUE,NO ESTAR PENDIENTE DE LA VIA,NO APLICA 2020,NO APLICA,MOTO,HONDA,FLORIDA,PARTICULAR,NO APLICA
371,HERIDOS,2020-02-14,2020,10:20,MAÑANA,VIERNES,VERSALLES,CARRERA 27 CALLE 43,URBANA,TECNICO,3.53861,-76.29607,NO APLICA,NO APLICA,NO APLICA,CHOQUE,NO RESPETAR PELACION,NO APLICA 2020,NO APLICA,AUTOMOVIL,NISSAN,PALMIRA,PARTICULAR,NO APLICA
372,HERIDOS,2020-02-14,2020,10:20,MAÑANA,VIERNES,VERSALLES,CARRERA 27 CALLE 43,URBANA,TECNICO,3.53861,-76.29607,CICLISTA,1,NO APLICA,CHOQUE,NO RESPETAR PELACION,NO APLICA 2020,PALMA,BICICLETA,NO APLICA,NO APLICA,PARTICULAR,NO APLICA
373,HERIDOS,2020-02-14,2020,11:15,MAÑANA,VIERNES,OBRERO,CALLE 35 CARRERA 24-43,URBANA,TECNICO,3.53158,-76.29517,NO APLICA,NO APLICA,NO APLICA,CHOQUE,PERDIDA DE CONTROL,NO APLICA 2020,NO APLICA,CAMIONETA,NISSAN,CALI,PARTICULAR,NO APLICA
374,HERIDOS,2020-02-14,2020,11:15,MAÑANA,VIERNES,OBRERO,CALLE 35 CARRERA 24-43,URBANA,TECNICO,3.53158,-76.29517,MOTOCICLISTA,1,NO APLICA,CHOQUE,PERDIDA DE CONTROL,NO APLICA 2020,PALMIRA,MOTO,HYUNDAI,PALMIRA,PARTICULAR,NO APLICA
375,HERIDOS,2020-02-14,2020,11:15,MAÑANA,VIERNES,OBRERO,CALLE 35 CARRERA 24-43,URBANA,TECNICO,3.53158,-76.29517,ACOMPAÑANTE CONDUCTOR,1,NO APLICA,CHOQUE,PERDIDA DE CONTROL,NO APLICA 2020,PALMIRA,NO APLICA,NO APLICA,NO APLICA,NO APLICA,NO APLICA
376,HERIDOS,2020-02-14,2020,12:10,TARDE,VIERNES,SAN PEDRO,CALLE 37 CARRERA 14-67,URBANA,TECNICO,3.53319,-76.28705,NO APLICA,NO APLICA,NO APLICA,CHOQUE,ABRIRI PUERTA,NO APLICA 2020,NO APLICA,MOTO,BAJAJ,PRADERA,PARTICULAR,NO APLICA
377,HERIDOS,2020-02-14,2020,12:10,TARDE,VIERNES,SAN PEDRO,CALLE 37 CARRERA 14-67,URBANA,TECNICO,3.53319,-76.28705,NO APLICA,NO APLICA,NO APLICA,CHOQUE,ABRIRI PUERTA,NO APLICA 2020,NO APLICA,AUTOMOVIL,MAZDA,CALI,PARTICULAR,NO APLICA
378,HERIDOS,2020-02-14,2020,12:10,TARDE,VIERNES,SAN PEDRO,CALLE 37 CARRERA 14-67,URBANA,TECNICO,3.53319,-76.28705,ACOMPAÑANTE MOTOCICLISTA,1,NO APLICA,CHOQUE,ABRIRI PUERTA,NO APLICA 2020,PALMA,NO APLICA,NO APLICA,NO APLICA,NO APLICA,NO APLICA
379,HERIDOS,2020-02-10,2020,16:00,TARDE,LUNES,INDUSTRIAL,CALLE 42 CALLE 34B,URBANA,TECNICO,3.5388,-76.3047,NO APLICA,NO APLICA,NO APLICA,CHOQUE,ADELANTAR POR LA DERECHA,NO APLICA 2020,NO APLICA,TRACTO CAMION,KENWORTH,BELLO,PUBLICO,NO APLICA
380,HERIDOS,2020-02-10,2020,16:00,TARDE,LUNES,INDUSTRIAL,CALLE 42 CALLE 34B,URBANA,TECNICO,3.5388,-76.3047,NO APLICA,NO APLICA,NO APLICA,CHOQUE,ADELANTAR POR LA DERECHA,NO APLICA 2020,NO APLICA,MOTO,AKT,PRADERA,PARTICULAR,NO APLICA
381,HERIDOS,2020-02-10,2020,16:00,TARDE,LUNES,INDUSTRIAL,CALLE 42 CALLE 34B,URBANA,TECNICO,3.5388,-76.3047,ACOMPAÑANTE MOTOCICLISTA,1,NO APLICA,CHOQUE,ADELANTAR POR LA DERECHA,NO APLICA 2020,PALMA,NO APLICA,NO APLICA,NO APLICA,NO APLICA,NO APLICA
382,HERIDOS,2020-02-13,2020,16:30,TARDE,JUEVES,ALAMEDA,CARRERA 28 CALLE 71-65,URBANA,TECNICO,3.55789,-76.29115,NO APLICA,NO APLICA,NO APLICA,CHOQUE,NO MANTENER DISTANCIA DE SEGURIDAD,NO APLICA 2020,NO APLICA,CAMPERO,SUZUKI,CALI,PARTICULAR,NO APLICA