,GRAVEDAD,FECHA,AÑO,HORA,JORNADA,DIA_SEMANA,BARRIO-CORREGIMIENTO-VIA,DIRECCION,ZONA,AUTORIDAD,LAT,LONG,CONDICION_VICTIMA,LESIONADO,HOMICIDIOS,TIPO_ACCIDENTE,HIPOTESIS,GENERO,CLINICA,CLASE_VEHICULO,MARCA,MATRICULA,TIPO DE SERVICIO,EMPRESA
383,HERIDOS,2020-02-13,2020,16:30,TARDE,JUEVES,ALAMEDA,CARRERA 28 CALLE 71-65,URBANA,TECNICO,3.55789,-76.29115,CONDUCTOR,1,NO APLICA,CHOQUE,NO MANTENER DISTANCIA DE SEGURIDAD,NO APLICA 2020,PALMIRA,AUTOMOVIL,RENAULT,CALI,PARTICULAR,NO APLICA
384,HERIDOS,2020-02-13,2020,16:30,TARDE,JUEVES,ALAMEDA,CARRERA 28 CALLE 71-65,URBANA,TECNICO,3.55789,-76.29115,NO APLICA,NO APLICA,NO APLICA,CHOQUE,NO MANTENER DISTANCIA DE SEGURIDAD,NO APLICA 2020,NO APLICA,CAMPERO,CHEVROLET,CALI,PARTICULAR,NO APLICA
385,HERIDOS,2020-02-12,2020,17:50,TARDE,MIERCOLES,FRAY LUIS AMIGO,CALLE 42 CARRERA 46,URBANA,TECNICO,3.53876,-76.31543,NO APLICA,NO APLICA,NO APLICA,CHOQUE,CRUZAR SIN OBSERVAR,NO APLICA 2020,NO APLICA,AUTOMOVIL,CHEVROLET,CALI,PARTICULAR,NO APLICA
386,HERIDOS,2020-02-12,2020,17:50,TARDE,MIERCOLES,FRAY LUIS AMIGO,CALLE 42 CARRERA 46,URBANA,TECNICO,3.53876,-76.31543,CICLISTA,1,NO APLICA,CHOQUE,CRUZAR SIN OBSERVAR,NO APLICA 2020,PALMA,BICICLETA,NO APLICA,NO APLICA,PARTICULAR,NO APLICA
387,DAÑOS,2020-02-14,2020,14:10,TARDE,VIERNES,CENTRO,CARRERA 28 CALLE 32-26,URBANA,TECNICO,3.52903,-76.29851,NO APLICA,NO APLICA,NO APLICA,CHOQUE,ARRANCAR SIN PRECAUCION,NO APLICA 2020,NO APLICA,AUTOMOVIL,KIA,CALI,PARTICULAR,NO APLICA
388,DAÑOS,2020-02-14,2020,14:10,TARDE,VIERNES,CENTRO,CARRERA 28 CALLE 32-26,URBANA,TECNICO,3.52903,-76.29851,NO APLICA,NO APLICA,NO APLICA,CHOQUE,ARRANCAR SIN PRECAUCION,NO APLICA 2020,NO APLICA,BUSETA,IVECO,PALMIRA,PARTICULAR,NO APLICA
389,HERIDOS,2020-02-16,2020,02:50,MADRUGADA,DOMINGO,CRISTALES,CALLE 44 CARRERA 2-3,URBANA,TECNICO,3.54058,-76.27958,MOTOCICLISTA,1,NO APLICA,VOLCAMIENTO,POR ESTABLECER,NO APLICA 2020,PALMA,MOTO,BAJAJ,PALMIRA,PARTICULAR,NO APLICA
390,MUERTO,2020-02-16,2020,03:20,MADRUGADA,DOMINGO,CENTRO POBLADO TABLONES,CALLE 13 B CALLEJON LAS CHUCHAS,RURAL,TECNICO,3.60151,-76.20057,MOTOCICLISTA,NO APLICA,1,VOLCAMIENTO,POR ESTABLECER,NO APLICA 2020,NO APLICA,MOTO,YAMAHA,CIRCASIA,PARTICULAR,NO APLICA
391,HERIDOS,2020-02-16,2020,03:20,MADRUGADA,DOMINGO,CENTRO POBLADO TABLONES,CALLE 13 B CALLEJON LAS CHUCHAS,RURAL,TECNICO,3.60151,-76.20057,ACOMPAÑANTE MOTOCICLISTA,1,NO APLICA,VOLCAMIENTO,POR ESTABLECER,NO APLICA 2020,RAUL,NO APLICA,NO APLICA,NO APLICA,NO APLICA,NO APLICA
392,HERIDOS,2020-02-16,2020,23:26,NOCHE,DOMINGO,TRINIDAD,CALLE 29 CARRERA 24,URBANA,TECNICO,3.52562,-76.29569,NO APLICA,NO APLICA,NO APLICA,CHOQUE,NO RESPETAR PELACION,NO APLICA 2020,NO APLICA,AUTOMOVIL,CHEVROLET,PALMIRA,PUBLICO,COOP VILLA DE LAS PALMAS
393,HERIDOS,2020-02-16,2020,23:26,NOCHE,DOMINGO,TRINIDAD,CALLE 29 CARRERA 24,URBANA,TECNICO,3.52562,-76.29569,MOTOCICLISTA,1,NO APLICA,CHOQUE,NO RESPETAR PELACION,NO APLICA 2020,PALMIRA,MOTO,YAMAHA,FLORIDA,PARTICULAR,NO APLICA
394,HERIDOS,2020-02-13,2020,14:10,TARDE,JUEVES,SANTA ISABEL,CARRERA 28 CALLE 43,URBANA,TECNICO,3.53876,-76.2971,NO APLICA,NO APLICA,NO APLICA,CHOQUE,ADELANTAR ENTRE VEHICULOS,NO APLICA 2020,NO APLICA,AUTOMOVIL,HYUNDAI,PALMIRA,PARTICULAR,NO APLICA
395,HERIDOS,2020-02-13,2020,14:10,TARDE,JUEVES,SANTA ISABEL,CARRERA 28 CALLE 43,URBANA,TECNICO,3.53876,-76.2971,MOTOCICLISTA,1,NO APLICA,CHOQUE,ADELANTAR ENTRE VEHICULOS,NO APLICA 2020,PALMA,MOTO,BAJAJ,FLORIDA,PARTICULAR,NO APLICA
396,HERIDOS,2020-02-13,2020,14:10,TARDE,JUEVES,SANTA ISABEL,CARRERA 28 CALLE 43,URBANA,TECNICO,3.53876,-76.2971,NO APLICA,NO APLICA,NO APLICA,CHOQUE,ADELANTAR ENTRE VEHICULOS,NO APLICA 2020,NO APLICA,AUTOMOVIL,KIA,PALMIRA,PUBLICO,FLOTA PALMIRA
397,DAÑOS,2020-02-13,2020,18:00,NOCHE,JUEVES,NUEVO,CARRERA 33A CALLE 22-23,URBANA,TECNICO,3.52128,-76.30501,NO APLICA,NO APLICA,NO APLICA,CHOQUE,NO MANTENER DISTANCIA DE SEGURIDAD,NO APLICA 2020,NO APLICA,AUTOMOVIL,CHEVROLET,PALMIRA,PARTICULAR,NO APLICA
398,DAÑOS,2020-02-13,2020,18:00,NOCHE,JUEVES,NUEVO,CARRERA 33A CALLE 22-23,URBANA,TECNICO,3.52128,-76.30501,NO APLICA,NO APLICA,NO APLICA,CHOQUE,NO MANTENER DISTANCIA DE SEGURIDAD,NO APLICA 2020,NO APLICA,MOTO,AKT,CALI,PARTICULAR,NO APLICA
399,HERIDOS,2020-02-16,2020,08:45,MAÑANA,DOMINGO,NUEVO,CARRERA 30 CALLE 24,URBANA,TECNICO,3.52657,-76.29557,NO APLICA,NO APLICA,NO APLICA,CHOQUE,DESOBEDECER SEÑAL,NO APLICA 2020,NO APLICA,AUTOMOVIL,HYUNDAI,PALMIRA,PUBLICO,FLOTA PALMIRA
400,HERIDOS,2020-02-16,2020,08:45,MAÑANA,DOMINGO,NUEVO,CARRERA 30 CALLE 24,URBANA,TECNICO,3.52657,-76.29557,MOTOCICLISTA,1,NO APLICA,CHOQUE,DESOBEDECER SEÑAL,NO APLICA 2020,RAUL,MOTO,UNITED,PALERMO,PARTICULAR,NO APLICA
401,HERIDOS,2020-02-15,2020,15:00,TARDE,SABADO,CENTRO,CALLE 32 CARRER26,URBANA,TECNICO,3.52844,-76.2969,MOTOCICLISTA,1,NO APLICA,CHOQUE,ARRANCAR SIN PRECAUCION,NO APLICA 2020,FRACTURAS,MOTO,SUZUKI,PALMIRA,PARTICULAR,NO APLICA
402,HERIDOS,2020-02-15,2020,15:00,TARDE,SABADO,CENTRO,CALLE 32 CARRER26,URBANA,TECNICO,3.52844,-76.2969,NO APLICA,NO APLICA,NO APLICA,CHOQUE,ARRANCAR SIN PRECAUCION,NO APLICA 2020,NO APLICA,AUTOMOVIL,RENAULT,PALMIRA,PARTICULAR,NO APLICA
403,HERIDOS,2020-02-16,2020,19:00,NOCHE,DOMINGO,SAN PEDRO,CALLE 35B CARRRA 9,URBANA,TECNICO,3.53203,-76.28208,MOTOCICLISTA,1,NO APLICA,CHOQUE,DESOBEDECER SEÑAL,NO APLICA 2020,PALMIRA,MOTO,BAJAJ,PALMIRA,PARTICULAR,NO APLICA
404,HERIDOS,2020-02-16,2020,19:00,NOCHE,DOMINGO,SAN PEDRO,CALLE 35B CARRRA 9,URBANA,TECNICO,3.53203,-76.28208,MOTOCICLISTA,1,NO APLICA,CHOQUE,DESOBEDECER SEÑAL,NO APLICA 2020,PALMIRA,MOTO,SUZUKI,MONTERIA,PARTICULAR,NO APLICA
405,DAÑOS,2020-02-18,2020,20:15,NOCHE,MARTES,SANTA TERESITA,CALLE 44 CARRERA 39-40,URBANA,TECNICO,3.54096,-76.3108,NO APLICA,NO APLICA,NO APLICA,CHOQUE,DAR MARCHA ATRÁS,NO APLICA 2020,NO APLICA,TRACTO CAMION,KENWORTH,COTA,PUBLICO,NO APLICA
406,DAÑOS,2020-02-18,2020,20:15,NOCHE,MARTES,SANTA TERESITA,CALLE 44 CARRERA 39-40,URBANA,TECNICO,3.54096,-76.3108,NO APLICA,NO APLICA,NO APLICA,CHOQUE,DAR MARCHA ATRÁS,NO APLICA 2020,NO APLICA,AUTOMOVIL,RENAULT,CALI,PARTICULAR,NO APLICA
407,HERIDOS,2020-02-16,2020,10:15,MAÑANA,DOMINGO,CENTRO POBLADO LA TORRE,CALLE 10 N 16-466,RURAL,TECNICO,3.61779,-76.41699,MOTOCICLISTA,1,NO APLICA,CHOQUE,ADELANTAR POR LA ZONA PROHIBIDA,NO APLICA 2020,PALMA,MOTO,BAJAJ,YUMBO,PARTICULAR,NO APLICA
408,HERIDOS,2020-02-16,2020,10:15,MAÑANA,DOMINGO,CENTRO POBLADO LA TORRE,CALLE 10 N 16-466,RURAL,TECNICO,3.61779,-76.41699,MOTOCICLISTA,1,NO APLICA,CHOQUE,ADELANTAR POR LA ZONA PROHIBIDA,NO APLICA 2020,RAUL,MOTO,YAMAHA,PRADERA,PARTICULAR,NO APLICA
409,HERIDOS,2020-02-17,2020,09:20,MAÑANA,LUNES,RECREO,CARRERA 24 CALLE 21,URBANA,TECNICO,3.51899,-76.29585,NO APLICA,NO APLICA,NO APLICA,CHOQUE,ARRANCAR SIN PRECAUCION,NO APLICA 2020,NO APLICA,CAMIONETA,MAZDA,ANDALUCIA,PARTICULAR,NO APLICA
410,HERIDOS,2020-02-17,2020,09:20,MAÑANA,LUNES,RECREO,CARRERA 24 CALLE 21,URBANA,TECNICO,3.51899,-76.29585,CICLISTA,1,NO APLICA,CHOQUE,ARRANCAR SIN PRECAUCION,NO APLICA 2020,PALMIRA,BICICLETA,NO APLICA,NO APLICA,PARTICULAR,NO APLICA
411,HERIDOS,2020-02-17,2020,09:20,MAÑANA,LUNES,RECREO,CARRERA 24 CALLE 21,URBANA,TECNICO,3.51899,-76.29585,ACOMPAÑANTE CICLISTA,1,NO APLICA,CHOQUE,ARRANCAR SIN PRECAUCION,NO APLICA 2020,PALMIRA,NO APLICA,NO APLICA,NO APLICA,NO APLICA,NO APLICA
412,DAÑOS,2020-02-17,2020,10:45,MAÑANA,LUNES,OBRERO,CALLE 33 CARRERA 24,URBANA,TECNICO,3.52988,-76.29517,NO APLICA,NO APLICA,NO APLICA,CHOQUE,DESOBEDECER SEÑAL,NO APLICA 2020,NO APLICA,AUTOMOVIL,CHEVROLET,GUACARI,PARTICULAR,NO APLICA
413,DAÑOS,2020-02-17,2020,10:45,MAÑANA,LUNES,OBRERO,CALLE 33 CARRERA 24,URBANA,TECNICO,3.52988,-76.29517,NO APLICA,NO APLICA,NO APLICA,CHOQUE,DESOBEDECER SEÑAL,NO APLICA 2020,NO APLICA,MOTO,SUZUKI,CARTAGO,PARTICULAR,NO APLICA
414,DAÑOS,2020-02-19,2020,06:00,MAÑANA,MIERCOLES,URIBE,CALLE 33 CARRERA 20,URBANA,TECNICO,3.52934,-76.29176,NO APLICA,NO APLICA,NO APLICA,CHOQUE,DESOBEDECER SEÑAL,NO APLICA 2020,NO APLICA,AUTOMOVIL,CHEVROLET,MANIZALES,PARTICULAR,NO APLICA
415,DAÑOS,2020-02-19,2020,06:00,MAÑANA,MIERCOLES,URIBE,CALLE 33 CARRERA 20,URBANA,TECNICO,3.52934,-76.29176,NO APLICA,NO APLICA,NO APLICA,CHOQUE,DESOBEDECER SEÑAL,NO APLICA 2020,NO APLICA,AUTOMOVIL,HYUNDAI,PALMIRA,PUBLICO,FLOTA PALMIRA
416,HERIDOS,2020-02-18,2020,14:15,TARDE,MARTES,FRAY LUIS AMIGO,CARRERA 39 CALLE 42-226,URBANA,TECNICO,3.53936,-76.30983,MOTOCICLISTA,1,NO APLICA,CHOQUE,GIRAR BRUSCAMENTE,NO APLICA 2020,PALMA,MOTO,SUZUKI,PALMIRA,PARTICULAR,NO APLICA
417,HERIDOS,2020-02-18,2020,14:15,TARDE,MARTES,FRAY LUIS AMIGO,CARRERA 39 CALLE 42-226,URBANA,TECNICO,3.53936,-76.30983,NO APLICA,NO APLICA,NO APLICA,CHOQUE,GIRAR BRUSCAMENTE,NO APLICA 2020,NO APLICA,AUTOMOVIL,HYUNDAI,PALMIRA,PARTICULAR,NO APLICA
418,HERIDOS,2020-02-18,2020,14:15,TARDE,MARTES,FRAY LUIS AMIGO,CARRERA 39 CALLE 42-226,URBANA,TECNICO,3.53936,-76.30983,ACOMPAÑANTE MOTOCICLISTA,1,NO APLICA,CHOQUE,GIRAR BRUSCAMENTE,NO APLICA 2020,PALMA,NO APLICA,NO APLICA,NO APLICA,NO APLICA,NO APLICA
419,HERIDOS,2020-02-18,2020,17:40,TARDE,MARTES,RIVERA ESCOBAR,CARRERA 35 CALLE 31-74,URBANA,TECNICO,3.52935,-76.30562,NO APLICA,NO APLICA,NO APLICA,CHOQUE,ADELANTAR EN ZONA PROHIBIDAD,NO APLICA 2020,NO APLICA,AUTOMOVIL,RENAULT,PALMIRA,PARTICULAR,NO APLICA
420,HERIDOS,2020-02-18,2020,17:40,TARDE,MARTES,RIVERA ESCOBAR,CARRERA 35 CALLE 31-74,URBANA,TECNICO,3.52935,-76.30562,NO APLICA,NO APLICA,NO APLICA,CHOQUE,ADELANTAR EN ZONA PROHIBIDAD,NO APLICA 2020,NO APLICA,MOTO,AUTECO,GUACARI,PARTICULAR,NO APLICA
421,HERIDOS,2020-02-18,2020,17:40,TARDE,MARTES,RIVERA ESCOBAR,CARRERA 35 CALLE 31-74,URBANA,TECNICO,3.52935,-76.30562,ACOMPAÑANTE MOTOCICLISTA,1,NO APLICA,CHOQUE,ADELANTAR EN ZONA PROHIBIDAD,NO APLICA 2020,PALMIRA,NO APLICA,NO APLICA,NO APLICA,NO APLICA,NO APLICA
422,HERIDOS,2020-02-18,2020,18:40,NOCHE,MARTES,SANTA RITA,CARRERA 27 CALLE 38,URBANA,TECNICO,3.53468,-76.29674,MOTOCICLISTA,1,NO APLICA,CHOQUE,DESOBEDECER SEÑAL,NO APLICA 2020,PALMIRA,MOTO,YAMAHA,EL CERRITO,PARTICULAR,NO APLICA
423,HERIDOS,2020-02-18,2020,18:40,NOCHE,MARTES,SANTA RITA,CARRERA 27 CALLE 38,URBANA,TECNICO,3.53468,-76.29674,MOTOCICLISTA,1,NO APLICA,CHOQUE,DESOBEDECER SEÑAL,NO APLICA 2020,PALMIRA,MOTO,HONDA,GUACARI,PARTICULAR,NO APLICA
424,HERIDOS,2020-02-18,2020,18:40,NOCHE,MARTES,SANTA RITA,CARRERA 27 CALLE 38,URBANA,TECNICO,3.53468,-76.29674,ACOMPAÑANTE MOTOCICLISTA,1,NO APLICA,CHOQUE,DESOBEDECER SEÑAL,NO APLICA 2020,PALMIRA,NO APLICA,NO APLICA,NO APLICA,NO APLICA,NO APLICA
425,HERIDOS,2020-02-17,2020,10:00,MAÑANA,LUNES,NUEVO,CARRERA 31 CALLE 27,URBANA,TECNICO,3.52485,-76.30209,CONDUCTOR,1,NO APLICA,CHOQUE,DESOBEDECER SEÑAL,NO APLICA 2020,PALMIRA,AUTOMOVIL,HYUNDAI,PALMIRA,PUBLICO,FLOTA PALMIRA
426,HERIDOS,2020-02-17,2020,10:00,MAÑANA,LUNES,NUEVO,CARRERA 31 CALLE 27,URBANA,TECNICO,3.52485,-76.30209,MOTOCICLISTA,1,NO APLICA,CHOQUE,DESOBEDECER SEÑAL,NO APLICA 2020,PALMIRA,MOTO,YAMAHA,PRADERA,PARTICULAR,NO APLICA
427,DAÑOS,2020-02-17,2020,09:30,MAÑANA,LUNES,CENTRO,CARRERA 29 CALLE 31-86,URBANA,TECNICO,3.52845,-76.29957,NO APLICA,NO APLICA,NO APLICA,CHOQUE,ADELANTAR EN ZIGZAG,NO APLICA 2020,NO APLICA,AUTOMOVIL,FIAT,CALI,PARTICULAR,NO APLICA
428,DAÑOS,2020-02-17,2020,09:30,MAÑANA,LUNES,CENTRO,CARRERA 29 CALLE 31-86,URBANA,TECNICO,3.52845,-76.29957,NO APLICA,NO APLICA,NO APLICA,CHOQUE,ADELANTAR EN ZIGZAG,NO APLICA 2020,NO APLICA,MOTO,SUZUKI,DOSQUEBRADAS,PARTICULAR,NO APLICA
429,HERIDOS,2020-02-18,2020,06:00,MAÑANA,MARTES,URIBE,CALLE 33 CARRERA 23,URBANA,TECNICO,3.5297,-76.29426,NO APLICA,NO APLICA,NO APLICA,CHOQUE,DESOBEDECER SEÑAL,NO APLICA 2020,NO APLICA,AUTOMOVIL,HYUNDAI,CALI,PARTICULAR,NO APLICA
430,HERIDOS,2020-02-18,2020,06:00,MAÑANA,MARTES,URIBE,CALLE 33 CARRERA 23,URBANA,TECNICO,3.5297,-76.29426,CICLISTA,1,NO APLICA,CHOQUE,DESOBEDECER SEÑAL,NO APLICA 2020,PALMA,BICICLETA,NO APLICA,NO APLICA,PARTICULAR,NO APLICA
431,HERIDOS,2020-02-19,2020,05:30,MADRUGADA,MIERCOLES,SAN PEDRO,CALLE 35 CARRERA 17 -57,URBANA,TECNICO,3.53111,-76.28919,MOTOCICLISTA,1,NO APLICA,OTRO,CABLE EN SUELO,NO APLICA 2020,RAUL,MOTO,SUZUKI,PALMIRA,PARTICULAR,NO APLICA
432,HERIDOS,2020-02-17,2020,14:00,TARDE,LUNES,FATIMA,CARRERA 11 CALLE 27A,URBANA,TECNICO,3.52314,-76.28553,NO APLICA,NO APLICA,NO APLICA,CHOQUE,POR ESTABLECER,NO APLICA 2020,NO APLICA,MOTO,BAJAJ,PRADERA,PARTICULAR,NO APLICA
433,HERIDOS,2020-02-17,2020,14:00,TARDE,LUNES,FATIMA,CARRERA 11 CALLE 27A,URBANA,TECNICO,3.52314,-76.28553,MOTOCICLISTA,1,NO APLICA,CHOQUE,POR ESTABLECER,NO APLICA 2020,PALMA,MOTO,HONDA,PALMIRA,PARTICULAR,NO APLICA
434,HERIDOS,2020-02-17,2020,14:45,TARDE,LUNES,NUEVO,CARRERA 30 CALLE 26,URBANA,TECNICO,3.52382,-76.30133,MOTOCICLISTA,1,NO APLICA,CHOQUE,DESOBEDECER SEÑAL,NO APLICA 2020,PALMIRA,MOTO,YAMAHA,PRADERA,PARTICULAR,NO APLICA
435,HERIDOS,2020-02-17,2020,14:45,TARDE,LUNES,NUEVO,CARRERA 30 CALLE 26,URBANA,TECNICO,3.52382,-76.30133,NO APLICA,NO APLICA,NO APLICA,CHOQUE,DESOBEDECER SEÑAL,NO APLICA 2020,NO APLICA,MOTO,YAMAHA,GUACARI,PARTICULAR,NO APLICA
436,HERIDOS,2020-02-19,2020,08:20,MAÑANA,MIERCOLES,VIA PALMIRA AGUACLARA LA BUITRERA,KM 4,RURAL,TECNICO,3.50632,-76.22691,NO APLICA,NO APLICA,NO APLICA,CHOQUE,NO MANTENER DISTANCIA DE SEGURIDAD,NO APLICA 2020,NO APLICA,CAMIONETA,NISSAN,BOGOTA,PARTICULAR,NO APLICA
437,HERIDOS,2020-02-19,2020,08:20,MAÑANA,MIERCOLES,VIA PALMIRA AGUACLARA LA BUITRERA,KM 4,RURAL,TECNICO,3.50632,-76.22691,MOTOCICLISTA,1,NO APLICA,CHOQUE,NO MANTENER DISTANCIA DE SEGURIDAD,NO APLICA 2020,RAUL,MOTO,YAMAHA,CHOCO,PARTICULAR,NO APLICA
438,DAÑOS,2020-02-19,2020,12:10,TARDE,MIERCOLES,LOPEZ,CARRERA 289 CALLE 38-07,URBANA,TECNICO,3.53542,-76.29848,NO APLICA,NO APLICA,NO APLICA,CHOQUE,REVERSO IMPRUDENTE,NO APLICA 2020,NO APLICA,CAMIONETA,SUZUKI,PALMIRA,PARTICULAR,NO APLICA
439,DAÑOS,2020-02-19,2020,12:10,TARDE,MIERCOLES,LOPEZ,CARRERA 289 CALLE 38-07,URBANA,TECNICO,3.53542,-76.29848,NO APLICA,NO APLICA,NO APLICA,CHOQUE,REVERSO IMPRUDENTE,NO APLICA 2020,NO APLICA,AUTOMOVIL,CHEVROLET,CALI,PARTICULAR,NO APLICA
440,HERIDOS,2020-02-18,2020,07:20,MAÑANA,MARTES,LAS FLORES,CARRERA 1 CALLE 30,URBANA,TECNICO,3.52117,-76.27805,MOTOCICLISTA,1,NO APLICA,CHOQUE,GIRAR BRUSCAMENTE,NO APLICA 2020,PALMIRA,MOTO,BAJAJ,PUERTO TEJADA,PARTICULAR,NO APLICA
441,HERIDOS,2020-02-18,2020,07:20,MAÑANA,MARTES,LAS FLORES,CARRERA 1 CALLE 30,URBANA,TECNICO,3.52117,-76.27805,MOTOCICLISTA,1,NO APLICA,CHOQUE,GIRAR BRUSCAMENTE,NO APLICA 2020,PALMIRA,MOTO,HERO,FLORIDA,PARTICULAR,NO APLICA
442,HERIDOS,2020-02-20,2020,13:10,TARDE,JUEVES,OLIMPICO,CALLE 26 CARRERA 39,URBANA,TECNICO,3.52514,-76.31007,MOTOCICLISTA,1,NO APLICA,CHOQUE,NO ESTAR PENDIENTE DE LA VIA,NO APLICA 2020,PALMIRA,MOTO,HERO,FLORIDA,PARTICULAR,NO APLICA
443,HERIDOS,2020-02-20,2020,13:10,TARDE,JUEVES,OLIMPICO,CALLE 26 CARRERA 39,URBANA,TECNICO,3.52514,-76.31007,MOTOCICLISTA,1,NO APLICA,CHOQUE,NO ESTAR PENDIENTE DE LA VIA,NO APLICA 2020,PALMIRA,MOTO,AKT,PRADERA,PARTICULAR,NO APLICA
444,HERIDOS,2020-02-20,2020,13:10,TARDE,JUEVES,OLIMPICO,CALLE 26 CARRERA 39,URBANA,TECNICO,3.52514,-76.31007,ACOMPAÑANTE MOTOCICLISTA,1,NO APLICA,CHOQUE,NO ESTAR PENDIENTE DE LA VIA,NO APLICA 2020,PALMIRA,NO APLICA,NO APLICA,NO APLICA,NO APLICA,NO APLICA
445,HERIDOS,2020-02-20,2020,15:30,TARDE,JUEVES,CORONADO,TRANSVERSAL 30 CALLE 51,URBANA,TECNICO,3.54449,-76.31108,NO APLICA,NO APLICA,NO APLICA,CHOQUE,GIRAR BRUSCAMENTE,NO APLICA 2020,NO APLICA,AUTOMOVIL,CHEVROLET,PALMIRA,PARTICULAR,NO APLICA
446,HERIDOS,2020-02-20,2020,15:30,TARDE,JUEVES,CORONADO,TRANSVERSAL 30 CALLE 51,URBANA,TECNICO,3.54449,-76.31108,CICLISTA,1,NO APLICA,CHOQUE,GIRAR BRUSCAMENTE,NO APLICA 2020,PALMIRA,BICICLETA,NO APLICA,NO APLICA,PARTICULAR,NO APLICA
447,HERIDOS,2020-02-20,2020,15:30,TARDE,JUEVES,CORONADO,TRANSVERSAL 30 CALLE 51,URBANA,TECNICO,3.54449,-76.31108,ACOMPAÑANTE CICLISTA,1,NO APLICA,CHOQUE,GIRAR BRUSCAMENTE,NO APLICA 2020,PALMIRA,NO APLICA,NO APLICA,NO APLICA,NO APLICA,NO APLICA
448,HERIDOS,2020-02-20,2020,18:30,NOCHE,JUEVES,INDUSTRIAL,CALLE 42 CARRERA 35,URBANA,TECNICO,3.53874,-76.30605,MOTOCICLISTA,1,NO APLICA,CHOQUE,NO RESPETAR PELACION,NO APLICA 2020,PALMA,MOTO,AKT,PRADERA,PARTICULAR,NO APLICA
449,HERIDOS,2020-02-20,2020,18:30,NOCHE,JUEVES,INDUSTRIAL,CALLE 42 CARRERA 35,URBANA,TECNICO,3.53874,-76.30605,NO APLICA,NO APLICA,NO APLICA,CHOQUE,NO RESPETAR PELACION,NO APLICA 2020,NO APLICA,MOTO,AKT,BUGA,PARTICULAR,NO APLICA
450,HERIDOS,2020-02-20,2020,19:50,NOCHE,JUEVES,EL MUNICIPAL,CALLE 31 CARRERA 1-112,URBANA,TECNICO,3.52511,-76.27835,MOTOCICLISTA,1,NO APLICA,CHOQUE,ADELANTAR INVADIENDO CARRIL,NO APLICA 2020,PALMA,MOTO,BAJAJ,PALMIRA,PARTICULAR,NO APLICA
451,HERIDOS,2020-02-20,2020,19:50,NOCHE,JUEVES,EL MUNICIPAL,CALLE 31 CARRERA 1-112,URBANA,TECNICO,3.52511,-76.27835,MOTOCICLISTA,1,NO APLICA,CHOQUE,ADELANTAR INVADIENDO CARRIL,NO APLICA 2020,PALMA,MOTO,SUZUKI,PEREIRA,PARTICULAR,NO APLICA
452,DAÑOS,2020-02-20,2020,18:25,NOCHE,JUEVES,INDUSTRIAL,CALLE 42 CARRERA 35,URBANA,TECNICO,3.53912,-76.3069,NO APLICA,NO APLICA,NO APLICA,CHOQUE,NO MANTENER DISTANCIA DE SEGURIDAD,NO APLICA 2020,NO APLICA,AUTOMOVIL,KIA,CALI,PARTICULAR,NO APLICA
453,DAÑOS,2020-02-20,2020,18:25,NOCHE,JUEVES,INDUSTRIAL,CALLE 42 CARRERA 35,URBANA,TECNICO,3.53912,-76.3069,NO APLICA,NO APLICA,NO APLICA,CHOQUE,NO MANTENER DISTANCIA DE SEGURIDAD,NO APLICA 2020,NO APLICA,AUTOMOVIL,MAZDA,PRADERA,PARTICULAR,NO APLICA
454,DAÑOS,2020-02-20,2020,18:25,NOCHE,JUEVES,INDUSTRIAL,CALLE 42 CARRERA 35,URBANA,TECNICO,3.53912,-76.3069,NO APLICA,NO APLICA,NO APLICA,CHOQUE,NO MANTENER DISTANCIA DE SEGURIDAD,NO APLICA 2020,NO APLICA,AUTOMOVIL,MITSUBISHI,PALMIRA,PARTICULAR,NO APLICA
455,HERIDOS,2020-02-21,2020,16:40,TARDE,VIERNES,INDUSTRIAL,CALLE 42 CARRERA 35-00,URBANA,TECNICO,3.53907,-76.30816,NO APLICA,NO APLICA,NO APLICA,CHOQUE,ADELANTAMIENTO INDEBIDO,NO APLICA 2020,NO APLICA,AUTOMOVIL,HYUNDAI,CALI,PARTICULAR,NO APLICA
456,HERIDOS,2020-02-21,2020,16:40,TARDE,VIERNES,INDUSTRIAL,CALLE 42 CARRERA 35-00,URBANA,TECNICO,3.53907,-76.30816,MOTOCICLISTA,1,NO APLICA,CHOQUE,ADELANTAMIENTO INDEBIDO,NO APLICA 2020,PALMIRA,MOTO,AKT,PRADERA,PARTICULAR,NO APLICA
457,HERIDOS,2020-02-21,2020,16:40,TARDE,VIERNES,INDUSTRIAL,CALLE 42 CARRERA 35-00,URBANA,TECNICO,3.53907,-76.30816,ACOMPAÑANTE MOTOCICLISTA,1,NO APLICA,CHOQUE,ADELANTAMIENTO INDEBIDO,NO APLICA 2020,PALMIRA,NO APLICA,NO APLICA,NO APLICA,NO APLICA,NO APLICA
458,DAÑOS,2020-02-21,2020,16:15,TARDE,VIERNES,ZAMORANO,CARRERA 28 CALLE 69-67,URBANA,TECNICO,3.55542,-76.29201,NO APLICA,NO APLICA,NO APLICA,CHOQUE,ARRANCAR SIN PRECAUCION,NO APLICA 2020,NO APLICA,CAMIONETA,KIA,CALI,PARTICULAR,NO APLICA
459,DAÑOS,2020-02-21,2020,16:15,TARDE,VIERNES,ZAMORANO,CARRERA 28 CALLE 69-67,URBANA,TECNICO,3.55542,-76.29201,NO APLICA,NO APLICA,NO APLICA,CHOQUE,ARRANCAR SIN PRECAUCION,NO APLICA 2020,NO APLICA,BUSETA,CHEVROLET,EL CERRITO,PUBLICO,COODETRANS PALMIRA