,GRAVEDAD,FECHA,AÑO,HORA,JORNADA,DIA_SEMANA,BARRIO-CORREGIMIENTO-VIA,DIRECCION,ZONA,AUTORIDAD,LAT,LONG,CONDICION_VICTIMA,LESIONADO,HOMICIDIOS,TIPO_ACCIDENTE,HIPOTESIS,GENERO,CLINICA,CLASE_VEHICULO,MARCA,MATRICULA,TIPO DE SERVICIO,EMPRESA
460,HERIDOS,2020-02-22,2020,07:45,MAÑANA,SABADO,SESQUI,CARRERA 32 CALLE 10,URBANA,TECNICO,3.50939,-76.30795,MOTOCICLISTA,1,NO APLICA,CHOQUE,POR ESTABLECER,NO APLICA 2020,PALMIRA,MOTO,HONDA,PRADERA,PARTICULAR,NO APLICA
461,HERIDOS,2020-02-22,2020,07:45,MAÑANA,SABADO,SESQUI,CARRERA 32 CALLE 10,URBANA,TECNICO,3.50939,-76.30795,CICLISTA,1,NO APLICA,CHOQUE,POR ESTABLECER,NO APLICA 2020,PALMIRA,BICICLETA,NO APLICA,NO APLICA,PARTICULAR,NO APLICA
462,HERIDOS,2020-02-22,2020,09:40,MAÑANA,SABADO,SANTA TERESITA,CALLE 47 CARRERA 35-02,URBANA,TECNICO,3.54259,-76.3077,NO APLICA,NO APLICA,NO APLICA,CHOQUE,IMPERICIA EN EL MANEJO,NO APLICA 2020,NO APLICA,CAMIONETA,MAZDA,CALI,PARTICULAR,NO APLICA
463,HERIDOS,2020-02-22,2020,09:40,MAÑANA,SABADO,SANTA TERESITA,CALLE 47 CARRERA 35-02,URBANA,TECNICO,3.54259,-76.3077,NO APLICA,NO APLICA,NO APLICA,CHOQUE,IMPERICIA EN EL MANEJO,NO APLICA 2020,NO APLICA,MOTO,SUZUKI,PALMIRA,PARTICULAR,NO APLICA
464,HERIDOS,2020-02-22,2020,09:40,MAÑANA,SABADO,SANTA TERESITA,CALLE 47 CARRERA 35-02,URBANA,TECNICO,3.54259,-76.3077,MOTOCICLISTA,1,NO APLICA,CHOQUE,IMPERICIA EN EL MANEJO,NO APLICA 2020,PALMA,MOTO,KAWASAKI,PALMIRA,PARTICULAR,NO APLICA
465,HERIDOS,2020-02-22,2020,12:35,TARDE,SABADO,CAICELANDIA,CARRERA 11 CALLE 28,URBANA,TECNICO,3.52373,-76.28536,NO APLICA,NO APLICA,NO APLICA,CHOQUE,ADELANTAMIENTO INDEBIDO,NO APLICA 2020,NO APLICA,AUTOMOVIL,RENAULT,PALMIRA,PARTICULAR,NO APLICA
466,HERIDOS,2020-02-22,2020,12:35,TARDE,SABADO,CAICELANDIA,CARRERA 11 CALLE 28,URBANA,TECNICO,3.52373,-76.28536,MOTOCICLISTA,1,NO APLICA,CHOQUE,ADELANTAMIENTO INDEBIDO,NO APLICA 2020,PALMIRA,MOTO,HONDA,FLORIDA,PARTICULAR,NO APLICA
467,MUERTO,2020-02-23,2020,08:35,MAÑANA,DOMINGO,VIA CORONADO ROZO,120MTS HACIENDA OMITA 1,RURAL,TECNICO,3.56432,-76.31021,NO APLICA,NO APLICA,NO APLICA,CHOQUE,INVADIR CARRIL,NO APLICA 2020,NO APLICA,CAMIONETA,CHEVROLET,CALI,PARTICULAR,NO APLICA
468,HERIDOS,2020-02-23,2020,08:35,MAÑANA,DOMINGO,VIA CORONADO ROZO,120MTS HACIENDA OMITA 1,RURAL,TECNICO,3.56432,-76.31021,MOTOCICLISTA,NO APLICA,1,CHOQUE,INVADIR CARRIL,NO APLICA 2020,NO APLICA,MOTO,HONDA,BUGA,PARTICULAR,NO APLICA
469,HERIDOS,2020-02-23,2020,08:35,MAÑANA,DOMINGO,VIA CORONADO ROZO,120MTS HACIENDA OMITA 1,RURAL,TECNICO,3.56432,-76.31021,ACOMPAÑANTE MOTOCICLISTA,1,NO APLICA,CHOQUE,INVADIR CARRIL,NO APLICA 2020,PALMA,NO APLICA,NO APLICA,NO APLICA,NO APLICA,NO APLICA
470,HERIDOS,2020-02-23,2020,12:00,TARDE,DOMINGO,INDUSTRIAL,CARRERA 35 CALLE 42 -43,URBANA,TECNICO,3.53988,-76.30685,NO APLICA,NO APLICA,NO APLICA,CHOQUE,ADELANTAR POR LA DERECHA,NO APLICA 2020,NO APLICA,AUTOMOVIL,RENAULT,CALI,PARTICULAR,NO APLICA
471,HERIDOS,2020-02-23,2020,12:00,TARDE,DOMINGO,INDUSTRIAL,CARRERA 35 CALLE 42 -43,URBANA,TECNICO,3.53988,-76.30685,MOTOCICLISTA,1,NO APLICA,CHOQUE,ADELANTAR POR LA DERECHA,NO APLICA 2020,FRACTURAS,MOTO,SUZUKI,PEREIRA,PARTICULAR,NO APLICA
472,HERIDOS,2020-02-23,2020,12:00,TARDE,DOMINGO,INDUSTRIAL,CARRERA 35 CALLE 42 -43,URBANA,TECNICO,3.53988,-76.30685,ACOMPAÑANTE MOTOCICLISTA,1,NO APLICA,CHOQUE,ADELANTAR POR LA DERECHA,NO APLICA 2020,FRACTURAS,NO APLICA,NO APLICA,NO APLICA,NO APLICA,NO APLICA
473,HERIDOS,2020-02-22,2020,17:20,TARDE,SABADO,NUEVO,CARRERA 32 CALLE 18,URBANA,TECNICO,3.5173,-76.30439,NO APLICA,NO APLICA,NO APLICA,CHOQUE,NO RESPETAR PELACION,NO APLICA 2020,NO APLICA,MOTO,SUZUKI,PALMIRA,PARTICULAR,NO APLICA
474,HERIDOS,2020-02-22,2020,17:20,TARDE,SABADO,NUEVO,CARRERA 32 CALLE 18,URBANA,TECNICO,3.5173,-76.30439,MOTOCICLISTA,1,NO APLICA,CHOQUE,NO RESPETAR PELACION,NO APLICA 2020,FRACTURAS,MOTO,SUZUKI,DOSQUEBRADAS,PARTICULAR,NO APLICA
475,HERIDOS,2020-02-24,2020,17:20,TARDE,LUNES,TREBOL,CARRERA 23 CALLE 27,URBANA,TECNICO,3.52387,-76.29506,NO APLICA,NO APLICA,NO APLICA,CHOQUE,DESOBEDECER SEÑAL,NO APLICA 2020,NO APLICA,MICROBUS,CHEVROLET,PUERTO TEJADA,PUBLICO,EXP PRADERA
476,HERIDOS,2020-02-24,2020,17:20,TARDE,LUNES,TREBOL,CARRERA 23 CALLE 27,URBANA,TECNICO,3.52387,-76.29506,MOTOCICLISTA,1,NO APLICA,CHOQUE,DESOBEDECER SEÑAL,NO APLICA 2020,PALMIRA,MOTO,AKT,BOGOTA,PARTICULAR,NO APLICA
477,HERIDOS,2020-02-24,2020,17:20,TARDE,LUNES,TREBOL,CARRERA 23 CALLE 27,URBANA,TECNICO,3.52387,-76.29506,ACOMPAÑANTE MOTOCICLISTA,1,NO APLICA,CHOQUE,DESOBEDECER SEÑAL,NO APLICA 2020,PALMIRA,NO APLICA,NO APLICA,NO APLICA,NO APLICA,NO APLICA
478,DAÑOS,2020-02-24,2020,10:20,MAÑANA,LUNES,CENTRO,CALLE 29 CARRERA 23,URBANA,TECNICO,3.52551,-76.29489,NO APLICA,NO APLICA,NO APLICA,CHOQUE,VEHICULO ESTACIONADO,NO APLICA 2020,NO APLICA,BUSETA,NON PLUS,GUACARI,PUBLICO,COODETRANS PALMIRA
479,DAÑOS,2020-02-24,2020,10:20,MAÑANA,LUNES,CENTRO,CALLE 29 CARRERA 23,URBANA,TECNICO,3.52551,-76.29489,NO APLICA,NO APLICA,NO APLICA,CHOQUE,VEHICULO ESTACIONADO,NO APLICA 2020,NO APLICA,CAMION,IVECO,PRADERA,PARTICULAR,NO APLICA
480,HERIDOS,2020-02-23,2020,04:30,MADRUGADA,DOMINGO,MIRRIÑAO,CALLE 64 CARRERA 34B,URBANA,TECNICO,3.55928,-76.3011,NO APLICA,NO APLICA,NO APLICA,CHOQUE,ADELANTAR INTERSECCION,NO APLICA 2020,NO APLICA,AUTOMOVIL,CHEVROLET,CALI,PARTICULAR,NO APLICA
481,HERIDOS,2020-02-23,2020,04:30,MADRUGADA,DOMINGO,MIRRIÑAO,CALLE 64 CARRERA 34B,URBANA,TECNICO,3.55928,-76.3011,MOTOCICLISTA,1,NO APLICA,CHOQUE,ADELANTAR INTERSECCION,NO APLICA 2020,PALMA,MOTO,BAJAJ,PALMIRA,PARTICULAR,NO APLICA
482,DAÑOS,2020-02-23,2020,23:10,NOCHE,DOMINGO,CENTRO,CARRERA 27 CALLES 32A-33,URBANA,TECNICO,3.52969,-76.29751,NO APLICA,NO APLICA,NO APLICA,CHOQUE,NO MANTENER DISTANCIA DE SEGURIDAD,NO APLICA 2020,NO APLICA,CAMPERO,RENAULT,PALMIRA,PARTICULAR,NO APLICA
483,DAÑOS,2020-02-23,2020,23:10,NOCHE,DOMINGO,CENTRO,CARRERA 27 CALLES 32A-33,URBANA,TECNICO,3.52969,-76.29751,NO APLICA,NO APLICA,NO APLICA,CHOQUE,NO MANTENER DISTANCIA DE SEGURIDAD,NO APLICA 2020,NO APLICA,AUTOMOVIL,MAZDA,CALI,PARTICULAR,NO APLICA
484,DAÑOS,2020-02-25,2020,10:50,MAÑANA,MARTES,INDUSTRIAL,CALLE 42 CARRRA 34A,URBANA,TECNICO,3.53875,-76.30407,NO APLICA,NO APLICA,NO APLICA,CHOQUE,REVERSO IMPRUDENTE,NO APLICA 2020,NO APLICA,CAMIONETA,RENAULT,PALMIRA,PARTICULAR,NO APLICA
485,DAÑOS,2020-02-25,2020,10:50,MAÑANA,MARTES,INDUSTRIAL,CALLE 42 CARRRA 34A,URBANA,TECNICO,3.53875,-76.30407,NO APLICA,NO APLICA,NO APLICA,CHOQUE,REVERSO IMPRUDENTE,NO APLICA 2020,NO APLICA,CAMIONETA,KIA,GUACARI,PARTICULAR,NO APLICA
486,DAÑOS,2020-02-24,2020,18:00,NOCHE,LUNES,BOSQUE,CALLE 32 CALLE 31,URBANA,TECNICO,3.52549,-76.28076,NO APLICA,NO APLICA,NO APLICA,CHOQUE,NO MANTENER DISTANCIA DE SEGURIDAD,NO APLICA 2020,NO APLICA,CAMIONETA,KIA,PALMIRA,PARTICULAR,NO APLICA
487,DAÑOS,2020-02-24,2020,18:00,NOCHE,LUNES,BOSQUE,CALLE 32 CALLE 31,URBANA,TECNICO,3.52549,-76.28076,NO APLICA,NO APLICA,NO APLICA,CHOQUE,NO MANTENER DISTANCIA DE SEGURIDAD,NO APLICA 2020,NO APLICA,AUTOMOVIL,NISSAN,CALI,PARTICULAR,NO APLICA
488,HERIDOS,2020-02-24,2020,18:50,NOCHE,LUNES,ZAMORANO,CALLE 65CARRERA 28,URBANA,TECNICO,3.55187,-76.29374,NO APLICA,NO APLICA,NO APLICA,CHOQUE,SEMAFORO EN ROJO,NO APLICA 2020,NO APLICA,CAMPERO,HYUNDAI,PAIPA,PARTICULAR,NO APLICA
489,HERIDOS,2020-02-24,2020,18:50,NOCHE,LUNES,ZAMORANO,CALLE 65CARRERA 28,URBANA,TECNICO,3.55187,-76.29374,CICLISTA,1,NO APLICA,CHOQUE,SEMAFORO EN ROJO,NO APLICA 2020,PALMA,BICICLETA,NO APLICA,NO APLICA,PARTICULAR,NO APLICA
490,HERIDOS,2020-02-25,2020,17:10,TARDE,MARTES,CHAPINERO,DIAGONAL 30 CALLE 16,URBANA,TECNICO,3.51508,-76.30257,MOTOCICLISTA,1,NO APLICA,CHOQUE,ADELANTAR EN ZONA PROHIBIDAD,NO APLICA 2020,PALMIRA,MOTO,BAJAJ,PALMIRA,PARTICULAR,NO APLICA
491,HERIDOS,2020-02-25,2020,17:10,TARDE,MARTES,CHAPINERO,DIAGONAL 30 CALLE 16,URBANA,TECNICO,3.51508,-76.30257,NO APLICA,NO APLICA,NO APLICA,CHOQUE,ADELANTAR EN ZONA PROHIBIDAD,NO APLICA 2020,NO APLICA,BUSETA,IVECO,PALMIRA,PUBLICO,PALMIRANA
492,HERIDOS,2020-02-25,2020,12:40,TARDE,MARTES,CIUDAD DEL CAMPO,CALLE 95 CARRERA 34,RURAL,TECNICO,3.46089,-76.46505,MOTOCICLISTA,1,NO APLICA,CHOQUE,POR ESTABLECER,NO APLICA 2020,CRISTO REY,MOTO,AKT,PRADERA,PARTICULAR,NO APLICA
493,HERIDOS,2020-02-25,2020,12:40,TARDE,MARTES,CIUDAD DEL CAMPO,CALLE 95 CARRERA 34,RURAL,TECNICO,3.46089,-76.46505,NO APLICA,NO APLICA,NO APLICA,CHOQUE,POR ESTABLECER,NO APLICA 2020,NO APLICA,AUTOMOVIL,RENAULT,CALI,PARTICULAR,NO APLICA
494,HERIDOS,2020-02-25,2020,12:10,TARDE,MARTES,LAS MERCEDES,CALLE 57 CARRERA 26,URBANA,TECNICO,3.54815,-76.29093,NO APLICA,NO APLICA,NO APLICA,CHOQUE,POR ESTABLECER,NO APLICA 2020,NO APLICA,CAMIONETA,DODGE,CALI,PARTICULAR,NO APLICA
495,HERIDOS,2020-02-25,2020,12:10,TARDE,MARTES,LAS MERCEDES,CALLE 57 CARRERA 26,URBANA,TECNICO,3.54815,-76.29093,MOTOCICLISTA,1,NO APLICA,CHOQUE,POR ESTABLECER,NO APLICA 2020,PALMIRA,MOTO,YAMAHA,ROLDANILLO,PARTICULAR,NO APLICA
496,HERIDOS,2020-02-25,2020,12:10,TARDE,MARTES,LAS MERCEDES,CALLE 57 CARRERA 26,URBANA,TECNICO,3.54815,-76.29093,ACOMPAÑANTE MOTOCICLISTA,1,NO APLICA,CHOQUE,POR ESTABLECER,NO APLICA 2020,PALMIRA,NO APLICA,NO APLICA,NO APLICA,NO APLICA,NO APLICA
497,DAÑOS,2020-02-25,2020,08:40,MAÑANA,MARTES,CENTRO,CALLE 32 CARRERA 27-46,URBANA,TECNICO,3.52867,-76.29799,NO APLICA,NO APLICA,NO APLICA,CHOQUE,REVERSO IMPRUDENTE,NO APLICA 2020,NO APLICA,AUTOMOVIL,HYUNDAI,PALMIRA,PUBLICO,FLOTA PALMIRA
498,DAÑOS,2020-02-25,2020,08:40,MAÑANA,MARTES,CENTRO,CALLE 32 CARRERA 27-46,URBANA,TECNICO,3.52867,-76.29799,NO APLICA,NO APLICA,NO APLICA,CHOQUE,REVERSO IMPRUDENTE,NO APLICA 2020,NO APLICA,AUTOMOVIL,CHEVROLET,CALI,PARTICULAR,NO APLICA
499,DAÑOS,2020-02-25,2020,09:30,MAÑANA,MARTES,CORONADO,CARRERA 35 CALLE 57B-03,URBANA,TECNICO,3.54804,-76.30988,NO APLICA,NO APLICA,NO APLICA,CHOQUE,NO MANTENER DISTANCIA DE SEGURIDAD,NO APLICA 2020,NO APLICA,AUTOMOVIL,CHEVROLET,PALMIRA,PARTICULAR,NO APLICA
500,DAÑOS,2020-02-25,2020,09:30,MAÑANA,MARTES,CORONADO,CARRERA 35 CALLE 57B-03,URBANA,TECNICO,3.54804,-76.30988,NO APLICA,NO APLICA,NO APLICA,CHOQUE,NO MANTENER DISTANCIA DE SEGURIDAD,NO APLICA 2020,NO APLICA,MOTO,HERO,FLORIDA,PARTICULAR,NO APLICA
501,HERIDOS,2020-02-26,2020,06:45,MAÑANA,MIERCOLES,CORONADO,TRASVERSAL 39 CALLE 53,URBANA,TECNICO,3.54557,-76.31149,MOTOCICLISTA,1,NO APLICA,ATROPELLO,NO RESPETAR PELACION,NO APLICA 2020,PALMA,MOTO,HONDA,TULUA,PARTICULAR,NO APLICA
502,HERIDOS,2020-02-26,2020,06:45,MAÑANA,MIERCOLES,CORONADO,TRASVERSAL 39 CALLE 53,URBANA,TECNICO,3.54557,-76.31149,PEATON,1,NO APLICA,ATROPELLO,NO RESPETAR PELACION,NO APLICA 2020,PALMA,NO APLICA,NO APLICA,NO APLICA,NO APLICA,NO APLICA
503,HERIDOS,2020-02-28,2020,08:00,MAÑANA,VIERNES,URIBE,CARRERA 26 CALLE 34,URBANA,TECNICO,3.53085,-76.2965,NO APLICA,NO APLICA,NO APLICA,CHOQUE,DESOBEDECER SEÑAL,NO APLICA 2020,NO APLICA,MOTO,VICTORY,PRADERA,PARTICULAR,NO APLICA
504,HERIDOS,2020-02-28,2020,08:00,MAÑANA,VIERNES,URIBE,CARRERA 26 CALLE 34,URBANA,TECNICO,3.53085,-76.2965,MOTOCICLISTA,1,NO APLICA,CHOQUE,DESOBEDECER SEÑAL,NO APLICA 2020,PALMIRA,MOTO,VICTORY,FLORIDA,PARTICULAR,NO APLICA
505,HERIDOS,2020-02-28,2020,08:00,MAÑANA,VIERNES,URIBE,CARRERA 26 CALLE 34,URBANA,TECNICO,3.53085,-76.2965,ACOMPAÑANTE MOTOCICLISTA,1,NO APLICA,CHOQUE,DESOBEDECER SEÑAL,NO APLICA 2020,PALMIRA,NO APLICA,NO APLICA,NO APLICA,NO APLICA,NO APLICA
506,HERIDOS,2020-02-27,2020,05:10,MADRUGADA,JUEVES,LAS FLORES,CARRERA 1 CALLE 30,URBANA,TECNICO,3.52099,-76.27795,MOTOCICLISTA,1,NO APLICA,CHOQUE,ARRANCAR SIN PRECAUCION,NO APLICA 2020,PALMIRA,MOTO,SUZUKI,PRADERA,PARTICULAR,NO APLICA
507,HERIDOS,2020-02-27,2020,05:10,MADRUGADA,JUEVES,LAS FLORES,CARRERA 1 CALLE 30,URBANA,TECNICO,3.52099,-76.27795,MOTOCICLISTA,1,NO APLICA,CHOQUE,ARRANCAR SIN PRECAUCION,NO APLICA 2020,PALMIRA,MOTO,HERO,FLORIDA,PARTICULAR,NO APLICA
508,DAÑOS,2020-02-26,2020,18:00,NOCHE,MIERCOLES,PRIMERO DE MAYO,CALLE 42 CARRERA 16-60,URBANA,TECNICO,3.53712,-76.28822,NO APLICA,NO APLICA,NO APLICA,CHOQUE,NO MANTENER DISTANCIA DE SEGURIDAD,NO APLICA 2020,NO APLICA,CAMIONETA,TOYOTA,TULUA,PARTICULAR,NO APLICA
509,DAÑOS,2020-02-26,2020,18:00,NOCHE,MIERCOLES,PRIMERO DE MAYO,CALLE 42 CARRERA 16-60,URBANA,TECNICO,3.53712,-76.28822,NO APLICA,NO APLICA,NO APLICA,CHOQUE,NO MANTENER DISTANCIA DE SEGURIDAD,NO APLICA 2020,NO APLICA,AUTOMOVIL,KIA,CALI,PARTICULAR,NO APLICA
510,HERIDOS,2020-02-27,2020,14:00,TARDE,JUEVES,COLOMBIA,CALLE 32A CARRERA 34A,URBANA,TECNICO,3.53088,-76.30408,MOTOCICLISTA,1,NO APLICA,CHOQUE,DESOBEDECER SEÑAL,NO APLICA 2020,PALMIRA,MOTO,SUZUKI,CALI,PARTICULAR,NO APLICA
511,HERIDOS,2020-02-27,2020,14:00,TARDE,JUEVES,COLOMBIA,CALLE 32A CARRERA 34A,URBANA,TECNICO,3.53088,-76.30408,NO APLICA,NO APLICA,NO APLICA,CHOQUE,DESOBEDECER SEÑAL,NO APLICA 2020,NO APLICA,AUTOMOVIL,CHEVROLET,MANIZALES,PARTICULAR,NO APLICA
512,HERIDOS,2020-02-27,2020,14:20,TARDE,JUEVES,SEMBRADOR,CARRERA 18 CALLE 26,URBANA,TECNICO,3.52258,-76.2909,MOTOCICLISTA,1,NO APLICA,CHOQUE,TRANSITAR EN CONTRAVIA,NO APLICA 2020,PALMIRA,MOTO,HONDA,FLORIDA,PARTICULAR,NO APLICA
513,HERIDOS,2020-02-27,2020,14:20,TARDE,JUEVES,SEMBRADOR,CARRERA 18 CALLE 26,URBANA,TECNICO,3.52258,-76.2909,NO APLICA,NO APLICA,NO APLICA,CHOQUE,TRANSITAR EN CONTRAVIA,NO APLICA 2020,NO APLICA,CAMIONETA,CHEVROLET,ARMENIA,PARTICULAR,NO APLICA
514,DAÑOS,2020-02-27,2020,21:10,NOCHE,JUEVES,LINEAL,CALLE 32 CARRERA 33,URBANA,TECNICO,3.5295,-76.30315,NO APLICA,NO APLICA,NO APLICA,CHOQUE,DESOBEDECER SEÑAL,NO APLICA 2020,NO APLICA,MOTO,HERO,FLORIDA,PARTICULAR,NO APLICA
515,DAÑOS,2020-02-27,2020,21:10,NOCHE,JUEVES,LINEAL,CALLE 32 CARRERA 33,URBANA,TECNICO,3.5295,-76.30315,NO APLICA,NO APLICA,NO APLICA,CHOQUE,DESOBEDECER SEÑAL,NO APLICA 2020,NO APLICA,AUTOMOVIL,CHEVROLET,PALMIRA,PARTICULAR,NO APLICA
516,HERIDOS,2020-02-26,2020,15:20,TARDE,MIERCOLES,COLOMBIA,CALLE 36 CARRERA 30,URBANA,TECNICO,3.53305,-76.29965,MOTOCICLISTA,1,NO APLICA,CHOQUE,SEMAFORO EN ROJO,NO APLICA 2020,PALMIRA,MOTO,JIALING,PRADERA,PARTICULAR,NO APLICA
517,HERIDOS,2020-02-26,2020,15:20,TARDE,MIERCOLES,COLOMBIA,CALLE 36 CARRERA 30,URBANA,TECNICO,3.53305,-76.29965,NO APLICA,NO APLICA,NO APLICA,CHOQUE,SEMAFORO EN ROJO,NO APLICA 2020,NO APLICA,CAMIONETA,CHEVROLET,CALI,PARTICULAR,NO APLICA
518,DAÑOS,2020-02-28,2020,17:15,TARDE,VIERNES,INDUSTRIAL,CALLE 42 CARRERA 34B-170,URBANA,TECNICO,3.53895,-76.30628,NO APLICA,NO APLICA,NO APLICA,CHOQUE,NO ESTAR PENDIENTE DE LA VIA,NO APLICA 2020,NO APLICA,AUTOMOVIL,HONDA,CALI,PARTICULAR,NO APLICA
519,DAÑOS,2020-02-28,2020,17:15,TARDE,VIERNES,INDUSTRIAL,CALLE 42 CARRERA 34B-170,URBANA,TECNICO,3.53895,-76.30628,NO APLICA,NO APLICA,NO APLICA,CHOQUE,NO ESTAR PENDIENTE DE LA VIA,NO APLICA 2020,NO APLICA,VOLQUETA,CHEVROLET,UBATE,PUBLICO,NO APLICA
520,HERIDOS,2020-02-28,2020,18:50,NOCHE,VIERNES,LA MERCEDES,CALLE 57 CARRERA 25,URBANA,TECNICO,3.54776,-76.28962,MOTOCICLISTA,1,NO APLICA,CHOQUE,NO RESPETAR PELACION,NO APLICA 2020,PALMA,MOTO,HERO,EL TAMBO,PARTICULAR,NO APLICA
521,HERIDOS,2020-02-28,2020,18:50,NOCHE,VIERNES,LA MERCEDES,CALLE 57 CARRERA 25,URBANA,TECNICO,3.54776,-76.28962,NO APLICA,NO APLICA,NO APLICA,CHOQUE,NO RESPETAR PELACION,NO APLICA 2020,NO APLICA,AUTOMOVIL,FORD,CALI,PARTICULAR,NO APLICA
522,HERIDOS,2020-02-28,2020,13:20,TARDE,VIERNES,CENTRO,CARRERA 29 CALLE 32,URBANA,TECNICO,3.52893,-76.29949,MOTOCICLISTA,1,NO APLICA,CHOQUE,SEMAFORO EN ROJO,NO APLICA 2020,FRACTURAS,MOTO,JIALING,GUACARI,PARTICULAR,NO APLICA
523,HERIDOS,2020-02-28,2020,13:20,TARDE,VIERNES,CENTRO,CARRERA 29 CALLE 32,URBANA,TECNICO,3.52893,-76.29949,MOTOCICLISTA,1,NO APLICA,CHOQUE,SEMAFORO EN ROJO,NO APLICA 2020,PALMIRA,MOTO,SUZUKI,PALMIRA,PARTICULAR,NO APLICA
524,HERIDOS,2020-02-28,2020,13:20,TARDE,VIERNES,CENTRO,CARRERA 29 CALLE 32,URBANA,TECNICO,3.52893,-76.29949,ACOMPAÑANTE MOTOCICLISTA,1,NO APLICA,CHOQUE,SEMAFORO EN ROJO,NO APLICA 2020,FRACTURAS,NO APLICA,NO APLICA,NO APLICA,NO APLICA,NO APLICA
525,HERIDOS,2020-02-28,2020,13:20,TARDE,VIERNES,CENTRO,CARRERA 29 CALLE 32,URBANA,TECNICO,3.52893,-76.29949,ACOMPAÑANTE MOTOCICLISTA,1,NO APLICA,CHOQUE,SEMAFORO EN ROJO,NO APLICA 2020,PALMIRA,NO APLICA,NO APLICA,NO APLICA,NO APLICA,NO APLICA
526,HERIDOS,2020-02-28,2020,08:05,MAÑANA,VIERNES,URIBE,CALLE 35 CARRERA 22,URBANA,TECNICO,3.53133,-76.29327,MOTOCICLISTA,1,NO APLICA,CHOQUE,DESOBEDECER SEÑAL,NO APLICA 2020,PALMA,MOTO,BAJAJ,PALMIRA,PARTICULAR,NO APLICA
527,HERIDOS,2020-02-28,2020,08:05,MAÑANA,VIERNES,URIBE,CALLE 35 CARRERA 22,URBANA,TECNICO,3.53133,-76.29327,NO APLICA,NO APLICA,NO APLICA,CHOQUE,DESOBEDECER SEÑAL,NO APLICA 2020,NO APLICA,CAMIONETA,CHEVROLET,BOGOTA,PARTICULAR,NO APLICA
528,HERIDOS,2020-02-28,2020,08:05,MAÑANA,VIERNES,URIBE,CALLE 35 CARRERA 22,URBANA,TECNICO,3.53133,-76.29327,ACOMPAÑANTE MOTOCICLISTA,1,NO APLICA,CHOQUE,DESOBEDECER SEÑAL,NO APLICA 2020,PALMA,NO APLICA,NO APLICA,NO APLICA,NO APLICA,NO APLICA
529,DAÑOS,2020-02-28,2020,06:10,MAÑANA,VIERNES,ALTAMIRA,CALLE 47 CARRERA 27,URBANA,TECNICO,3.54204,-76.29561,NO APLICA,NO APLICA,NO APLICA,CHOQUE,SEMAFORO EN ROJO,NO APLICA 2020,NO APLICA,AUTOMOVIL,KIA,CALI,PARTICULAR,NO APLICA
530,DAÑOS,2020-02-28,2020,06:10,MAÑANA,VIERNES,ALTAMIRA,CALLE 47 CARRERA 27,URBANA,TECNICO,3.54204,-76.29561,NO APLICA,NO APLICA,NO APLICA,CHOQUE,SEMAFORO EN ROJO,NO APLICA 2020,NO APLICA,AUTOMOVIL,MAZDA,CALI,PARTICULAR,NO APLICA
531,DAÑOS,2020-02-28,2020,07:45,MAÑANA,VIERNES,URIBE,CARRERA 21 CALLE 34,URBANA,TECNICO,3.53031,-76.29253,NO APLICA,NO APLICA,NO APLICA,CHOQUE,DESOBEDECER SEÑAL,NO APLICA 2020,NO APLICA,AUTOMOVIL,CHEVROLET,PALMIRA,PUBLICO,TRANS UNION DE TAXIS
532,DAÑOS,2020-02-28,2020,07:45,MAÑANA,VIERNES,URIBE,CARRERA 21 CALLE 34,URBANA,TECNICO,3.53031,-76.29253,NO APLICA,NO APLICA,NO APLICA,CHOQUE,DESOBEDECER SEÑAL,NO APLICA 2020,NO APLICA,AUTOMOVIL,CHEVROLET,PALMIRA,PARTICULAR,NO APLICA
533,DAÑOS,2020-02-29,2020,08:00,MAÑANA,SABADO,LOS PINOS,CALLE 42 CARRERA 22,URBANA,TECNICO,3.53725,-76.29239,NO APLICA,NO APLICA,NO APLICA,CHOQUE,NO ESTAR PENDIENTE DE LA VIA,NO APLICA 2020,NO APLICA,AUTOMOVIL,CHEVROLET,CALI,PARTICULAR,NO APLICA
534,DAÑOS,2020-02-29,2020,08:00,MAÑANA,SABADO,LOS PINOS,CALLE 42 CARRERA 22,URBANA,TECNICO,3.53725,-76.29239,NO APLICA,NO APLICA,NO APLICA,CHOQUE,NO ESTAR PENDIENTE DE LA VIA,NO APLICA 2020,NO APLICA,MOTO,HONDA,FLORIDA,PARTICULAR,NO APLICA
535,HERIDOS,2020-02-29,2020,20:15,NOCHE,SABADO,CENTRO POBLADO ROZO,AVENIDAD 9 CARRERA 9,RURAL,TECNICO,3.61496,-76.38627,NO APLICA,NO APLICA,NO APLICA,CHOQUE,INVADIR CARRIL,NO APLICA 2020,NO APLICA,MOTOCARRO,BAJAJ,GUACARI,PUBLICO,NO APLICA
536,HERIDOS,2020-02-29,2020,20:15,NOCHE,SABADO,CENTRO POBLADO ROZO,AVENIDAD 9 CARRERA 9,RURAL,TECNICO,3.61496,-76.38627,MOTOCICLISTA,1,NO APLICA,CHOQUE,INVADIR CARRIL,NO APLICA 2020,NO APLICA,MOTO,AKT,CALI,PARTICULAR,NO APLICA