,GRAVEDAD,FECHA,AÑO,HORA,JORNADA,DIA_SEMANA,BARRIO-CORREGIMIENTO-VIA,DIRECCION,ZONA,AUTORIDAD,LAT,LONG,CONDICION_VICTIMA,LESIONADO,HOMICIDIOS,TIPO_ACCIDENTE,HIPOTESIS,GENERO,CLINICA,CLASE_VEHICULO,MARCA,MATRICULA,TIPO DE SERVICIO,EMPRESA
537,HERIDOS,2020-02-28,2020,05:00,MADRUGADA,VIERNES,SEMBRADOR,CALLE 18 CARRERA 21,URBANA,TECNICO,3.51689,-76.2934,MOTOCICLISTA,1,NO APLICA,CHOQUE,DESOBEDECER SEÑAL,NO APLICA 2020,RAUL,MOTO,SUZUKI,FLORIDA,PARTICULAR,NO APLICA
538,HERIDOS,2020-02-28,2020,05:00,MADRUGADA,VIERNES,SEMBRADOR,CALLE 18 CARRERA 21,URBANA,TECNICO,3.51689,-76.2934,MOTOCICLISTA,1,NO APLICA,CHOQUE,DESOBEDECER SEÑAL,NO APLICA 2020,RAUL,MOTO,BAJAJ,FLORENCIA,PARTICULAR,NO APLICA
539,HERIDOS,2020-02-28,2020,05:00,MADRUGADA,VIERNES,SEMBRADOR,CALLE 18 CARRERA 21,URBANA,TECNICO,3.51689,-76.2934,ACOMPAÑANTE MOTOCICLISTA,1,NO APLICA,CHOQUE,DESOBEDECER SEÑAL,NO APLICA 2020,RAUL,NO APLICA,NO APLICA,NO APLICA,NO APLICA,NO APLICA
540,DAÑOS,2020-02-04,2020,22:30,NOCHE,MARTES,VERSALLES,CARRERA 28 CALLE 42-09,URBANA,TECNICO,3.53793,-76.2975,NO APLICA,NO APLICA,NO APLICA,CHOQUE,REALIZAR MAL USO DEL CARRIL,NO APLICA 2020,NO APLICA,AUTOMOVIL,NISSAN,CALI,PARTICULAR,NO APLICA
541,DAÑOS,2020-02-04,2020,22:30,NOCHE,MARTES,VERSALLES,CARRERA 28 CALLE 42-09,URBANA,TECNICO,3.53793,-76.2975,NO APLICA,NO APLICA,NO APLICA,CHOQUE,REALIZAR MAL USO DEL CARRIL,NO APLICA 2020,NO APLICA,AUTOMOVIL,HYUNDAI,PALMIRA,PUBLICO,UNITAX
542,DAÑOS,2020-03-01,2020,08:10,MAÑANA,DOMINGO,URIBE,CALLE 36 CARRERA 20,URBANA,TECNICO,3.53187,-76.29148,NO APLICA,NO APLICA,NO APLICA,CHOQUE,DESOBEDECER SEÑALES DE PARE,NO APLICA 2020,NO APLICA,AUTOMOVIL,HYUNDAI,PALMIRA,PUBLICO,FLOTA PALMIRA
543,DAÑOS,2020-03-01,2020,08:10,MAÑANA,DOMINGO,URIBE,CALLE 36 CARRERA 20,URBANA,TECNICO,3.53187,-76.29148,NO APLICA,NO APLICA,NO APLICA,CHOQUE,DESOBEDECER SEÑALES DE PARE,NO APLICA 2020,NO APLICA,CAMIONETA,CHEVROLET,PALMIRA,PARTICULAR,NO APLICA
544,HERIDOS,2020-03-01,2020,10:00,MAÑANA,DOMINGO,NIÑO POBRE,CALLE 28 CARRERA 23,URBANA,TECNICO,3.52472,-76.29501,CICLISTA,1,NO APLICA,CHOQUE,DESOBEDECER SEÑALES DE PARE,NO APLICA 2020,PALMIRA,BICICLETA,NO APLICA,NO APLICA,PARTICULAR,NO APLICA
545,HERIDOS,2020-03-01,2020,10:00,MAÑANA,DOMINGO,NIÑO POBRE,CALLE 28 CARRERA 23,URBANA,TECNICO,3.52472,-76.29501,NO APLICA,NO APLICA,NO APLICA,CHOQUE,DESOBEDECER SEÑALES DE PARE,NO APLICA 2020,NO APLICA,BUS,CHEVROLET,CAICEDONIA,PUBLICO,LINEAS UNIVERSITARIAS
546,HERIDOS,2020-03-01,2020,11:00,MAÑANA,DOMINGO,SANTA ANA,CALE 35 CARRERA 45,URBANA,TECNICO,3.53215,-76.31597,NO APLICA,NO APLICA,NO APLICA,CHOQUE,TANSITAR EN CONTRA VIA,NO APLICA 2020,NO APLICA,AUTOMOVIL,CHEVROLET,CALI,PARTICULAR,NO APLICA
547,HERIDOS,2020-03-01,2020,11:00,MAÑANA,DOMINGO,SANTA ANA,CALE 35 CARRERA 45,URBANA,TECNICO,3.53215,-76.31597,MOTOCICLISTA,1,NO APLICA,CHOQUE,TANSITAR EN CONTRA VIA,NO APLICA 2020,PALMA,MOTO,HONDA,PALMIRA,PARTICULAR,NO APLICA
548,HERIDOS,2020-03-01,2020,11:00,MAÑANA,DOMINGO,SANTA ANA,CALE 35 CARRERA 45,URBANA,TECNICO,3.53215,-76.31597,ACOMPAÑANTE MOTOCICLISTA,1,NO APLICA,CHOQUE,TANSITAR EN CONTRA VIA,NO APLICA 2020,PALMA,NO APLICA,NO APLICA,NO APLICA,NO APLICA,NO APLICA
549,HERIDOS,2020-03-01,2020,12:40,TARDE,DOMINGO,POBLADO,CALLE 44 CARRERAS 17-19,URBANA,TECNICO,3.53868,-76.2895,MOTOCICLISTA,1,NO APLICA,CHOQUE,NO RESPETAR PRELACION,NO APLICA 2020,PALMA,MOTO,YAMAHA,CALI,PARTICULAR,NO APLICA
550,HERIDOS,2020-03-01,2020,12:40,TARDE,DOMINGO,POBLADO,CALLE 44 CARRERAS 17-19,URBANA,TECNICO,3.53868,-76.2895,MOTOCICLISTA,1,NO APLICA,CHOQUE,NO RESPETAR PRELACION,NO APLICA 2020,PALMA,MOTO,SUZUKI,PALMIRA,PARTICULAR,NO APLICA
551,DAÑOS,2020-03-01,2020,17:10,TARDE,DOMINGO,PRIMERO DE MAYO,CALLE 41 CARRERA 9,URBANA,TECNICO,3.53629,-76.28233,NO APLICA,NO APLICA,NO APLICA,CHOQUE,DESOBEDECER SEÑALES DE PARE,NO APLICA 2020,NO APLICA,AUTOMOVIL,CHEVROLET,PALMIRA,PARTICULAR,NO APLICA
552,DAÑOS,2020-03-01,2020,17:10,TARDE,DOMINGO,PRIMERO DE MAYO,CALLE 41 CARRERA 9,URBANA,TECNICO,3.53629,-76.28233,NO APLICA,NO APLICA,NO APLICA,CHOQUE,DESOBEDECER SEÑALES DE PARE,NO APLICA 2020,NO APLICA,MOTO,HERO,FLORIDA,PARTICULAR,NO APLICA
553,HERIDOS,2020-03-02,2020,13:10,TARDE,LUNES,CENTRO,CALLE 29 CARRERA 31,URBANA,TECNICO,3.52651,-76.30181,CONDUCTOR,1,NO APLICA,CHOQUE,SEMAFORO EN ROJO,NO APLICA 2020,PALMIRA,AUTOMOVIL,RENAULT,CALI,PARTICULAR,NO APLICA
554,HERIDOS,2020-03-02,2020,13:10,TARDE,LUNES,CENTRO,CALLE 29 CARRERA 31,URBANA,TECNICO,3.52651,-76.30181,MOTOCICLISTA,1,NO APLICA,CHOQUE,SEMAFORO EN ROJO,NO APLICA 2020,PALMIRA,MOTO,HONDA,BOGOTA,PARTICULAR,NO APLICA
555,DAÑOS,2020-03-03,2020,10:00,MAÑANA,MARTES,SEMBRADOR,CALLE 18 CARRERA 19-121,URBANA,TECNICO,3.51683,-76.29132,NO APLICA,NO APLICA,NO APLICA,CHOQUE,CAMBIO DE CARRIL CON O SIN INDICACION,NO APLICA 2020,NO APLICA,CAMIONETA,NISSAN,PALMIRA,OFICIAL,NO APLICA
556,DAÑOS,2020-03-03,2020,10:00,MAÑANA,MARTES,SEMBRADOR,CALLE 18 CARRERA 19-121,URBANA,TECNICO,3.51683,-76.29132,NO APLICA,NO APLICA,NO APLICA,CHOQUE,CAMBIO DE CARRIL CON O SIN INDICACION,NO APLICA 2020,NO APLICA,AUTOMOVIL,CHEVROLET,CANDELARIA,PARTICULAR,NO APLICA
557,DAÑOS,2020-03-02,2020,19:40,NOCHE,LUNES,SANTA RITA,CALLE 39 CARRERA 27-75,URBANA,TECNICO,3.53551,-76.29696,NO APLICA,NO APLICA,NO APLICA,CHOQUE,ARRANCAR SIN PRECAUCION,NO APLICA 2020,NO APLICA,CAMPERO,SUZUKI,GUACARI,PARTICULAR,NO APLICA
558,DAÑOS,2020-03-02,2020,19:40,NOCHE,LUNES,SANTA RITA,CALLE 39 CARRERA 27-75,URBANA,TECNICO,3.53551,-76.29696,NO APLICA,NO APLICA,NO APLICA,CHOQUE,ARRANCAR SIN PRECAUCION,NO APLICA 2020,NO APLICA,CAMION,CHEVROLET,SABANETA,PUBLICO,NO APLICA
559,DAÑOS,2020-03-03,2020,13:20,TARDE,MARTES,NUEVO,CARRERA 31 CALLE 26,URBANA,TECNICO,3.52396,-76.30225,NO APLICA,NO APLICA,NO APLICA,CHOQUE,DESOBEDECER SEÑALES DE PARE,NO APLICA 2020,NO APLICA,CAMIONETA,RENAULT,CALI,PARTICULAR,NO APLICA
560,DAÑOS,2020-03-03,2020,13:20,TARDE,MARTES,NUEVO,CARRERA 31 CALLE 26,URBANA,TECNICO,3.52396,-76.30225,NO APLICA,NO APLICA,NO APLICA,CHOQUE,DESOBEDECER SEÑALES DE PARE,NO APLICA 2020,NO APLICA,MOTO,BAJAJ,MANIZALEZ,PARTICULAR,NO APLICA
561,HERIDOS,2020-03-02,2020,15:30,TARDE,LUNES,ZAMORANO,CARRERA 28 CALLE 69-80,URBANA,TECNICO,3.5562,-76.29166,NO APLICA,NO APLICA,NO APLICA,CHOQUE,NO RESPETAR PRELACION,NO APLICA 2020,NO APLICA,BUSETA,IVECO,PALMIRA,PUBLICO,PALMIRANA
562,HERIDOS,2020-03-02,2020,15:30,TARDE,LUNES,ZAMORANO,CARRERA 28 CALLE 69-80,URBANA,TECNICO,3.5562,-76.29166,MOTOCICLISTA,1,NO APLICA,CHOQUE,NO RESPETAR PRELACION,NO APLICA 2020,RAUL,MOTO,YAMAHA,ITAGUI,PARTICULAR,NO APLICA
563,HERIDOS,2020-03-02,2020,15:30,TARDE,LUNES,ZAMORANO,CARRERA 28 CALLE 69-80,URBANA,TECNICO,3.5562,-76.29166,ACOMPAÑANTE MOTOCICLISTA,1,NO APLICA,CHOQUE,NO RESPETAR PRELACION,NO APLICA 2020,RAUL,NO APLICA,NO APLICA,NO APLICA,NO APLICA,NO APLICA
564,HERIDOS,2020-03-04,2020,05:50,MADRUGADA,MARTES,CAMPESTRE,CALLE 42 CARRERA 13-40,URBANA,TECNICO,3.53703,-76.28624,MOTOCICLISTA,1,NO APLICA,CHOQUE,NO ESTAR PENDIENTE DE LA VIA,NO APLICA 2020,PALMA,MOTO,TVS,PRADERA,PARTICULAR,NO APLICA
565,HERIDOS,2020-03-04,2020,05:50,MADRUGADA,MARTES,CAMPESTRE,CALLE 42 CARRERA 13-40,URBANA,TECNICO,3.53703,-76.28624,NO APLICA,NO APLICA,NO APLICA,CHOQUE,NO ESTAR PENDIENTE DE LA VIA,NO APLICA 2020,NO APLICA,AUTOMOVIL,NISSAN,CALI,PARTICULAR,NO APLICA
566,DAÑOS,2020-03-04,2020,10:30,MAÑANA,MIERCOLES,COLOMBIA,CALLE 33 CARRERA 29,URBANA,TECNICO,3.53046,-76.29928,NO APLICA,NO APLICA,NO APLICA,CHOQUE,NO MANTENER DISTANCIA DE SEGURIDAD,NO APLICA 2020,NO APLICA,CAMIONETA,RENAULT,CALI,PARTICULAR,NO APLICA
567,DAÑOS,2020-03-04,2020,10:30,MAÑANA,MIERCOLES,COLOMBIA,CALLE 33 CARRERA 29,URBANA,TECNICO,3.53046,-76.29928,NO APLICA,NO APLICA,NO APLICA,CHOQUE,NO MANTENER DISTANCIA DE SEGURIDAD,NO APLICA 2020,NO APLICA,AUTOMOVIL,NISSAN,CALI,PARTICULAR,NO APLICA
568,DAÑOS,2020-03-03,2020,18:30,NOCHE,MARTES,ALTAMIRA,CALLE 47 CARRERA 25-08,URBANA,TECNICO,3.54245,-76.29331,NO APLICA,NO APLICA,NO APLICA,CHOQUE,REVERSO IMPRUDENTE,NO APLICA 2020,NO APLICA,AUTOMOVIL,FORD,CALI,PARTICULAR,NO APLICA
569,DAÑOS,2020-03-03,2020,18:30,NOCHE,MARTES,ALTAMIRA,CALLE 47 CARRERA 25-08,URBANA,TECNICO,3.54245,-76.29331,NO APLICA,NO APLICA,NO APLICA,CHOQUE,REVERSO IMPRUDENTE,NO APLICA 2020,NO APLICA,CAMIONETA,NISSAN,PALMIRA,PARTICULAR,NO APLICA
570,HERIDOS,2020-03-05,2020,07:20,MAÑANA,JUEVES,LA EMILIA,CALLE 36 CARRERA 36,URBANA,TECNICO,3.53393,-76.30657,NO APLICA,NO APLICA,NO APLICA,CHOQUE,DESOBEDECER SEÑALES DE PARE,NO APLICA 2020,NO APLICA,AUTOMOVIL,HYUNDAI,CALI,PARTICULAR,NO APLICA
571,HERIDOS,2020-03-05,2020,07:20,MAÑANA,JUEVES,LA EMILIA,CALLE 36 CARRERA 36,URBANA,TECNICO,3.53393,-76.30657,MOTOCICLISTA,1,NO APLICA,CHOQUE,DESOBEDECER SEÑALES DE PARE,NO APLICA 2020,FRACTURAS,MOTO,BAJAJ,CALI,PARTICULAR,NO APLICA
572,DAÑOS,2020-03-04,2020,17:30,TARDE,MIERCOLES,VERSALLES,CALLE 42 CARRERA 29-28,URBANA,TECNICO,3.53811,-76.2983,NO APLICA,NO APLICA,NO APLICA,CHOQUE,CAMBIO DE CARRIL CON O SIN INDICACION,NO APLICA 2020,NO APLICA,CAMION,CHEVROLET,BOGOTA,PUBLICO,NO APLICA
573,DAÑOS,2020-03-04,2020,17:30,TARDE,MIERCOLES,VERSALLES,CALLE 42 CARRERA 29-28,URBANA,TECNICO,3.53811,-76.2983,NO APLICA,NO APLICA,NO APLICA,CHOQUE,CAMBIO DE CARRIL CON O SIN INDICACION,NO APLICA 2020,NO APLICA,AUTOMOVIL,BMW,BOGOTA,PARTICULAR,NO APLICA
574,HERIDOS,2020-03-05,2020,15:00,TARDE,JUEVES,BIZERTA,CALLE 36 CARRERA 20,URBANA,TECNICO,3.53188,-76.29149,MOTOCICLISTA,1,NO APLICA,CHOQUE,GIRAR BRUSCAMENTE,NO APLICA 2020,PALMIRA,MOTO,AKT,PRADERA,PARTICULAR,NO APLICA
575,HERIDOS,2020-03-05,2020,15:00,TARDE,JUEVES,BIZERTA,CALLE 36 CARRERA 20,URBANA,TECNICO,3.53188,-76.29149,MOTOCICLISTA,1,NO APLICA,CHOQUE,GIRAR BRUSCAMENTE,NO APLICA 2020,PALMIRA,MOTO,AYCO,PRADERA,PARTICULAR,NO APLICA
576,DAÑOS,2020-03-05,2020,17:50,TARDE,JUEVES,CENTRO,CARRRA 32 CALLE 30-45,URBANA,TECNICO,3.52791,-76.30239,NO APLICA,NO APLICA,NO APLICA,CHOQUE,NO MANTENER DISTANCIA DE SEGURIDAD,NO APLICA 2020,NO APLICA,AUTOMOVIL,CHEVROLET,POPAYAN,PARTICULAR,NO APLICA
577,DAÑOS,2020-03-05,2020,18:10,NOCHE,JUEVES,LAS PALMERAS,CARRERA 1 CALLE 34-48,URBANA,TECNICO,3.52995,-76.27705,NO APLICA,NO APLICA,NO APLICA,CHOQUE,IMPERICIA EN EL MANEJO,NO APLICA 2020,NO APLICA,AUTOMOVIL,KIA,CALI,PARTICULAR,NO APLICA
578,DAÑOS,2020-03-05,2020,18:10,NOCHE,JUEVES,LAS PALMERAS,CARRERA 1 CALLE 34-48,URBANA,TECNICO,3.52995,-76.27705,NO APLICA,NO APLICA,NO APLICA,CHOQUE,IMPERICIA EN EL MANEJO,NO APLICA 2020,NO APLICA,AUTOMOVIL,HONDA,CALI,PARTICULAR,NO APLICA
579,DAÑOS,2020-03-08,2020,01:15,MADRUGADA,DOMINGO,CENTRO,CALLE 29 CARRERA 31,URBANA,TECNICO,3.5265,-76.30181,NO APLICA,NO APLICA,NO APLICA,CHOQUE,NO RESPETAR PRELACION,NO APLICA 2020,NO APLICA,CAMIONETA,CHEVROLET,CALI,PARTICULAR,NO APLICA
580,MUERTO,2020-03-08,2020,04:45,MADRUGADA,DOMINGO,CENTRO POBLADO,VIA PALMIRA TIENDA NUEVA PETAR,RURAL,TECNICO,3.56908,-76.22561,MOTOCICLISTA,NO APLICA,1,CHOQUE OBJETO FIJO,POR ESTABLECER,NO APLICA 2020,NO APLICA,MOTO,SUZUKI,PALMIRA,PARTICULAR,NO APLICA
581,HERIDOS,2020-03-08,2020,22:40,NOCHE,DOMINGO,SAN PEDRO,CARRERA 19 CALLE 34,URBANA,TECNICO,3.53009,-76.29038,MOTOCICLISTA,1,NO APLICA,CHOQUE,NO RESPETAR PRELACION,NO APLICA 2020,RAUL,MOTO,HONDA,FLORIDA,PARTICULAR,NO APLICA
582,HERIDOS,2020-03-08,2020,22:40,NOCHE,DOMINGO,SAN PEDRO,CARRERA 19 CALLE 34,URBANA,TECNICO,3.53009,-76.29038,MOTOCICLISTA,1,NO APLICA,CHOQUE,NO RESPETAR PRELACION,NO APLICA 2020,RAUL,MOTO,SUZUKI,EL CERRITO,PARTICULAR,NO APLICA
583,DAÑOS,2020-03-04,2020,19:30,NOCHE,MIERCOLES,VERSALLES,CALLE 42 CARRERA 28,URBANA,TECNICO,3.53819,-76.29713,NO APLICA,NO APLICA,NO APLICA,CHOQUE,UTILIZAR INDEVIDAMENTE EL CARRIL,NO APLICA 2020,NO APLICA,BUS,HYUNDAI,CALI,PUBLICO,NO APLICA
584,DAÑOS,2020-03-04,2020,19:30,NOCHE,MIERCOLES,VERSALLES,CALLE 42 CARRERA 28,URBANA,TECNICO,3.53819,-76.29713,NO APLICA,NO APLICA,NO APLICA,CHOQUE,UTILIZAR INDEVIDAMENTE EL CARRIL,NO APLICA 2020,NO APLICA,AUTOMOVIL,MAZDA,PUERTO TEJADA,PARTICULAR,NO APLICA
585,DAÑOS,2020-03-05,2020,19:20,NOCHE,JUEVES,CHAPINERO SUR,CARRERA 32 CALLE 8,URBANA,TECNICO,3.50973,-76.30751,NO APLICA,NO APLICA,NO APLICA,CHOQUE,DESOBEDECER SEÑALES DE PARE,NO APLICA 2020,NO APLICA,BUS,HINO,EL CERRITO,PARTICULAR,NO APLICA
586,DAÑOS,2020-03-05,2020,19:20,NOCHE,JUEVES,CHAPINERO SUR,CARRERA 32 CALLE 8,URBANA,TECNICO,3.50973,-76.30751,NO APLICA,NO APLICA,NO APLICA,CHOQUE,DESOBEDECER SEÑALES DE PARE,NO APLICA 2020,NO APLICA,AUTOMOVIL,HYUNDAI,CALI,PARTICULAR,NO APLICA
587,HERIDOS,2020-03-05,2020,17:30,TARDE,JUEVES,JUAN PABLO,CARRERA 41 CACLLE 49,URBANA,TECNICO,3.54369,-76.31242,MOTOCICLISTA,1,NO APLICA,CHOQUE,TRANSITAR EN CONTRAVIA,NO APLICA 2020,PALMA,MOTO,HONDA,GUACARI,PARTICULAR,NO APLICA
588,HERIDOS,2020-03-05,2020,17:30,TARDE,JUEVES,JUAN PABLO,CARRERA 41 CACLLE 49,URBANA,TECNICO,3.54369,-76.31242,MOTOCICLISTA,1,NO APLICA,CHOQUE,TRANSITAR EN CONTRAVIA,NO APLICA 2020,PALMA,MOTO,YAMAHA,CALI,PARTICULAR,NO APLICA
589,HERIDOS,2020-03-05,2020,17:30,TARDE,JUEVES,JUAN PABLO,CARRERA 41 CACLLE 49,URBANA,TECNICO,3.54369,-76.31242,ACOMPAÑANTE MOTOCICLISTA,1,NO APLICA,CHOQUE,TRANSITAR EN CONTRAVIA,NO APLICA 2020,PALMA,NO APLICA,NO APLICA,NO APLICA,NO APLICA,NO APLICA
590,HERIDOS,2020-03-06,2020,16:10,TARDE,LUNES,CENTRO,CALLE 32 CARRERA 26,URBANA,TECNICO,3.52844,-76.2969,MOTOCICLISTA,1,NO APLICA,CHOQUE,DESOBEDECER SEÑALES DE PARE,NO APLICA 2020,PALMA,MOTO,KEEWAY,GUACARI,PARTICULAR,NO APLICA
591,HERIDOS,2020-03-06,2020,16:10,TARDE,LUNES,CENTRO,CALLE 32 CARRERA 26,URBANA,TECNICO,3.52844,-76.2969,NO APLICA,NO APLICA,NO APLICA,CHOQUE,DESOBEDECER SEÑALES DE PARE,NO APLICA 2020,NO APLICA,AUTOMOVIL,HYUNDAI,GUACARI,PARTICULAR,NO APLICA
592,DAÑOS,2020-03-06,2020,17:00,TARDE,VIERNES,SANTA ISABEL,CARRERA 34C CALLE 44-57,URBANA,TECNICO,3.54021,-76.30464,NO APLICA,NO APLICA,NO APLICA,CHOQUE,ARRANCAR SIN PRECAUCION,NO APLICA 2020,NO APLICA,TRACTO CAMION,KENWORTH,ANDALUCIA,PARTICULAR,NO APLICA
593,DAÑOS,2020-03-06,2020,17:00,TARDE,VIERNES,SANTA ISABEL,CARRERA 34C CALLE 44-57,URBANA,TECNICO,3.54021,-76.30464,NO APLICA,NO APLICA,NO APLICA,CHOQUE,ARRANCAR SIN PRECAUCION,NO APLICA 2020,NO APLICA,MOTO,BMW,CALI,PARTICULAR,NO APLICA
594,HERIDOS,2020-03-07,2020,07:00,MAÑANA,SABADO,DELICIAS,CARRERA 23 CALLE 27,URBANA,TECNICO,3.52386,-76.29506,MOTOCICLISTA,1,NO APLICA,CHOQUE,DESOBEDECER SEÑALES DE PARE,NO APLICA 2020,PALMIRA,MOTO,BAJAJ,PALMIRA,PARTICULAR,NO APLICA
595,HERIDOS,2020-03-07,2020,07:00,MAÑANA,SABADO,DELICIAS,CARRERA 23 CALLE 27,URBANA,TECNICO,3.52386,-76.29506,NO APLICA,1,NO APLICA,CHOQUE,DESOBEDECER SEÑALES DE PARE,NO APLICA 2020,PALMIRA,MOTO,BAJAJ,GUACARI,PARTICULAR,NO APLICA
596,HERIDOS,2020-03-07,2020,07:00,MAÑANA,SABADO,DELICIAS,CARRERA 23 CALLE 27,URBANA,TECNICO,3.52386,-76.29506,ACOMPAÑANTE MOTOCICLISTA,1,NO APLICA,CHOQUE,DESOBEDECER SEÑALES DE PARE,NO APLICA 2020,PALMIRA,NO APLICA,NO APLICA,NO APLICA,NO APLICA,NO APLICA
597,HERIDOS,2020-03-07,2020,11:45,MAÑANA,SABADO,COLOMBINA,CALLE 28 CARRERA 20,URBANA,TECNICO,3.52358,-76.29251,NO APLICA,NO APLICA,NO APLICA,CHOQUE,CONDUCIR SIN MEDIDAS DE PRECAUCION,NO APLICA 2020,NO APLICA,MOTO,AKT,PRADERA,PARTICULAR,NO APLICA
598,HERIDOS,2020-03-07,2020,11:45,MAÑANA,SABADO,COLOMBINA,CALLE 28 CARRERA 20,URBANA,TECNICO,3.52358,-76.29251,ACOMPAÑANTE MOTOCICLISTA,1,NO APLICA,CHOQUE,CONDUCIR SIN MEDIDAS DE PRECAUCION,NO APLICA 2020,FRACTURAS,NO APLICA,NO APLICA,NO APLICA,NO APLICA,NO APLICA
599,DAÑOS,2020-03-08,2020,11:50,MAÑANA,DOMINGO,MIRRIÑAO,CALLE 54 CARRER 30,URBANA,TECNICO,3.54743,-76.29768,NO APLICA,NO APLICA,NO APLICA,CHOQUE,REALIZAR GIRO EN U,NO APLICA 2020,NO APLICA,AUTOMOVIL,RENAULT,PAMPLONA,PARTICULAR,NO APLICA
600,DAÑOS,2020-03-08,2020,11:50,MAÑANA,DOMINGO,MIRRIÑAO,CALLE 54 CARRER 30,URBANA,TECNICO,3.54743,-76.29768,NO APLICA,NO APLICA,NO APLICA,CHOQUE,REALIZAR GIRO EN U,NO APLICA 2020,NO APLICA,CAMIONETA,KIA,PEREIRA,PARTICULAR,NO APLICA
601,DAÑOS,2020-03-06,2020,16:30,TARDE,VIERNES,VERSALLES,CALLE 42 CARRERA 31-71,URBANA,TECNICO,3.53819,-76.30008,NO APLICA,NO APLICA,NO APLICA,CHOQUE,DISTRAERSE,NO APLICA 2020,NO APLICA,AUTOMOVIL,NISSAN,CALI,PARTICULAR,NO APLICA
602,DAÑOS,2020-03-06,2020,16:30,TARDE,VIERNES,VERSALLES,CALLE 42 CARRERA 31-71,URBANA,TECNICO,3.53819,-76.30008,NO APLICA,NO APLICA,NO APLICA,CHOQUE,DISTRAERSE,NO APLICA 2020,NO APLICA,AUTOMOVIL,KIA,PALMIRA,PARTICULAR,NO APLICA
603,HERIDOS,2020-03-06,2020,17:15,TARDE,VIERNES,CENTRO,CALLE 28 CARRERA 32,URBANA,TECNICO,3.52494,-76.30282,MOTOCICLISTA,1,NO APLICA,CHOQUE,SEMAFORO EN ROJO,NO APLICA 2020,PALMIRA,MOTO,YAMAHA,GIRARDO,PARTICULAR,NO APLICA
604,HERIDOS,2020-03-06,2020,17:15,TARDE,VIERNES,CENTRO,CALLE 28 CARRERA 32,URBANA,TECNICO,3.52494,-76.30282,NO APLICA,NO APLICA,NO APLICA,CHOQUE,SEMAFORO EN ROJO,NO APLICA 2020,NO APLICA,MOTO,HERO,FLORIDA,PARTICULAR,NO APLICA
605,DAÑOS,2020-03-07,2020,06:50,MAÑANA,SABADO,CENTRO,CALLE 31 CARRERA 30,URBANA,TECNICO,3.52814,-76.30052,NO APLICA,NO APLICA,NO APLICA,CHOQUE,SEMAFORO EN ROJO,NO APLICA 2020,NO APLICA,CAMIONETA,RENAULT,PALMIRA,PARTICULAR,NO APLICA
606,DAÑOS,2020-03-07,2020,06:50,MAÑANA,SABADO,CENTRO,CALLE 31 CARRERA 30,URBANA,TECNICO,3.52814,-76.30052,NO APLICA,NO APLICA,NO APLICA,CHOQUE,SEMAFORO EN ROJO,NO APLICA 2020,NO APLICA,MOTO,VICTORY,PALMIRA,PARTICULAR,NO APLICA
607,DAÑOS,2020-03-08,2020,09:30,MAÑANA,DOMINGO,AEROPUERTO,AEROPUERTO,RURAL,TECNICO,3.54478,-76.38458,NO APLICA,NO APLICA,NO APLICA,CHOQUE,NO ESTAR PENDIENTE DE LA VIA,NO APLICA 2020,NO APLICA,CAMIONETA,RENAULT,BOGOTA,PARTICULAR,NO APLICA
608,DAÑOS,2020-03-08,2020,09:30,MAÑANA,DOMINGO,AEROPUERTO,AEROPUERTO,RURAL,TECNICO,3.54478,-76.38458,NO APLICA,NO APLICA,NO APLICA,CHOQUE,NO ESTAR PENDIENTE DE LA VIA,NO APLICA 2020,NO APLICA,AUTOMOVIL,CHEVROLET,PEREIRA,PARTICULAR,NO APLICA
609,HERIDOS,2020-03-04,2020,23:00,NOCHE,MIERCOLES,AMERICAS,CARRERA 24 CALLE 14-15,URBANA,TECNICO,3.51383,-76.29588,MOTOCICLISTA,1,NO APLICA,CHOQUE,INVADIR CARRIL,NO APLICA 2020,RAUL,MOTO,HONDA,MIRANDA,PARTICULAR,NO APLICA
610,HERIDOS,2020-03-04,2020,23:00,NOCHE,MIERCOLES,AMERICAS,CARRERA 24 CALLE 14-15,URBANA,TECNICO,3.51383,-76.29588,MOTOCICLISTA,1,NO APLICA,CHOQUE,INVADIR CARRIL,NO APLICA 2020,RAUL,MOTO,BAJAJ,CHOCO,PARTICULAR,NO APLICA
611,HERIDOS,2020-03-05,2020,21:45,NOCHE,JUEVES,LAS FLORES,CALLE 30 CARRERA 4,URBANA,TECNICO,3.52275,-76.28009,MOTOCICLISTA,1,NO APLICA,CHOQUE,NO RESPETAR PRELACION,NO APLICA 2020,RAUL,MOTO,HERO,PRADERA,PARTICULAR,NO APLICA
612,HERIDOS,2020-03-05,2020,21:45,NOCHE,JUEVES,LAS FLORES,CALLE 30 CARRERA 4,URBANA,TECNICO,3.52275,-76.28009,MOTOCICLISTA,1,NO APLICA,CHOQUE,NO RESPETAR PRELACION,NO APLICA 2020,RAUL,MOTO,SUZUKI,PEREIRA,PARTICULAR,NO APLICA
613,DAÑOS,2020-03-10,2020,06:40,MAÑANA,DOMINGO,SAMANES,CALLE 47 CARRERA 28,URBANA,TECNICO,3.54219,-76.29663,NO APLICA,NO APLICA,NO APLICA,CHOQUE,PASAR SEMAFORO,NO APLICA 2020,NO APLICA,MOTO,KIMCO,PALMIRA,PARTICULAR,NO APLICA