,GRAVEDAD,FECHA,AÑO,HORA,JORNADA,DIA_SEMANA,BARRIO-CORREGIMIENTO-VIA,DIRECCION,ZONA,AUTORIDAD,LAT,LONG,CONDICION_VICTIMA,LESIONADO,HOMICIDIOS,TIPO_ACCIDENTE,HIPOTESIS,GENERO,CLINICA,CLASE_VEHICULO,MARCA,MATRICULA,TIPO DE SERVICIO,EMPRESA
614,DAÑOS,2020-03-10,2020,06:40,MAÑANA,DOMINGO,SAMANES,CALLE 47 CARRERA 28,URBANA,TECNICO,3.54219,-76.29663,NO APLICA,NO APLICA,NO APLICA,CHOQUE,PASAR SEMAFORO,NO APLICA 2020,NO APLICA,MOTO,AKT,CALI,PARTICULAR,NO APLICA
615,DAÑOS,2020-03-10,2020,09:30,MAÑANA,MARTES,DANUBIO,CARRERA 19 CALLE 32,URBANA,TECNICO,3.52777,-76.29026,NO APLICA,NO APLICA,NO APLICA,CHOQUE,NO MANTENER DISTANCIA DE SEGURIDAD,NO APLICA 2020,NO APLICA,MOTO,HONDA,CALI,PARTICULAR,NO APLICA
616,DAÑOS,2020-03-10,2020,09:30,MAÑANA,MARTES,DANUBIO,CARRERA 19 CALLE 32,URBANA,TECNICO,3.52777,-76.29026,NO APLICA,NO APLICA,NO APLICA,CHOQUE,NO MANTENER DISTANCIA DE SEGURIDAD,NO APLICA 2020,NO APLICA,MOTO,HONDA,PALMIRA,PARTICULAR,NO APLICA
617,DAÑOS,2020-03-10,2020,05:00,MADRUGADA,MARTES,NUEVO,CARRERA 31 CALLE 22,URBANA,TECNICO,3.52062,-76.30281,NO APLICA,NO APLICA,NO APLICA,CHOQUE,DESOBEDECER SEÑALES DE PARE,NO APLICA 2020,NO APLICA,AUTOMOVIL,HYUNDAI,PALMIRA,PUBLICO,NO APLICA
618,DAÑOS,2020-03-10,2020,05:00,MADRUGADA,MARTES,NUEVO,CARRERA 31 CALLE 22,URBANA,TECNICO,3.52062,-76.30281,NO APLICA,NO APLICA,NO APLICA,CHOQUE,DESOBEDECER SEÑALES DE PARE,NO APLICA 2020,NO APLICA,AUTOMOVIL,CHEVROLET,CALI,PARTICULAR,NO APLICA
619,DAÑOS,2020-03-08,2020,17:15,TARDE,DOMINGO,DANUBIO,CALLE 33 CARRERA 19,URBANA,TECNICO,3.52932,-76.29047,NO APLICA,NO APLICA,NO APLICA,CHOQUE,DESOBEDECER SEÑALES DE PARE,NO APLICA 2020,NO APLICA,AUTOMOVIL,RENAULT,PALMIRA,PARTICULAR,NO APLICA
620,DAÑOS,2020-03-08,2020,17:15,TARDE,DOMINGO,DANUBIO,CALLE 33 CARRERA 19,URBANA,TECNICO,3.52932,-76.29047,NO APLICA,NO APLICA,NO APLICA,CHOQUE,DESOBEDECER SEÑALES DE PARE,NO APLICA 2020,NO APLICA,MOTO,KIMCO,PALMIRA,PARTICULAR,NO APLICA
621,DAÑOS,2020-03-08,2020,17:15,TARDE,DOMINGO,DANUBIO,CALLE 33 CARRERA 19,URBANA,TECNICO,3.52932,-76.29047,NO APLICA,NO APLICA,NO APLICA,CHOQUE,DESOBEDECER SEÑALES DE PARE,NO APLICA 2020,NO APLICA,MOTO,YAMAHA,CANDELARIA,PARTICULAR,NO APLICA
622,DAÑOS,2020-03-08,2020,17:15,TARDE,DOMINGO,CENTRO,CALLE 32 CARRERA 32,URBANA,TECNICO,3.52833,-76.29448,NO APLICA,NO APLICA,NO APLICA,CHOQUE,DESOBEDECER SEÑALES DE PARE,NO APLICA 2020,NO APLICA,AUTOMOVIL,HYUNDAI,PALMIRA,PARTICULAR,NO APLICA
623,DAÑOS,2020-03-08,2020,17:15,TARDE,DOMINGO,URIBE,CALLE 32 CARRERA 32,URBANA,TECNICO,3.52833,-76.29448,NO APLICA,NO APLICA,NO APLICA,CHOQUE,DESOBEDECER SEÑALES DE PARE,NO APLICA 2020,NO APLICA,AUTOMOVIL,KIA,CALI,PARTICULAR,NO APLICA
624,HERIDOS,2020-03-08,2020,18:00,NOCHE,DOMINGO,VIA TIENDA NUEVA TABLONES,KM 10+ 400 MTS,URBANA,TECNICO,3.57526,-76.2131,MOTOCICLISTA,1,NO APLICA,CHOQUE,PERDIDA DE CONTRO,NO APLICA 2020,PALMA,MOTO,MAZDA,PEREIRA,PARTICULAR,NO APLICA
625,HERIDOS,2020-03-08,2020,18:00,NOCHE,DOMINGO,VIA TIENDA NUEVA TABLONES,KM 10+ 400 MTS,URBANA,TECNICO,3.57526,-76.2131,ACOMPAÑANTE MOTOCICLISTA,1,NO APLICA,CHOQUE,PERDIDA DE CONTRO,NO APLICA 2020,PALMA,NO APLICA,NO APLICA,NO APLICA,NO APLICA,NO APLICA
626,HERIDOS,2020-03-08,2020,18:00,NOCHE,DOMINGO,VIA TIENDA NUEVA TABLONES,KM 10+ 400 MTS,URBANA,TECNICO,3.57526,-76.2131,ACOMPAÑANTE MOTOCICLISTA,1,NO APLICA,CHOQUE,PERDIDA DE CONTRO,NO APLICA 2020,PALMA,NO APLICA,NO APLICA,NO APLICA,NO APLICA,NO APLICA
627,HERIDOS,2020-03-08,2020,13:20,TARDE,DOMINGO,CENTRO,CALLE 29 CARRERA32,URBANA,TECNICO,3.52658,-76.30257,NO APLICA,NO APLICA,NO APLICA,CHOQUE,PASAR SEMAFORO EN ROJO,NO APLICA 2020,NO APLICA,BUSETA,IVECO,PALMIRA,PUBLICO,TUPAL
628,HERIDOS,2020-03-08,2020,13:20,TARDE,DOMINGO,CENTRO,CALLE 29 CARRERA32,URBANA,TECNICO,3.52658,-76.30257,MOTOCICLISTA,1,NO APLICA,CHOQUE,PASAR SEMAFORO EN ROJO,NO APLICA 2020,PALMIRA,MOTO,AKT,BOGOTA,PARTICULAR,NO APLICA
629,DAÑOS,2020-03-09,2020,17:30,TARDE,LUNES,ZAMORANO,CARRERA 31E CALLE 65,URBANA,TECNICO,3.55434,-76.29984,NO APLICA,NO APLICA,NO APLICA,CHOQUE,NO MANTENER DISTANCIA DE SEGURIDAD,NO APLICA 2020,NO APLICA,AUTOMOVIL,RENAULT,PALMIRA,PARTICULAR,NO APLICA
630,DAÑOS,2020-03-09,2020,17:30,TARDE,LUNES,ZAMORANO,CARRERA 31E CALLE 65,URBANA,TECNICO,3.55434,-76.29984,NO APLICA,NO APLICA,NO APLICA,CHOQUE,NO MANTENER DISTANCIA DE SEGURIDAD,NO APLICA 2020,NO APLICA,MOTO,AUTECO,GUACARI,PARTICULAR,NO APLICA
631,HERIDOS,2020-03-09,2020,13:20,TARDE,LUNES,SANTA RITA,CARRERA 27 CALLE 38,URBANA,TECNICO,3.53467,-76.29674,NO APLICA,NO APLICA,NO APLICA,CHOQUE,DESOBEDECER SEÑALES DE PARE,NO APLICA 2020,NO APLICA,AUTOMOVIL,KIA,PALMIRA,PARTICULAR,NO APLICA
632,HERIDOS,2020-03-09,2020,13:20,TARDE,LUNES,SANTA RITA,CARRERA 27 CALLE 38,URBANA,TECNICO,3.53467,-76.29674,NO APLICA,NO APLICA,NO APLICA,CHOQUE,DESOBEDECER SEÑALES DE PARE,NO APLICA 2020,NO APLICA,CAMION,HYUNDAI,CALI,PARTICULAR,NO APLICA
633,HERIDOS,2020-03-09,2020,13:20,TARDE,LUNES,SANTA RITA,CARRERA 27 CALLE 38,URBANA,TECNICO,3.53467,-76.29674,CICLISTA,1,NO APLICA,CHOQUE,DESOBEDECER SEÑALES DE PARE,NO APLICA 2020,PALMA,BICICLETA,NO APLICA,NO APLICA,PARTICULAR,NO APLICA
634,HERIDOS,2020-03-10,2020,14:00,TARDE,MARTES,SAN PEDRO,CALLE 41 CARRERA 18,URBANA,TECNICO,3.53642,-76.28978,MOTOCICLISTA,1,NO APLICA,CHOQUE,DESOBEDECER SEÑALES DE PARE,NO APLICA 2020,PALMIRA,MOTO,SUZUKI,PALMIRA,PARTICULAR,NO APLICA
635,HERIDOS,2020-03-10,2020,14:00,TARDE,MARTES,SAN PEDRO,CALLE 41 CARRERA 18,URBANA,TECNICO,3.53642,-76.28978,MOTOCICLISTA,NO APLICA,NO APLICA,CHOQUE,DESOBEDECER SEÑALES DE PARE,NO APLICA 2020,NO APLICA,MOTO,BAJAJ,PALMIRA,PARTICULAR,NO APLICA
636,HERIDOS,2020-03-10,2020,20:10,NOCHE,MARTES,DANUBIO,CARRERA 20 CALLE 34,URBANA,TECNICO,3.53023,-76.29166,MOTOCICLISTA,1,NO APLICA,CHOQUE,DESOBEDECER SEÑALES DE PARE,NO APLICA 2020,PALMIRA,MOTO,HONDA,FLORIDA,PARTICULAR,NO APLICA
637,HERIDOS,2020-03-10,2020,20:10,NOCHE,MARTES,DANUBIO,CARRERA 20 CALLE 34,URBANA,TECNICO,3.53023,-76.29166,MOTOCICLISTA,1,NO APLICA,CHOQUE,DESOBEDECER SEÑALES DE PARE,NO APLICA 2020,PALMIRA,MOTO,AKT,PRADERA,PARTICULAR,NO APLICA
638,DAÑOS,2020-03-11,2020,11:00,MAÑANA,MIERCOLES,VIA PALMIRA TIENDA NUEVA,KM 7 + 800 MTS,RURAL,TECNICO,3.56607,-76.22896,NO APLICA,NO APLICA,NO APLICA,CHOQUE,IMPERICIA EN EL MANEJO,NO APLICA 2020,NO APLICA,CAMIONETA,CHEVROLET,CALI,PARTICULAR,NO APLICA
639,DAÑOS,2020-03-11,2020,10:00,MAÑANA,MIERCOLES,ESTONIA,CALLE 47 CARRERA 30,URBANA,TECNICO,3.54216,-76.29817,NO APLICA,NO APLICA,NO APLICA,CHOQUE,NO MANTENER DISTANCIA DE SEGURIDAD,NO APLICA 2020,NO APLICA,CAMIONETA,SUZUKI,PALMIRA,PARTICULAR,NO APLICA
640,DAÑOS,2020-03-11,2020,10:00,MAÑANA,MIERCOLES,ESTONIA,CALLE 47 CARRERA 30,URBANA,TECNICO,3.54216,-76.29817,NO APLICA,NO APLICA,NO APLICA,CHOQUE,NO MANTENER DISTANCIA DE SEGURIDAD,NO APLICA 2020,NO APLICA,BUSETA,IVECO,PALMIRA,PARTICULAR,NO APLICA
641,DAÑOS,2020-03-12,2020,09:00,MAÑANA,JUEVES,VIA PALMIRA TIENDA NUEVA,KM 9,RURAL,TECNICO,3.57135,-76.21841,NO APLICA,NO APLICA,NO APLICA,CHOQUE,NO MANTENER DISTANCIA DE SEGURIDAD,NO APLICA 2020,NO APLICA,CAMION,MERCEDES BENZ,GUACARI,PARTICULAR,NO APLICA
642,DAÑOS,2020-03-12,2020,09:00,MAÑANA,JUEVES,VIA PALMIRA TIENDA NUEVA,KM 9,RURAL,TECNICO,3.57135,-76.21841,NO APLICA,NO APLICA,NO APLICA,CHOQUE,NO MANTENER DISTANCIA DE SEGURIDAD,NO APLICA 2020,NO APLICA,CAMIONETA,MAZDA,CALI,PARTICULAR,NO APLICA
643,DAÑOS,2020-03-12,2020,10:00,MAÑANA,JUEVES,ESTONIA,CALLE 42 CARRERA 31,URBANA,TECNICO,3.53836,-76.30014,NO APLICA,NO APLICA,NO APLICA,CHOQUE,ARRANCAR SIN PRECAUCION,NO APLICA 2020,NO APLICA,AUTOMOVIL,CHEVROLET,PALMIRA,PARTICULAR,NO APLICA
644,DAÑOS,2020-03-12,2020,10:00,MAÑANA,JUEVES,ESTONIA,CALLE 42 CARRERA 31,URBANA,TECNICO,3.53836,-76.30014,NO APLICA,NO APLICA,NO APLICA,CHOQUE,ARRANCAR SIN PRECAUCION,NO APLICA 2020,NO APLICA,VOLQUETA,CHEVROLET,PRADERA,PARTICULAR,NO APLICA
645,DAÑOS,2020-03-10,2020,10:15,MAÑANA,MARTES,VIA PRIVADA,INGENIO MANUELITA,RURAL,TECNICO,3.58046,-76.29434,NO APLICA,NO APLICA,NO APLICA,CHOQUE,REVERSO IMPRUDENTE,NO APLICA 2020,NO APLICA,CAMPERO,RENAULT,CALI,PARTICULAR,NO APLICA
646,DAÑOS,2020-03-10,2020,10:15,MAÑANA,MARTES,VIA PRIVADA,INGENIO MANUELITA,RURAL,TECNICO,3.58046,-76.29434,NO APLICA,NO APLICA,NO APLICA,CHOQUE,REVERSO IMPRUDENTE,NO APLICA 2020,NO APLICA,TRACTO CAMION,KENWORTH,CUNDINAMARCA,PUBLICO,NO APLICA
647,DAÑOS,2020-03-12,2020,17:00,TARDE,MARTES,SANTA BARBARA,CARRERA 42 CALLE 25,URBANA,TECNICO,3.52338,-76.31232,NO APLICA,NO APLICA,NO APLICA,CHOQUE,ADELANTAR EN ZONA PROHIBIDA,NO APLICA 2020,NO APLICA,CAMIONETA,KIA,CALI,PARTICULAR,NO APLICA
648,DAÑOS,2020-03-12,2020,17:00,TARDE,MARTES,SANTA BARBARA,CARRERA 42 CALLE 25,URBANA,TECNICO,3.52338,-76.31232,NO APLICA,NO APLICA,NO APLICA,CHOQUE,ADELANTAR EN ZONA PROHIBIDA,NO APLICA 2020,NO APLICA,CAMPERO,RENAULT,PALMIRA,PARTICULAR,NO APLICA
649,HERIDOS,2020-03-11,2020,11:30,MAÑANA,MIERCOLES,AMERICAS,CALLE 16 CARRERA 25,URBANA,TECNICO,3.51481,-76.29796,NO APLICA,NO APLICA,NO APLICA,CHOQUE,DESOBEDECER SEÑALES DE PARE,NO APLICA 2020,NO APLICA,AUTOMOVIL,CHEVROLET,PALMIRA,PARTICULAR,NO APLICA
650,HERIDOS,2020-03-11,2020,11:30,MAÑANA,MIERCOLES,AMERICAS,CALLE 16 CARRERA 25,URBANA,TECNICO,3.51481,-76.29796,MOTOCICLISTA,1,NO APLICA,CHOQUE,DESOBEDECER SEÑALES DE PARE,NO APLICA 2020,PALMIRA,MOTO,BAJAJ,FLORIDA,PARTICULAR,NO APLICA
651,HERIDOS,2020-03-14,2020,17:25,TARDE,SABADO,AMERICAS,CARRERA 28 CALLE 14,URBANA,TECNICO,3.51326,-76.30106,NO APLICA,NO APLICA,NO APLICA,CHOQUE,TRANSITAR EN CONTRAVIA,NO APLICA 2020,NO APLICA,CAMPERO,DAIHATSU,CALI,PARTICULAR,NO APLICA
652,HERIDOS,2020-03-14,2020,17:25,TARDE,SABADO,AMERICAS,CARRERA 28 CALLE 14,URBANA,TECNICO,3.51326,-76.30106,MOTOCICLISTA,1,NO APLICA,CHOQUE,TRANSITAR EN CONTRAVIA,NO APLICA 2020,PALMIRA,MOTO,SUZUKI,PALMIRA,PARTICULAR,NO APLICA
653,HERIDOS,2020-03-15,2020,11:40,MAÑANA,DOMINGO,COLOMBINA,CALLE 28 CARRERA 17,URBANA,TECNICO,3.52421,-76.28983,NO APLICA,NO APLICA,NO APLICA,CHOQUE,DESOBEDECER SEÑALES DE PARE,NO APLICA 2020,NO APLICA,AUTOMOVIL,HYUNDAI,PALMIRA,PARTICULAR,NO APLICA
654,HERIDOS,2020-03-15,2020,11:40,MAÑANA,DOMINGO,COLOMBINA,CALLE 28 CARRERA 17,URBANA,TECNICO,3.52421,-76.28983,MOTOCICLISTA,1,NO APLICA,CHOQUE,DESOBEDECER SEÑALES DE PARE,NO APLICA 2020,PALMA,MOTO,BAJAJ,FLORIDA,PARTICULAR,NO APLICA
655,HERIDOS,2020-03-15,2020,12:30,TARDE,DOMINGO,NUEVO,CARRERA 31 CALLE 20,URBANA,TECNICO,3.51892,-76.30311,MOTOCICLISTA,1,NO APLICA,CHOQUE,DESOBEDECER SEÑALES DE PARE,NO APLICA 2020,PALMIRA,MOTO,TVS,PRADERA,PARTICULAR,NO APLICA
656,HERIDOS,2020-03-15,2020,12:30,TARDE,DOMINGO,NUEVO,CARRERA 31 CALLE 20,URBANA,TECNICO,3.51892,-76.30311,NO APLICA,NO APLICA,NO APLICA,CHOQUE,DESOBEDECER SEÑALES DE PARE,NO APLICA 2020,NO APLICA,AUTOMOVIL,RENAULT,MANIZALES,PARTICULAR,NO APLICA
657,DAÑOS,2020-03-12,2020,15:00,TARDE,JUEVES,CENTRO POBLADO ROZO,AVENIDAD 9 18-149,URBANA,TECNICO,3.61513,-76.38638,NO APLICA,NO APLICA,NO APLICA,CHOQUE,NO SABER MANIOBRAR ANTE UNA SITUCION DE PELIGRO,NO APLICA 2020,NO APLICA,VOLQUETA,DODGE,MOSQUERA,PARTICULAR,NO APLICA
658,DAÑOS,2020-03-12,2020,15:00,TARDE,JUEVES,CENTRO POBLADO ROZO,AVENIDAD 9 18-149,URBANA,TECNICO,3.61513,-76.38638,NO APLICA,NO APLICA,NO APLICA,CHOQUE,NO SABER MANIOBRAR ANTE UNA SITUCION DE PELIGRO,NO APLICA 2020,NO APLICA,CAMION,JAC,COTA,PUBLICO,NO APLICA
659,HERIDOS,2020-03-12,2020,15:10,TARDE,JUEVES,COLOMBIA,CALLE 32A CARRERA 33,URBANA,TECNICO,3.52951,-76.30315,MOTOCICLISTA,1,NO APLICA,CHOQUE,NO RESPETAR PRELACION,NO APLICA 2020,PALMIRA,MOTO,AKT,PRADERA,PARTICULAR,NO APLICA
660,HERIDOS,2020-03-12,2020,15:10,TARDE,JUEVES,COLOMBIA,CALLE 32A CARRERA 33,URBANA,TECNICO,3.52951,-76.30315,CICLISTA,1,NO APLICA,CHOQUE,NO RESPETAR PRELACION,NO APLICA 2020,PALMIRA,BICICLETA,NO APLICA,NO APLICA,PARTICULAR,NO APLICA
661,HERIDOS,2020-03-12,2020,17:55,TARDE,JUEVES,CAMPESTRE,CALLE 42 CARRERA 1-61,URBANA,TECNICO,3.53661,-76.27779,MOTOCICLISTA,1,NO APLICA,CHOQUE OBJETO FIJO,NO SABER MANIOBRAR ANTE UNA SITUCION DE PELIGRO,NO APLICA 2020,PALMA,MOTO,YAMAHA,CALI,PARTICULAR,NO APLICA
662,HERIDOS,2020-03-12,2020,17:55,TARDE,JUEVES,CAMPESTRE,CALLE 42 CARRERA 1-61,URBANA,TECNICO,3.53661,-76.27779,ACOMPAÑANTE MOTOCICLISTA,1,NO APLICA,CHOQUE OBJETO FIJO,NO SABER MANIOBRAR ANTE UNA SITUCION DE PELIGRO,NO APLICA 2020,PALMA,NO APLICA,NO APLICA,NO APLICA,NO APLICA,NO APLICA
663,HERIDOS,2020-03-13,2020,17:55,TARDE,VIERNES,SANTA TERESITA,CALLE 47 CARRERA42,URBANA,TECNICO,3.54218,-76.31313,MOTOCICLISTA,1,NO APLICA,CHOQUE,NO RESPETAR PRELACION,NO APLICA 2020,PALMA,MOTO,SUZUKI,PALMIRA,PARTICULAR,NO APLICA
664,HERIDOS,2020-03-13,2020,17:55,TARDE,VIERNES,SANTA TERESITA,CALLE 47 CARRERA42,URBANA,TECNICO,3.54218,-76.31313,MOTOCICLISTA,NO APLICA,NO APLICA,CHOQUE,NO RESPETAR PRELACION,NO APLICA 2020,NO APLICA,AUTOMOVIL,RENAULT,PALMIRA,PARTICULAR,NO APLICA
665,HERIDOS,2020-03-13,2020,15:40,TARDE,VIERNES,INDUSTRIAL,CALLE 42 CARRERA 34B-01,URBANA,TECNICO,3.53861,-76.30272,CONDUCTOR,1,NO APLICA,CHOQUE OBJETO FIJO,PERDIDA DE CONTRO,NO APLICA 2020,PALMA,CAMION,JAC,COTA,PUBLICO,NO APLICA
666,HERIDOS,2020-03-15,2020,20:15,NOCHE,DOMINGO,MUNICIPAL,CARRERA 1 CALLE 31-08,URBANA,TECNICO,3.53861,-76.30272,NO APLICA,NO APLICA,NO APLICA,ATROPELLO,CRUZAR SIN OBSERVAR,NO APLICA 2020,NO APLICA,AUTOMOVIL,HYUNDAI,PALMIRA,PUBLICO,COOP TRANS PALMERAS
667,HERIDOS,2020-03-15,2020,20:15,NOCHE,DOMINGO,MUNICIPAL,CARRERA 1 CALLE 31-08,URBANA,TECNICO,3.52522,-76.27811,PEATON,1,NO APLICA,ATROPELLO,CRUZAR SIN OBSERVAR,NO APLICA 2020,PALMIRA,NO APLICA,NO APLICA,NO APLICA,NO APLICA,NO APLICA
668,HERIDOS,2020-03-13,2020,15:30,TARDE,VIERNES,PRADO,CALLE 43 CARRERA 43,URBANA,TECNICO,3.53924,-76.31482,MOTOCICLISTA,1,NO APLICA,CHOQUE,NO RESPETAR PRELACION,NO APLICA 2020,PALMA,MOTO,VICTORY,FLORIDA,PARTICULAR,NO APLICA
669,HERIDOS,2020-03-13,2020,15:30,TARDE,VIERNES,PRADO,CALLE 43 CARRERA 43,URBANA,TECNICO,3.53924,-76.31482,NO APLICA,NO APLICA,NO APLICA,CHOQUE,NO RESPETAR PRELACION,NO APLICA 2020,NO APLICA,MOTO,HONDA,ROLDANILLO,PARTICULAR,NO APLICA
670,HERIDOS,2020-03-16,2020,08:40,MAÑANA,LUNES,COLOMBINA,CARRERA 21 CALLE 30,URBANA,TECNICO,3.52528,-76.29317,MOTOCICLISTA,1,NO APLICA,CHOQUE,DESOBEDECER SEÑALES DE PARE,NO APLICA 2020,PALMIRA,MOTO,AKT,PRADERA,PARTICULAR,NO APLICA
671,HERIDOS,2020-03-16,2020,08:40,MAÑANA,LUNES,COLOMBINA,CARRERA 21 CALLE 30,URBANA,TECNICO,3.52528,-76.29317,NO APLICA,NO APLICA,NO APLICA,CHOQUE,DESOBEDECER SEÑALES DE PARE,NO APLICA 2020,NO APLICA,CAMIONETA,CHEVROLET,CALI,PARTICULAR,NO APLICA
672,HERIDOS,2020-03-16,2020,08:40,MAÑANA,LUNES,COLOMBINA,CARRERA 21 CALLE 30,URBANA,TECNICO,3.52528,-76.29317,ACOMPAÑANTE MOTOCICLISTA,1,NO APLICA,CHOQUE,DESOBEDECER SEÑALES DE PARE,NO APLICA 2020,PALMIRA,NO APLICA,NO APLICA,NO APLICA,NO APLICA,NO APLICA
673,DAÑOS,2020-03-16,2020,08:10,MAÑANA,LUNES,SANTA ISABEL,CARRERA 28 CALLE 45,URBANA,TECNICO,3.54041,-76.29695,NO APLICA,NO APLICA,NO APLICA,CHOQUE,ADELANTAR CERRANDO,NO APLICA 2020,NO APLICA,CAMIONETA,CHEVROLET,PALMIRA,PUBLICO,NO APLICA
674,DAÑOS,2020-03-16,2020,08:10,MAÑANA,LUNES,SANTA ISABEL,CARRERA 28 CALLE 45,URBANA,TECNICO,3.54041,-76.29695,NO APLICA,NO APLICA,NO APLICA,CHOQUE,ADELANTAR CERRANDO,NO APLICA 2020,NO APLICA,BUSETA,IVECO,PALMIRA,PUBLICO,TUPAL
675,HERIDOS,2020-03-13,2020,13:20,TARDE,VIERNES,CENTRO,CARRERA 25 CALLE 32A,URBANA,TECNICO,3.52911,-76.29601,MOTOCICLISTA,1,NO APLICA,CHOQUE,DESOBEDECER SEÑALES DE PARE,NO APLICA 2020,FRACTURAS,MOTO,BAJAJ,PALMIRA,PARTICULAR,NO APLICA
676,HERIDOS,2020-03-13,2020,13:20,TARDE,VIERNES,CENTRO,CARRERA 25 CALLE 32A,URBANA,TECNICO,3.52911,-76.29601,MOTOCICLISTA,1,NO APLICA,CHOQUE,DESOBEDECER SEÑALES DE PARE,NO APLICA 2020,FRACTURAS,MOTO,HONDA,BUGA,PARTICULAR,NO APLICA
677,HERIDOS,2020-03-11,2020,05:00,MADRUGADA,MIERCOLES,CENTRO,CALLE 31 CARRERA 23,URBANA,TECNICO,3.52664,-76.28867,MOTOCICLISTA,1,NO APLICA,CHOQUE,SEMAFORO EN ROJO,NO APLICA 2020,RAUL,MOTO,JIALING,PALMIRA,PARTICULAR,NO APLICA
678,HERIDOS,2020-03-11,2020,05:00,MADRUGADA,MIERCOLES,CENTRO,CALLE 31 CARRERA 23,URBANA,TECNICO,3.52664,-76.28867,NO APLICA,NO APLICA,NO APLICA,CHOQUE,SEMAFORO EN ROJO,NO APLICA 2020,NO APLICA,AUTOMOVIL,CHEVROLET,CALI,PARTICULAR,NO APLICA
679,HERIDOS,2020-03-16,2020,14:15,TARDE,LUNES,URIBE,CALLE 35 CARRERA 22,URBANA,TECNICO,3.53131,-76.29327,MOTOCICLISTA,1,NO APLICA,CHOQUE,DESOBEDECER SEÑALES DE PARE,NO APLICA 2020,PALMA,MOTO,HERO,FLORIDA,PARTICULAR,NO APLICA
680,HERIDOS,2020-03-16,2020,14:15,TARDE,LUNES,URIBE,CALLE 35 CARRERA 22,URBANA,TECNICO,3.53131,-76.29327,NO APLICA,NO APLICA,NO APLICA,CHOQUE,DESOBEDECER SEÑALES DE PARE,NO APLICA 2020,NO APLICA,AUTOMOVIL,CHEVROLET,CALI,PARTICULAR,NO APLICA
681,DAÑOS,2020-03-17,2020,08:05,MAÑANA,MARTES,CENTRO,CALLE 29 CARRERAS 28-27,URBANA,TECNICO,3.5261,-76.29947,NO APLICA,NO APLICA,NO APLICA,CHOQUE,NO MANTENER DISTANCIA DE SEGURIDAD,NO APLICA 2020,NO APLICA,AUTOMOVIL,FORD,CALI,PARTICULAR,NO APLICA
682,DAÑOS,2020-03-17,2020,08:05,MAÑANA,MARTES,CENTRO,CALLE 29 CARRERAS 28-27,URBANA,TECNICO,3.5261,-76.29947,NO APLICA,NO APLICA,NO APLICA,CHOQUE,NO MANTENER DISTANCIA DE SEGURIDAD,NO APLICA 2020,NO APLICA,MOTO,BAJAJ,MANIZALES,PARTICULAR,NO APLICA
683,HERIDOS,2020-03-17,2020,07:40,MAÑANA,MARTES,COLOMBINA,CALLE 30 CARRERA 18,URBANA,TECNICO,3.52591,-76.2905,MOTOCICLISTA,1,NO APLICA,CHOQUE,SEMAFORO EN ROJO,NO APLICA 2020,RAUL,MOTO,AKT,PRADERA,PARTICULAR,NO APLICA
684,HERIDOS,2020-03-17,2020,07:40,MAÑANA,MARTES,COLOMBINA,CALLE 30 CARRERA 18,URBANA,TECNICO,3.52591,-76.2905,NO APLICA,NO APLICA,NO APLICA,CHOQUE,SEMAFORO EN ROJO,NO APLICA 2020,NO APLICA,MICROBUS,CHEVROLET,PALMIRA,PUBLICO,MONTEBELLO
685,DAÑOS,2020-03-18,2020,09:40,MAÑANA,MIERCOLES,MIRRIÑAO,CALLE 54 CARRERA 29A,URBANA,TECNICO,3.54711,-76.29676,NO APLICA,NO APLICA,NO APLICA,CHOQUE,NO RESPETAR PRELACION,NO APLICA 2020,NO APLICA,AUTOMOVIL,MAZDA,CALI,PARTICULAR,NO APLICA
686,DAÑOS,2020-03-18,2020,09:40,MAÑANA,MIERCOLES,MIRRIÑAO,CALLE 54 CARRERA 29A,URBANA,TECNICO,3.54711,-76.29676,NO APLICA,NO APLICA,NO APLICA,CHOQUE,NO RESPETAR PRELACION,NO APLICA 2020,NO APLICA,AUTOMOVIL,HYUNDAI,PALMIRA,PARTICULAR,NO APLICA
687,DAÑOS,2020-03-18,2020,12:25,TARDE,MIERCOLES,COLOMBIA,CALLE 33 CARRERA 33,URBANA,TECNICO,3.53103,-76.30301,NO APLICA,NO APLICA,NO APLICA,CHOQUE,POR ESTABLECER,NO APLICA 2020,NO APLICA,AUTOMOVIL,KIA,PALMIRA,PARTICULAR,NO APLICA
688,HERIDOS,2020-03-17,2020,15:50,TARDE,MARTES,COLOMBINA,CALLE 31 CARRERA 19,URBANA,TECNICO,3.52696,-76.29122,NO APLICA,NO APLICA,NO APLICA,CHOQUE,TRANSITAR EN CONTRAVIA,NO APLICA 2020,NO APLICA,AUTOMOVIL,KIA,CALI,PARTICULAR,NO APLICA
689,HERIDOS,2020-03-17,2020,15:50,TARDE,MARTES,COLOMBINA,CALLE 31 CARRERA 19,URBANA,TECNICO,3.52696,-76.29122,MOTOCICLISTA,1,NO APLICA,CHOQUE,TRANSITAR EN CONTRAVIA,NO APLICA 2020,PALMIRA,MOTO,HONDA,GUACARI,PARTICULAR,NO APLICA