,GRAVEDAD,FECHA,AÑO,HORA,JORNADA,DIA_SEMANA,BARRIO-CORREGIMIENTO-VIA,DIRECCION,ZONA,AUTORIDAD,LAT,LONG,CONDICION_VICTIMA,LESIONADO,HOMICIDIOS,TIPO_ACCIDENTE,HIPOTESIS,GENERO,CLINICA,CLASE_VEHICULO,MARCA,MATRICULA,TIPO DE SERVICIO,EMPRESA
690,HERIDOS,2020-03-17,2020,15:50,TARDE,MARTES,COLOMBINA,CALLE 31 CARRERA 19,URBANA,TECNICO,3.52696,-76.29122,ACOMPAÑANTE MOTOCICLISTA,1,NO APLICA,CHOQUE,TRANSITAR EN CONTRAVIA,NO APLICA 2020,PALMIRA,NO APLICA,NO APLICA,NO APLICA,NO APLICA,NO APLICA
691,HERIDOS,2020-03-18,2020,19:10,NOCHE,MIERCOLES,NUEVO,CALLE 18 CARRERA 31,URBANA,TECNICO,3.51708,-76.30349,NO APLICA,NO APLICA,NO APLICA,CHOQUE,DESOBEDECER SEÑALES DE PARE,NO APLICA 2020,NO APLICA,AUTOMOVIL,CHEVROLET,CALI,PARTICULAR,NO APLICA
692,HERIDOS,2020-03-18,2020,19:10,NOCHE,MIERCOLES,NUEVO,CALLE 18 CARRERA 31,URBANA,TECNICO,3.51708,-76.30349,MOTOCICLISTA,1,NO APLICA,CHOQUE,DESOBEDECER SEÑALES DE PARE,NO APLICA 2020,PALMIRA,MOTO,ABC,PRADERA,PARTICULAR,NO APLICA
693,HERIDOS,2020-03-18,2020,19:10,NOCHE,MIERCOLES,NUEVO,CALLE 18 CARRERA 31,URBANA,TECNICO,3.51708,-76.30349,ACOMPAÑANTE MOTOCICLISTA,1,NO APLICA,CHOQUE,DESOBEDECER SEÑALES DE PARE,NO APLICA 2020,PALMIRA,NO APLICA,NO APLICA,NO APLICA,NO APLICA,NO APLICA
694,HERIDOS,2020-03-20,2020,15:50,TARDE,VIERNES,PRADO,CARRERA 40 CALLE 36-68,URBANA,TECNICO,3.53341,-76.3101,MOTOCICLISTA,1,NO APLICA,CHOQUE,GIRAR BRUSCAMENTE,NO APLICA 2020,PALMIRA,MOTO,SUZUKI,ENVIGADO,PARTICULAR,NO APLICA
695,HERIDOS,2020-03-20,2020,15:50,TARDE,VIERNES,PRADO,CARRERA 40 CALLE 36-68,URBANA,TECNICO,3.53341,-76.3101,NO APLICA,NO APLICA,NO APLICA,CHOQUE,GIRAR BRUSCAMENTE,NO APLICA 2020,NO APLICA,CAMIONETA,NISSAN,CALI,PARTICULAR,NO APLICA
696,HERIDOS,2020-03-20,2020,17:00,TARDE,VIERNES,LAS FLORES,TRANSVERSAL 30 CARRERA 1-229,URBANA,TECNICO,3.52185,-76.27894,NO APLICA,NO APLICA,NO APLICA,CHOQUE,ADELANTAR ZONA PROHIBIDAD,NO APLICA 2020,NO APLICA,AUTOMOVIL,NISSAN,PALMIRA,PARTICULAR,NO APLICA
697,HERIDOS,2020-03-20,2020,17:00,TARDE,VIERNES,LAS FLORES,TRANSVERSAL 30 CARRERA 1-229,URBANA,TECNICO,3.52185,-76.27894,MOTOCICLISTA,1,NO APLICA,CHOQUE,ADELANTAR ZONA PROHIBIDAD,NO APLICA 2020,PALMIRA,MOTO,AKT,PRADERA,PARTICULAR,NO APLICA
698,HERIDOS,2020-03-20,2020,17:20,TARDE,VIERNES,PERSEVERANCIA,CARRERA 22 CALLE 12B,URBANA,TECNICO,3.51097,-76.29246,MOTOCICLISTA,1,NO APLICA,CHOQUE,ADELANTAR EN ZONA PROHIBIDA,NO APLICA 2020,PALMIRA,MOTO,KEEWAY,GUACARI,PARTICULAR,NO APLICA
699,HERIDOS,2020-03-20,2020,17:20,TARDE,VIERNES,PERSEVERANCIA,CARRERA 22 CALLE 12B,URBANA,TECNICO,3.51097,-76.29246,MOTOCICLISTA,1,NO APLICA,CHOQUE,ADELANTAR EN ZONA PROHIBIDA,NO APLICA 2020,PALMIRA,MOTO,JIALING,PALMIRA,PARTICULAR,NO APLICA
700,HERIDOS,2020-03-20,2020,17:45,TARDE,VIERNES,LOS PINOS,CALLE 42 CARRERA 24,URBANA,TECNICO,3.53748,-76.29399,NO APLICA,NO APLICA,NO APLICA,CHOQUE,NO ESTAR PENDIENTE DE LA VIA,NO APLICA 2020,NO APLICA,AUTOMOVIL,CHEVROLET,CALI,PARTICULAR,NO APLICA
701,HERIDOS,2020-03-20,2020,17:45,TARDE,VIERNES,LOS PINOS,CALLE 42 CARRERA 24,URBANA,TECNICO,3.53748,-76.29399,MOTOCICLISTA,1,NO APLICA,CHOQUE,NO ESTAR PENDIENTE DE LA VIA,NO APLICA 2020,PALMA,MOTO,SUZUKI,GUACARI,PARTICULAR,NO APLICA
702,HERIDOS,2020-03-21,2020,09:50,MAÑANA,SABADO,URIBE,CARRERA 21 CALLE 34,URBANA,TECNICO,3.53031,-76.29254,MOTOCICLISTA,1,NO APLICA,CHOQUE,DESOBEDECER SEÑALES DE PARE,NO APLICA 2020,PALMIRA,MOTO,AKT,PRADERA,PARTICULAR,NO APLICA
703,HERIDOS,2020-03-21,2020,09:50,MAÑANA,SABADO,URIBE,CARRERA 21 CALLE 34,URBANA,TECNICO,3.53031,-76.29254,NO APLICA,NO APLICA,NO APLICA,CHOQUE,DESOBEDECER SEÑALES DE PARE,NO APLICA 2020,NO APLICA,MOTO,YAMAHA,CALI,PARTICULAR,NO APLICA
704,HERIDOS,2020-03-21,2020,09:50,MAÑANA,SABADO,URIBE,CARRERA 21 CALLE 34,URBANA,TECNICO,3.53031,-76.29254,ACOMPAÑANTE MOTOCICLISTA,1,NO APLICA,CHOQUE,DESOBEDECER SEÑALES DE PARE,NO APLICA 2020,RAUL,NO APLICA,NO APLICA,NO APLICA,NO APLICA,NO APLICA
705,HERIDOS,2020-03-22,2020,11:30,MAÑANA,DOMINGO,PORTAL DE LAS PALMAS,CALLE 47A CARRERA 45-24,URBANA,TECNICO,3.54272,-76.31667,NO APLICA,NO APLICA,NO APLICA,CHOQUE,PONER EN MARCHA SIN MEDIDAS DE PRECAUCION,NO APLICA 2020,NO APLICA,MOTO,HONDA,GUACARI,PARTICULAR,NO APLICA
706,HERIDOS,2020-03-22,2020,11:30,MAÑANA,DOMINGO,PORTAL DE LAS PALMAS,CALLE 47A CARRERA 45-24,URBANA,TECNICO,3.54272,-76.31667,MOTOCICLISTA,1,NO APLICA,CHOQUE,PONER EN MARCHA SIN MEDIDAS DE PRECAUCION,NO APLICA 2020,PALMA,MOTO,BAJAJ,PALMIRA,PARTICULAR,NO APLICA
707,HERIDOS,2020-03-20,2020,05:30,MADRUGADA,VIERNES,VIA PRIVADA,MANUELITA,RURAL,TECNICO,3.57866,-76.29156,CICLISTA,1,NO APLICA,CHOQUE,INVADIR CARRIL,NO APLICA 2020,PALMA,BICICLETA,NO APLICA,NO APLICA,PARTICULAR,NO APLICA
708,HERIDOS,2020-03-20,2020,05:30,MADRUGADA,VIERNES,VIA PRIVADA,MANUELITA,RURAL,TECNICO,3.57866,-76.29156,MOTOCICLISTA,1,NO APLICA,CHOQUE,INVADIR CARRIL,NO APLICA 2020,PALMA,MOTO,HONDA,PALMIRA,PARTICULAR,NO APLICA
709,HERIDOS,2020-03-20,2020,05:30,MADRUGADA,VIERNES,VIA PRIVADA,MANUELITA,RURAL,TECNICO,3.57866,-76.29156,ACOMPAÑANTE MOTOCICLISTA,1,NO APLICA,CHOQUE,INVADIR CARRIL,NO APLICA 2020,PALMA,NO APLICA,NO APLICA,NO APLICA,NO APLICA,NO APLICA
710,HERIDOS,2020-03-20,2020,13:00,TARDE,VIERNES,COLOMBIA,CARRERA 31 CALLE 35,URBANA,TECNICO,3.53235,-76.30073,MOTOCICLISTA,1,NO APLICA,CHOQUE,DESOBEDECER SEÑALES,NO APLICA 2020,PALMA,MOTO,SUZUKI,PALMIRA,PARTICULAR,NO APLICA
711,HERIDOS,2020-03-20,2020,13:00,TARDE,VIERNES,COLOMBIA,CARRERA 31 CALLE 35,URBANA,TECNICO,3.53235,-76.30073,NO APLICA,NO APLICA,NO APLICA,CHOQUE,DESOBEDECER SEÑALES,NO APLICA 2020,NO APLICA,AUTOMOVIL,MAZDA,CALI,PARTICULAR,NO APLICA
712,HERIDOS,2020-03-21,2020,21:00,NOCHE,SABADO,TRINIDAD,CARRERA 23 CALLE 31-25,URBANA,TECNICO,3.52749,-76.29491,NO APLICA,NO APLICA,NO APLICA,CHOQUE,NO MANTENER DISTANCIA DE SEGURIDAD,NO APLICA 2020,NO APLICA,CAMIONETA,RENAULT,PALMIRA,OFICIAL,NO APLICA
713,HERIDOS,2020-03-21,2020,21:00,NOCHE,SABADO,TRINIDAD,CARRERA 23 CALLE 31-25,URBANA,TECNICO,3.52749,-76.29491,MOTOCICLISTA,1,NO APLICA,CHOQUE,NO MANTENER DISTANCIA DE SEGURIDAD,NO APLICA 2020,PALMIRA,MOTO,SUZUKI,PALMIRA,PARTICULAR,NO APLICA
714,DAÑOS,2020-03-23,2020,14:00,TARDE,LUNES,PERSEVERANCIA,CALLE 12A CARRERA 22 -124,URBANA,TECNICO,3.51066,-76.29293,NO APLICA,NO APLICA,NO APLICA,CHOQUE,REVERSO IMPRUDENTE,NO APLICA 2020,NO APLICA,AUTOMOVIL,CHEVROLET,CALI,PARTICULAR,NO APLICA
715,DAÑOS,2020-03-23,2020,14:00,TARDE,LUNES,PERSEVERANCIA,CALLE 12A CARRERA 22 -124,URBANA,TECNICO,3.51066,-76.29293,NO APLICA,NO APLICA,NO APLICA,CHOQUE,REVERSO IMPRUDENTE,NO APLICA 2020,NO APLICA,AUTOMOVIL,CHEVROLET,PALMIRA,PUBLICO,COOTRANSPAL
716,HERIDOS,2020-03-25,2020,19:00,NOCHE,MIERCOLES,CHAPINERO,CARRERA 30 CALLE 17 -23,URBANA,TECNICO,3.51635,-76.3027,MOTOCICLISTA,1,NO APLICA,CHOQUE,PONER EN MARCHA SIN MEDIDAS DE PRECAUCION,NO APLICA 2020,PALMIRA,MOTO,KIMCO,FLORIDA,PARTICULAR,NO APLICA
717,HERIDOS,2020-03-25,2020,19:00,NOCHE,MIERCOLES,CHAPINERO,CARRERA 30 CALLE 17 -23,URBANA,TECNICO,3.51635,-76.3027,NO APLICA,NO APLICA,NO APLICA,CHOQUE,PONER EN MARCHA SIN MEDIDAS DE PRECAUCION,NO APLICA 2020,NO APLICA,CAMIONETA,FAW,BOGOTA,PARTICULAR,NO APLICA
718,DAÑOS,2020-03-25,2020,14:10,TARDE,MIERCOLES,RECREO,CALLE 22 CARRERA 25,URBANA,TECNICO,3.51992,-76.2974,NO APLICA,NO APLICA,NO APLICA,CHOQUE,DESOBEDECER SEÑALES DE PARE,NO APLICA 2020,NO APLICA,CAMPERO,RENAULT,MINISTERIO,OFICIAL,NO APLICA
719,DAÑOS,2020-03-25,2020,14:10,TARDE,MIERCOLES,RECREO,CALLE 22 CARRERA 25,URBANA,TECNICO,3.51992,-76.2974,NO APLICA,NO APLICA,NO APLICA,CHOQUE,DESOBEDECER SEÑALES DE PARE,NO APLICA 2020,NO APLICA,CAMIONETA,CHEVROLET,GUACARI,PUBLICO,NO APLICA
720,MUERTO,2020-03-26,2020,18:48,NOCHE,JUEVES,MUNICIPAL,CARRERA 1 CALLES 30-31,URBANA,TECNICO,3.5249,-76.27815,CICLISTA,NO APLICA,1,CHOQUE,NO ESTAR PENDIENTE DE LA VIA,NO APLICA 2020,NO APLICA,TRICICLO,NO APLICA,NO APLICA,PARTICULAR,NO APLICA
721,HERIDOS,2020-03-26,2020,18:48,NOCHE,JUEVES,MUNICIPAL,CARRERA 1 CALLES 30-31,URBANA,TECNICO,3.5249,-76.27815,NO APLICA,NO APLICA,NO APLICA,CHOQUE,NO ESTAR PENDIENTE DE LA VIA,NO APLICA 2020,NO APLICA,CAMIONETA,HYUNDAI,CALI,PARTICULAR,NO APLICA
722,MUERTO,2020-03-26,2020,18:48,NOCHE,JUEVES,MUNICIPAL,CARRERA 1 CALLES 30-31,URBANA,TECNICO,3.5249,-76.27815,ACOMPAÑANTE CICLISTA,1,NO APLICA,CHOQUE,NO ESTAR PENDIENTE DE LA VIA,NO APLICA 2020,NO APLICA,BICICLETA,NO APLICA,NO APLICA,PARTICULAR,NO APLICA
723,MUERTO,2020-03-26,2020,18:48,NOCHE,JUEVES,MUNICIPAL,CARRERA 1 CALLES 30-31,URBANA,TECNICO,3.5249,-76.27815,CICLISTA,1,NO APLICA,CHOQUE,NO ESTAR PENDIENTE DE LA VIA,NO APLICA 2020,NO APLICA,BICICLETA,NO APLICA,NO APLICA,PARTICULAR,NO APLICA
724,DAÑOS,2020-03-30,2020,07:30,MAÑANA,LUNES,SANTA RITA,CALLE 33 CARRERA 27,URBANA,TECNICO,3.53016,-76.29744,NO APLICA,NO APLICA,NO APLICA,CHOQUE,SEMAFORO EN ROJO,NO APLICA 2020,NO APLICA,AUTOMOVIL,RENAULT,ENVIGADO,PARTICULAR,NO APLICA
725,DAÑOS,2020-03-30,2020,07:30,MAÑANA,LUNES,SANTA RITA,CALLE 33 CARRERA 27,URBANA,TECNICO,3.53016,-76.29744,NO APLICA,NO APLICA,NO APLICA,CHOQUE,SEMAFORO EN ROJO,NO APLICA 2020,NO APLICA,AUTOMOVIL,SUZUKI,PALMIRA,PUBLICO,COOFLOPAL
726,HERIDOS,2020-03-28,2020,13:20,TARDE,VIERNES,OBRERO,CALLE 36 CARRERA 26,URBANA,TECNICO,3.53254,-76.29629,MOTOCICLISTA,1,NO APLICA,CHOQUE,DESOBEDECER SEÑALES,NO APLICA 2020,PALMA,MOTO,YAMAHA,SOACHA,PARTICULAR,NO APLICA
727,HERIDOS,2020-03-28,2020,13:20,TARDE,VIERNES,OBRERO,CALLE 36 CARRERA 26,URBANA,TECNICO,3.53254,-76.29629,NO APLICA,NO APLICA,NO APLICA,CHOQUE,DESOBEDECER SEÑALES,NO APLICA 2020,NO APLICA,CAMION,CHEVROLET,CALI,PARTICULAR,NO APLICA
728,HERIDOS,2020-03-28,2020,13:20,TARDE,VIERNES,OBRERO,CALLE 36 CARRERA 26,URBANA,TECNICO,3.53254,-76.29629,ACOMPAÑANTE MOTOCICLISTA,1,NO APLICA,CHOQUE,DESOBEDECER SEÑALES,NO APLICA 2020,PALMA,NO APLICA,NO APLICA,NO APLICA,NO APLICA,NO APLICA
729,DAÑOS,2020-03-29,2020,09:50,MAÑANA,SABADO,OLIMPICO,CALLE 25 CARRERA 42,URBANA,TECNICO,3.52341,-76.31231,NO APLICA,NO APLICA,NO APLICA,CHOQUE,NO ESTAR PENDIENTE DE LA VIA,NO APLICA 2020,NO APLICA,MOTO,KIMCO,PALMIRA,PARTICULAR,NO APLICA
730,DAÑOS,2020-03-29,2020,09:50,MAÑANA,SABADO,OLIMPICO,CALLE 25 CARRERA 42,URBANA,TECNICO,3.52341,-76.31231,NO APLICA,NO APLICA,NO APLICA,CHOQUE,NO ESTAR PENDIENTE DE LA VIA,NO APLICA 2020,NO APLICA,AUTOMOVIL,RENAULT,BOGOTA,PARTICULAR,NO APLICA
731,DAÑOS,2020-03-31,2020,14:28,TARDE,MARTES,SANTA TERESITA,CARRERA 39 CALLE 42,URBANA,TECNICO,3.53897,-76.30991,NO APLICA,NO APLICA,NO APLICA,CHOQUE OBJETO FIJO,REVERSO IMPRUDENTE,NO APLICA 2020,NO APLICA,CAMIONETA,HONDA,CALI,PARTICULAR,NO APLICA
732,HERIDOS,2020-03-29,2020,20:30,NOCHE,DOMINGO,BOSQUE,CALLE 31 CARRERA 1,URBANA,TECNICO,3.52505,-76.27811,NO APLICA,NO APLICA,NO APLICA,CHOQUE,CRUCE REPENTINO,NO APLICA 2020,NO APLICA,MOTO,KIMCO,PALMIRA,PARTICULAR,NO APLICA
733,HERIDOS,2020-03-29,2020,20:30,NOCHE,DOMINGO,BOSQUE,CALLE 31 CARRERA 1,URBANA,TECNICO,3.52505,-76.27811,MOTOCICLISTA,1,NO APLICA,CHOQUE,CRUCE REPENTINO,NO APLICA 2020,RAUL,MOTO,AUTECO,NO APLICA,PARTICULAR,NO APLICA
734,HERIDOS,2020-03-29,2020,16:50,TARDE,DOMINGO,VIAL PALMIRA GUAYABAL,KM 2,RURAL,TECNICO,3.54456,-76.26779,MOTOCICLISTA,1,NO APLICA,ATROPELLO,CRUZAR SIN OBSERVAR,NO APLICA 2020,PALMA,MOTO,YAMAHA,MOSQUERA,PARTICULAR,NO APLICA
735,HERIDOS,2020-03-29,2020,16:50,TARDE,DOMINGO,VIAL PALMIRA GUAYABAL,KM 2,RURAL,TECNICO,3.54456,-76.26779,PEATON,1,NO APLICA,ATROPELLO,CRUZAR SIN OBSERVAR,NO APLICA 2020,PALMA,NO APLICA,NO APLICA,NO APLICA,NO APLICA,NO APLICA
736,DAÑOS,2020-04-02,2020,17:50,TARDE,JUEVES,COLOMBIA,CALLE 33 CARRERA 31,URBANA,TECNICO,3.53074,-76.30105,NO APLICA,NO APLICA,NO APLICA,CHOQUE,SEMAFORO EN ROJO,NO APLICA 2020,NO APLICA,AUTOMOVIL,MAZDA,CALI,PARTICULAR,NO APLICA
737,DAÑOS,2020-04-02,2020,17:50,TARDE,JUEVES,COLOMBIA,CALLE 33 CARRERA 31,URBANA,TECNICO,3.53074,-76.30105,NO APLICA,NO APLICA,NO APLICA,CHOQUE,SEMAFORO EN ROJO,NO APLICA 2020,NO APLICA,AUTOMOVIL,DAEWOO,PALMIRA,PUBLICO,NO APLICA
738,HERIDOS,2020-04-03,2020,06:30,MAÑANA,VIERNES,OBRERO,CALLE 36 CARRERA 27,URBANA,TECNICO,3.53261,-76.29703,MOTOCICLISTA,1,NO APLICA,CHOQUE,SEMAFORO EN ROJO,NO APLICA 2020,PALMA,MOTO,HERO,FLORIDA,PARTICULAR,NO APLICA
739,HERIDOS,2020-04-03,2020,06:30,MAÑANA,VIERNES,OBRERO,CALLE 36 CARRERA 27,URBANA,TECNICO,3.53261,-76.29703,MOTOCICLISTA,1,NO APLICA,CHOQUE,SEMAFORO EN ROJO,NO APLICA 2020,PALMA,MOTO,AKT,PRADERA,PARTICULAR,NO APLICA
740,HERIDOS,2020-04-03,2020,06:30,MAÑANA,VIERNES,OBRERO,CALLE 36 CARRERA 27,URBANA,TECNICO,3.53261,-76.29703,ACOMPAÑANTE MOTOCICLISTA,1,NO APLICA,CHOQUE,SEMAFORO EN ROJO,NO APLICA 2020,PALMA,NO APLICA,NO APLICA,NO APLICA,NO APLICA,NO APLICA
741,HERIDOS,2020-04-03,2020,07:00,MAÑANA,VIERNES,PRADO,CALLE 36 CARRERA 40,URBANA,TECNICO,3.53324,-76.31005,MOTOCICLISTA,1,NO APLICA,CHOQUE,DESOBEDECER SEÑALES,NO APLICA 2020,PALMIRA,MOTO,YAMAHA,PRADERA,PARTICULAR,NO APLICA
742,HERIDOS,2020-04-03,2020,07:00,MAÑANA,VIERNES,PRADO,CALLE 36 CARRERA 40,URBANA,TECNICO,3.53324,-76.31005,NO APLICA,NO APLICA,NO APLICA,CHOQUE,DESOBEDECER SEÑALES,NO APLICA 2020,NO APLICA,AUTOMOVIL,CHEVROLET,BOGOTA,PARTICULAR,NO APLICA
743,HERIDOS,2020-04-03,2020,11:30,MAÑANA,VIERNES,NUEVO,CARRERA 33 CALLE 27,URBANA,TECNICO,3.52504,-76.30353,NO APLICA,NO APLICA,NO APLICA,CHOQUE,DESOBEDECER SEÑALES,NO APLICA 2020,NO APLICA,CAMIONETA,TOYOTA,PALMIRA,OFICIAL,NO APLICA
744,HERIDOS,2020-04-03,2020,11:30,MAÑANA,VIERNES,NUEVO,CARRERA 33 CALLE 27,URBANA,TECNICO,3.52504,-76.30353,MOTOCICLISTA,1,NO APLICA,CHOQUE,DESOBEDECER SEÑALES,NO APLICA 2020,PALMIRA,MOTO,HERO,FLORIDA,PARTICULAR,NO APLICA
745,HERIDOS,2020-04-03,2020,17:40,TARDE,VIERNES,COLOMBINA,CALLE 31 CARRERA 21,URBANA,TECNICO,3.5272,-76.2929,MOTOCICLISTA,1,NO APLICA,CHOQUE,DESOBEDECER SEÑALES,NO APLICA 2020,PALMIRA,MOTO,TVS,PRADERA,PARTICULAR,NO APLICA
746,HERIDOS,2020-04-03,2020,17:40,TARDE,VIERNES,COLOMBINA,CALLE 31 CARRERA 21,URBANA,TECNICO,3.5272,-76.2929,NO APLICA,NO APLICA,NO APLICA,CHOQUE,DESOBEDECER SEÑALES,NO APLICA 2020,NO APLICA,AUTOMOVIL,CHEVROLET,CALI,PARTICULAR,NO APLICA
747,HERIDOS,2020-04-03,2020,18:50,NOCHE,VIERNES,CENTRO,CALLE 29 CARRERA 31,URBANA,TECNICO,3.52651,-76.3018,MOTOCICLISTA,1,NO APLICA,CHOQUE,SEMAFORO EN ROJO,NO APLICA 2020,PALMIRA,MOTO,BAJAJ,GUACARI,PARTICULAR,NO APLICA
748,HERIDOS,2020-04-03,2020,18:50,NOCHE,VIERNES,CENTRO,CALLE 29 CARRERA 31,URBANA,TECNICO,3.52651,-76.3018,NO APLICA,NO APLICA,NO APLICA,CHOQUE,SEMAFORO EN ROJO,NO APLICA 2020,NO APLICA,AUTOMOVIL,CHEVROLET,PALMIRA,PARTICULAR,NO APLICA
749,HERIDOS,2020-04-03,2020,18:50,NOCHE,VIERNES,CENTRO,CALLE 29 CARRERA 31,URBANA,TECNICO,3.52651,-76.3018,ACOMPAÑANTE MOTOCICLISTA,1,NO APLICA,CHOQUE,SEMAFORO EN ROJO,NO APLICA 2020,PALMIRA,NO APLICA,NO APLICA,NO APLICA,NO APLICA,NO APLICA
750,DAÑOS,2020-04-03,2020,11:30,MAÑANA,DOMINGO,CENTRO,CARRERA 25 CALLE 29-30,URBANA,TECNICO,3.5261,-76.29648,NO APLICA,NO APLICA,NO APLICA,CHOQUE OBJETO FIJO,NO ESTAR PENDIENTE DE LA VIA,NO APLICA 2020,NO APLICA,CAMIONETA,DODGE,CALI,PARTICULAR,NO APLICA
751,HERIDOS,2020-04-06,2020,07:00,MAÑANA,LUNES,CENTRO,CALLE 32 CARRERA 31,URBANA,TECNICO,3.52925,-76.30131,NO APLICA,NO APLICA,NO APLICA,CHOQUE,DESOBEDECER SEÑALES,NO APLICA 2020,NO APLICA,AUTOMOVIL,CHEVROLET,CALI,PARTICULAR,NO APLICA
752,HERIDOS,2020-04-06,2020,07:00,MAÑANA,LUNES,CENTRO,CALLE 32 CARRERA 31,URBANA,TECNICO,3.52925,-76.30131,MOTOCICLISTA,1,NO APLICA,CHOQUE,DESOBEDECER SEÑALES,NO APLICA 2020,PALMIRA,MOTO,HONDA,PRADERA,PARTICULAR,NO APLICA
753,HERIDOS,2020-04-07,2020,12:30,TARDE,MARTES,COLOMBIA,CARRERA 33 CALLE 35-17,URBANA,TECNICO,3.53297,-76.30279,NO APLICA,NO APLICA,NO APLICA,CHOQUE,POR ESTABLECER,NO APLICA 2020,NO APLICA,MOTO,AKT,PRADERA,PARTICULAR,NO APLICA
754,HERIDOS,2020-04-07,2020,12:30,TARDE,MARTES,COLOMBIA,CARRERA 33 CALLE 35-17,URBANA,TECNICO,3.53297,-76.30279,MOTOCICLISTA,1,NO APLICA,CHOQUE,POR ESTABLECER,NO APLICA 2020,FRACTURAS,MOTO,HERO,FLORIDA,PARTICULAR,NO APLICA
755,DAÑOS,2020-04-07,2020,11:50,MAÑANA,MARTES,CENTRO,CALLE 31 CARRERA 27,URBANA,TECNICO,3.52781,-76.29786,NO APLICA,NO APLICA,NO APLICA,CHOQUE,DESOBEDECER SEÑALES,NO APLICA 2020,NO APLICA,MOTO,HONDA,GUACARI,PARTICULAR,NO APLICA
756,DAÑOS,2020-04-07,2020,11:50,MAÑANA,MARTES,CENTRO,CALLE 31 CARRERA 27,URBANA,TECNICO,3.52781,-76.29786,NO APLICA,NO APLICA,NO APLICA,CHOQUE,DESOBEDECER SEÑALES,NO APLICA 2020,NO APLICA,AUTOMOVIL,RENAULT,PALMIRA,PARTICULAR,NO APLICA
757,DAÑOS,2020-04-07,2020,13:20,TARDE,MARTES,CENTRO,CARRERA 29 CALLE 28,URBANA,TECNICO,3.52541,-76.30001,NO APLICA,NO APLICA,NO APLICA,CHOQUE OBJETO FIJO,REVERSO IMPRUDENTE,NO APLICA 2020,NO APLICA,TRACTO CAMION,KENWORTH,MOSQUERA,PUBLICO,NO APLICA
758,HERIDOS,2020-04-08,2020,15:20,TARDE,MIERCOLES,VIA CORONADO ROZO,KM 1,RURAL,TECNICO,3.55746,-76.31017,MOTOCICLISTA,1,NO APLICA,CHOQUE SEMOVIENTE,SEMOVIENTE EN LA VIA,NO APLICA 2020,PALMA,MOTO,SUZUKI,PRADERA,PARTICULAR,NO APLICA
759,HERIDOS,2020-04-08,2020,10:30,MAÑANA,MIERCOLES,URIBE,CALLE 35 CARRERA 21,URBANA,TECNICO,3.5312,-76.29245,MOTOCICLISTA,1,NO APLICA,CHOQUE,DESOBEDECER SEÑALES,NO APLICA 2020,RAUL,MOTO,HONDA,FLORIDA,PARTICULAR,NO APLICA
760,HERIDOS,2020-04-08,2020,10:30,MAÑANA,MIERCOLES,URIBE,CALLE 35 CARRERA 21,URBANA,TECNICO,3.5312,-76.29245,NO APLICA,NO APLICA,NO APLICA,CHOQUE,DESOBEDECER SEÑALES,NO APLICA 2020,NO APLICA,CAMPERO,KIA,PEREIRA,PARTICULAR,NO APLICA
761,HERIDOS,2020-04-12,2020,05:30,MADRUGADA,DOMINGO,LOS MANGOS,CARRERA 28 CALLE 70,URBANA,TECNICO,3.55735,-76.29124,MOTOCICLISTA,1,NO APLICA,CHOQUE,SEMAFORO EN ROJO,NO APLICA 2020,PALMA,MOTO,AKT,PALMIRA,PARTICULAR,NO APLICA
762,HERIDOS,2020-04-12,2020,05:30,MADRUGADA,DOMINGO,LOS MANGOS,CARRERA 28 CALLE 70,URBANA,TECNICO,3.55735,-76.29124,NO APLICA,NO APLICA,NO APLICA,CHOQUE,SEMAFORO EN ROJO,NO APLICA 2020,NO APLICA,CAMPERO,NISSAN,CALI,PARTICULAR,NO APLICA
763,DAÑOS,2020-04-13,2020,10:00,MAÑANA,LUNES,SANTA RITA,CALLE 36 CARRERA 28-23,URBANA,TECNICO,3.53288,-76.2984,NO APLICA,NO APLICA,NO APLICA,CHOQUE,DETENER   UN VEHICULO SIN TOMAR MEDIDAS DE PRECAUCION,NO APLICA 2020,NO APLICA,CAMION,INTERNATIONAL,MAGDALENA,PARTICULAR,NO APLICA
764,DAÑOS,2020-04-13,2020,10:00,MAÑANA,LUNES,SANTA RITA,CALLE 36 CARRERA 28-23,URBANA,TECNICO,3.53288,-76.2984,NO APLICA,NO APLICA,NO APLICA,CHOQUE,DETENER   UN VEHICULO SIN TOMAR MEDIDAS DE PRECAUCION,NO APLICA 2020,NO APLICA,AUTOMOVIL,MAZDA,ANDALUCIA,PARTICULAR,NO APLICA
765,HERIDOS,2020-04-13,2020,11:15,MAÑANA,LUNES,TREBOL,CALLE 27 CARRERA 23,URBANA,TECNICO,3.52385,-76.29505,MOTOCICLISTA,1,NO APLICA,CHOQUE,DESOBEDECER SEÑALES,NO APLICA 2020,RAUL,MOTO,HONDA,ANDALUCIA,PARTICULAR,NO APLICA
766,HERIDOS,2020-04-13,2020,11:15,MAÑANA,LUNES,TREBOL,CALLE 27 CARRERA 23,URBANA,TECNICO,3.52385,-76.29505,NO APLICA,NO APLICA,NO APLICA,CHOQUE,DESOBEDECER SEÑALES,NO APLICA 2020,NO APLICA,MOTO,KEEWAY,GUACARI,PARTICULAR,NO APLICA