,GRAVEDAD,FECHA,AÑO,HORA,JORNADA,DIA_SEMANA,BARRIO-CORREGIMIENTO-VIA,DIRECCION,ZONA,AUTORIDAD,LAT,LONG,CONDICION_VICTIMA,LESIONADO,HOMICIDIOS,TIPO_ACCIDENTE,HIPOTESIS,GENERO,CLINICA,CLASE_VEHICULO,MARCA,MATRICULA,TIPO DE SERVICIO,EMPRESA
767,HERIDOS,2020-04-17,2020,11:20,MAÑANA,VIERNES,GUAYACANES,CALLE 27 CARRERA 20-62,URBANA,TECNICO,3.52361,-76.29271,NO APLICA,NO APLICA,NO APLICA,CHOQUE,TRANSITAR EN CONTRA VIA,NO APLICA 2020,NO APLICA,MOTO,HONDA,CALI,PARTICULAR,NO APLICA
768,HERIDOS,2020-04-17,2020,11:20,MAÑANA,VIERNES,GUAYACANES,CALLE 27 CARRERA 20-62,URBANA,TECNICO,3.52361,-76.29271,PEATON,1,NO APLICA,CHOQUE,TRANSITAR EN CONTRA VIA,NO APLICA 2020,RAUL,NO APLICA,NO APLICA,NO APLICA,NO APLICA,NO APLICA
769,HERIDOS,2020-04-16,2020,05:10,MADRUGADA,JUEVES,SAN PEDRO,CALLE 36 CARRERA 19-20,URBANA,TECNICO,3.53172,-76.29073,MOTOCICLISTA,1,NO APLICA,CHOQUE,TRANSITAR EN CONTRAVIA,NO APLICA 2020,RAUL,MOTO,HERO,FLORIDA,PARTICULAR,NO APLICA
770,HERIDOS,2020-04-16,2020,05:10,MADRUGADA,JUEVES,SAN PEDRO,CALLE 36 CARRERA 19-20,URBANA,TECNICO,3.53172,-76.29073,NO APLICA,NO APLICA,NO APLICA,CHOQUE,TRANSITAR EN CONTRAVIA,NO APLICA 2020,NO APLICA,MICROBUS,CHEVROLET,PALMIRA,PARTICULAR,NO APLICA
771,HERIDOS,2020-04-17,2020,16:30,TARDE,VIERNES,VERSALLES,CALLE 42 CARRERA 28,URBANA,TECNICO,3.53809,-76.29703,MOTOCICLISTA,1,NO APLICA,CHOQUE,NO ESTAR PENDIENTE DE LA VIA,NO APLICA 2020,PALMIRA,MOTO,VICTORY,FLORIDA,PARTICULAR,NO APLICA
772,HERIDOS,2020-04-17,2020,16:30,TARDE,VIERNES,VERSALLES,CALLE 42 CARRERA 28,URBANA,TECNICO,3.53809,-76.29703,NO APLICA,NO APLICA,NO APLICA,CHOQUE,NO ESTAR PENDIENTE DE LA VIA,NO APLICA 2020,NO APLICA,AUTOMOVIL,HYUNDAI,PALMIRA,PUBLICO,UNITAX
773,HERIDOS,2020-04-17,2020,16:30,TARDE,VIERNES,VERSALLES,CALLE 42 CARRERA 28,URBANA,TECNICO,3.53809,-76.29703,ACOMPAÑANTE MOTOCICLISTA,1,NO APLICA,CHOQUE,NO ESTAR PENDIENTE DE LA VIA,NO APLICA 2020,PALMIRA,NO APLICA,NO APLICA,NO APLICA,NO APLICA,NO APLICA
774,HERIDOS,2020-04-17,2020,20:00,NOCHE,VIERNES,AMERICAS,CARRERA 24 CALLE 13 -31,URBANA,TECNICO,3.51217,-76.29588,MOTOCICLISTA,1,NO APLICA,OTRO,CAIDA POSTE,NO APLICA 2020,PALMIRA,MOTO,YAMAHA,CALI,PARTICULAR,NO APLICA
775,DAÑOS,2020-04-18,2020,18:40,NOCHE,SABADO,URIBE,CALLE 32 CARRERA 23,URBANA,TECNICO,3.52845,-76.29691,NO APLICA,NO APLICA,NO APLICA,CHOQUE,DESOBEDECER SEÑALES,NO APLICA 2020,NO APLICA,AUTOMOVIL,CHEVROLET,CALI,PARTICULAR,NO APLICA
776,DAÑOS,2020-04-18,2020,18:40,NOCHE,SABADO,URIBE,CALLE 32 CARRERA 23,URBANA,TECNICO,3.52845,-76.29691,NO APLICA,NO APLICA,NO APLICA,CHOQUE,DESOBEDECER SEÑALES,NO APLICA 2020,NO APLICA,AUTOMOVIL,HYUNDAI,PALMIRA,PUBLICO,COOP TRANS PALMERAS
777,HERIDOS,2020-04-12,2020,18:30,NOCHE,DOMINGO,VIA PRIVADA,INGENIO MANUELITA,RURAL,TECNICO,3.58012,-76.29378,MOTOCICLISTA,1,NO APLICA,CHOQUE,VEHICULO MAL ESTACIONADO,NO APLICA 2020,PALMA,MOTO,SUZUKI,ZARZAL,PARTICULAR,NO APLICA
778,HERIDOS,2020-04-12,2020,18:30,NOCHE,DOMINGO,VIA PRIVADA,INGENIO MANUELITA,RURAL,TECNICO,3.58012,-76.29378,MOTOCICLISTA,1,NO APLICA,CHOQUE,VEHICULO MAL ESTACIONADO,NO APLICA 2020,PALMA,MOTO,HONDA,PALMIRA,PARTICULAR,NO APLICA
779,HERIDOS,2020-04-12,2020,18:30,NOCHE,DOMINGO,VIA PRIVADA,INGENIO MANUELITA,RURAL,TECNICO,3.58012,-76.29378,ACOMPAÑANTE MOTOCICLISTA,1,NO APLICA,CHOQUE,VEHICULO MAL ESTACIONADO,NO APLICA 2020,PALMA,NO APLICA,NO APLICA,NO APLICA,NO APLICA,NO APLICA
780,HERIDOS,2020-04-21,2020,08:00,MAÑANA,MARTES,PRADO,CALLE 36 CARRERA 43,URBANA,TECNICO,3.53317,-76.31412,NO APLICA,NO APLICA,NO APLICA,CHOQUE,ADELANTAR INTERSECCION,NO APLICA 2020,NO APLICA,CAMIONETA,RENAULT,FUNZA,PARTICULAR,NO APLICA
781,HERIDOS,2020-04-21,2020,08:00,MAÑANA,MARTES,PRADO,CALLE 36 CARRERA 43,URBANA,TECNICO,3.53317,-76.31412,MOTOCICLISTA,1,NO APLICA,CHOQUE,ADELANTAR INTERSECCION,NO APLICA 2020,RAUL,MOTO,AKT,CALI,PARTICULAR,NO APLICA
782,DAÑOS,2020-04-21,2020,10:10,MAÑANA,MARTES,SANTA ISABEL,CARRERA 28 CALLE 46-78,URBANA,TECNICO,3.54187,-76.29659,NO APLICA,NO APLICA,NO APLICA,CHOQUE,ARRANCAR SIN PRECAUCION,NO APLICA 2020,NO APLICA,AUTOMOVIL,CHEVROLET,PALMIRA,PARTICULAR,NO APLICA
783,DAÑOS,2020-04-21,2020,10:10,MAÑANA,MARTES,SANTA ISABEL,CARRERA 28 CALLE 46-78,URBANA,TECNICO,3.54187,-76.29659,NO APLICA,NO APLICA,NO APLICA,CHOQUE,ARRANCAR SIN PRECAUCION,NO APLICA 2020,NO APLICA,CAMIONETA,MAZDA,PRADERA,PARTICULAR,NO APLICA
784,HERIDOS,2020-04-22,2020,11:30,MAÑANA,MIERCOLES,SESQUI,CARRERA 32 CALLE 8,URBANA,TECNICO,3.50711,-76.31207,NO APLICA,NO APLICA,NO APLICA,CHOQUE,DESOBEDECER SEÑALES,NO APLICA 2020,NO APLICA,CAMION,CHEVROLET,CALI,PARTICULAR,NO APLICA
785,HERIDOS,2020-04-22,2020,11:30,MAÑANA,MIERCOLES,SESQUI,CARRERA 32 CALLE 8,URBANA,TECNICO,3.50711,-76.31207,MOTOCICLISTA,1,NO APLICA,CHOQUE,DESOBEDECER SEÑALES,NO APLICA 2020,PALMIRA,MOTO,HONDA,FACATATIVA,PARTICULAR,NO APLICA
786,HERIDOS,2020-04-23,2020,07:35,MAÑANA,JUEVES,SAMANES,CARRERA 28 CALLE 47,URBANA,TECNICO,3.5422,-76.29663,NO APLICA,NO APLICA,NO APLICA,CHOQUE,POR ESTABLECER,NO APLICA 2020,NO APLICA,AUTOMOVIL,KIA,PALMIRA,PARTICULAR,NO APLICA
787,HERIDOS,2020-04-23,2020,07:35,MAÑANA,JUEVES,SAMANES,CARRERA 28 CALLE 47,URBANA,TECNICO,3.5422,-76.29663,NO APLICA,NO APLICA,NO APLICA,CHOQUE,POR ESTABLECER,NO APLICA 2020,NO APLICA,AUTOMOVIL,KIA,PALMIRA,PARTICULAR,NO APLICA
788,HERIDOS,2020-04-23,2020,07:30,MAÑANA,JUEVES,SESQUI,CALLE 11 CARRERA 28-23,URBANA,TECNICO,3.51056,-76.30147,CONDUCTOR,1,NO APLICA,CHOQUE OBJETO FIJO,EMBRIAGUEZ,NO APLICA 2020,PALMIRA,AUTOMOVIL,CHEVROLET,PALMIRA,PARTICULAR,NO APLICA
789,HERIDOS,2020-04-23,2020,07:30,MAÑANA,JUEVES,SESQUI,CALLE 11 CARRERA 28-23,URBANA,TECNICO,3.51056,-76.30147,NO APLICA,NO APLICA,NO APLICA,CHOQUE OBJETO FIJO,EMBRIAGUEZ,NO APLICA 2020,NO APLICA,AUTOMOVIL,CHEVROLET,BELLO,PARTICULAR,NO APLICA
790,DAÑOS,2020-04-24,2020,20:10,NOCHE,VIERNES,CENTRO,CARRERA 33 A CALLE 31-30,URBANA,TECNICO,3.52908,-76.30425,NO APLICA,NO APLICA,NO APLICA,CHOQUE,EMBRIAGUEZ,NO APLICA 2020,NO APLICA,AUTOMOVIL,CHEVROLET,CALI,PARTICULAR,NO APLICA
791,DAÑOS,2020-04-24,2020,20:10,NOCHE,VIERNES,CENTRO,CARRERA 33 A CALLE 31-30,URBANA,TECNICO,3.52908,-76.30425,NO APLICA,NO APLICA,NO APLICA,CHOQUE,EMBRIAGUEZ,NO APLICA 2020,NO APLICA,AUTOMOVIL,RENAULT,PALMIRA,PARTICULAR,NO APLICA
792,HERIDOS,2020-04-25,2020,08:10,MAÑANA,SABADO,TREBOL,CARRERA 23 CALLE 27,URBANA,TECNICO,3.52387,-76.29505,CONDUCTOR,1,NO APLICA,CHOQUE,DESOBEDECER SEÑALES,NO APLICA 2020,PALMIRA,AUTOMOVIL,RENAULT,CALI,PARTICULAR,NO APLICA
793,HERIDOS,2020-04-25,2020,08:10,MAÑANA,SABADO,TREBOL,CARRERA 23 CALLE 27,URBANA,TECNICO,3.52387,-76.29505,NO APLICA,NO APLICA,NO APLICA,CHOQUE,DESOBEDECER SEÑALES,NO APLICA 2020,NO APLICA,AUTOMOVIL,CHEVROLET,JAMUNDI,PARTICULAR,NO APLICA
794,HERIDOS,2020-04-24,2020,10:40,MAÑANA,VIERNES,SANTA RITA,CALLE 35 CARRERA 27,URBANA,TECNICO,3.53182,-76.29715,MOTOCICLISTA,1,NO APLICA,CHOQUE,DESOBEDECER SEÑALES,NO APLICA 2020,PALMA,MOTO,VICTORY,PRADERA,PARTICULAR,NO APLICA
795,HERIDOS,2020-04-24,2020,10:40,MAÑANA,VIERNES,SANTA RITA,CALLE 35 CARRERA 27,URBANA,TECNICO,3.53182,-76.29715,NO APLICA,NO APLICA,NO APLICA,CHOQUE,DESOBEDECER SEÑALES,NO APLICA 2020,NO APLICA,AUTOMOVIL,HYUNDAI,PALMIRA,PUBLICO,FLOTA PALMIRA
796,MUERTO,2020-04-26,2020,04:50,MADRUGADA,DOMINGO,SAMANES,CALLE 47 CARRERA 29-42,URBANA,TECNICO,3.54226,-76.29784,MOTOCICLISTA,NO APLICA,1,CHOQUE OBJETO FIJO,PERDIDA DELCONTROL,NO APLICA 2020,NO APLICA,MOTO,HONDA,EL CERRITO,PARTICULAR,NO APLICA
797,HERIDOS,2020-04-27,2020,11:30,MAÑANA,LUNES,TRINIDAD,CALLE28 CARRERA23,URBANA,TECNICO,3.52474,-76.29503,NO APLICA,NO APLICA,NO APLICA,CHOQUE,DESOBEDECER SEÑALES,NO APLICA 2020,NO APLICA,AUTOMOVIL,HYUNDAI,PALMIRA,PUBLICO,COOP VILLA DE LAS PALMAS
798,HERIDOS,2020-04-27,2020,11:30,MAÑANA,LUNES,TRINIDAD,CALLE28 CARRERA23,URBANA,TECNICO,3.52474,-76.29503,MOTOCICLISTA,1,NO APLICA,CHOQUE,DESOBEDECER SEÑALES,NO APLICA 2020,FRACTURAS,MOTO,AKT,TULUA,PARTICULAR,NO APLICA
799,DAÑOS,2020-04-28,2020,10:00,MAÑANA,MARTES,CENTRO,CALLE 32 CARRERA 31,URBANA,TECNICO,3.52924,-76.30133,NO APLICA,NO APLICA,NO APLICA,CHOQUE,PONER EN MARCHA UN VEHICULO SIN PRECAUCION,NO APLICA 2020,NO APLICA,CAMIONETA,JAC,PALMIRA,PARTICULAR,NO APLICA
800,DAÑOS,2020-04-28,2020,10:00,MAÑANA,MARTES,CENTRO,CALLE 32 CARRERA 31,URBANA,TECNICO,3.52924,-76.30133,NO APLICA,NO APLICA,NO APLICA,CHOQUE,PONER EN MARCHA UN VEHICULO SIN PRECAUCION,NO APLICA 2020,NO APLICA,MOTO,YAMAHA,TULUA,PARTICULAR,NO APLICA
801,HERIDOS,2020-04-27,2020,17:00,TARDE,LUNES,COLOMBINA,CALLE 28 CARRERA 8,URBANA,TECNICO,3.52282,-76.28343,NO APLICA,NO APLICA,NO APLICA,CHOQUE,DESOBEDECER SEÑALES,NO APLICA 2020,NO APLICA,MOTO,YAMAHA,PRADERA,PARTICULAR,NO APLICA
802,HERIDOS,2020-04-27,2020,17:00,TARDE,LUNES,COLOMBINA,CALLE 28 CARRERA 8,URBANA,TECNICO,3.52282,-76.28343,NO APLICA,NO APLICA,NO APLICA,CHOQUE,DESOBEDECER SEÑALES,NO APLICA 2020,NO APLICA,MOTO,HONDA,CALI,PARTICULAR,NO APLICA
803,HERIDOS,2020-04-27,2020,17:00,TARDE,LUNES,COLOMBINA,CALLE 28 CARRERA 8,URBANA,TECNICO,3.52282,-76.28343,ACOMPAÑANTE MOTOCICLISTA,1,NO APLICA,CHOQUE,DESOBEDECER SEÑALES,NO APLICA 2020,RAUL,NO APLICA,NO APLICA,NO APLICA,NO APLICA,NO APLICA
804,DAÑOS,2020-04-29,2020,06:50,MAÑANA,MIERCOLES,BERLIN,CARRERA 30 CALLE40,URBANA,TECNICO,3.53665,-76.29899,NO APLICA,NO APLICA,NO APLICA,CHOQUE,DESOBEDECER SEÑALES,NO APLICA 2020,NO APLICA,MOTO,KIMCO,PALMIRA,PARTICULAR,NO APLICA
805,DAÑOS,2020-04-29,2020,06:50,MAÑANA,MIERCOLES,BERLIN,CARRERA 30 CALLE40,URBANA,TECNICO,3.53665,-76.29899,NO APLICA,NO APLICA,NO APLICA,CHOQUE,DESOBEDECER SEÑALES,NO APLICA 2020,NO APLICA,AUTOMOVIL,RENAULT,CALI,PARTICULAR,NO APLICA
806,DAÑOS,2020-04-29,2020,10:40,MAÑANA,MIERCOLES,NUEVO,CARRERA 3 CALLE23-47,URBANA,TECNICO,3.51972,-76.27946,NO APLICA,NO APLICA,NO APLICA,CHOQUE OBJETO FIJO,NO ESTAR PENDIENTE DE LA VIA,NO APLICA 2020,NO APLICA,AUTOMOVIL,CHEVROLET,PALMIRA,PUBLICO,NO APLICA
807,DAÑOS,2020-04-29,2020,10:40,MAÑANA,MIERCOLES,NUEVO,CARRERA 3 CALLE23-47,URBANA,TECNICO,3.51972,-76.27946,NO APLICA,NO APLICA,NO APLICA,CHOQUE OBJETO FIJO,NO ESTAR PENDIENTE DE LA VIA,NO APLICA 2020,NO APLICA,AUTOMOVIL,RENAULT,BOGOTA,PARTICULAR,NO APLICA
808,DAÑOS,2020-04-29,2020,10:40,MAÑANA,MIERCOLES,NUEVO,CARRERA 3 CALLE23-47,URBANA,TECNICO,3.51972,-76.27946,NO APLICA,NO APLICA,NO APLICA,CHOQUE OBJETO FIJO,NO ESTAR PENDIENTE DE LA VIA,NO APLICA 2020,NO APLICA,CAMPERO,RENAULT,GUACARI,PARTICULAR,NO APLICA
809,DAÑOS,2020-05-01,2020,08:45,MAÑANA,VIERNES,SEMBRADOR,CARRERA 19 CALLE 23,URBANA,TECNICO,3.52072,-76.29097,NO APLICA,NO APLICA,NO APLICA,CHOQUE,POR ESTABLECER,NO APLICA 2020,NO APLICA,CAMIONETA,CHEVROLET,IBAGUE,PARTICULAR,NO APLICA
810,DAÑOS,2020-05-01,2020,08:45,MAÑANA,VIERNES,SEMBRADOR,CARRERA 19 CALLE 23,URBANA,TECNICO,3.52072,-76.29097,NO APLICA,NO APLICA,NO APLICA,CHOQUE,POR ESTABLECER,NO APLICA 2020,NO APLICA,BICICLETA,NO APLICA,NO APLICA,PARTICULAR,NO APLICA
811,HERIDOS,2020-05-01,2020,19:25,NOCHE,VIERNES,CORONADO,CARRERA 35 DIAGONAL 65,URBANA,TECNICO,3.52072,-76.29097,MOTOCICLISTA,1,NO APLICA,CHOQUE,NO RESPETAR PRELACION,NO APLICA 2020,PALMA,MOTO,HONDA,BUGA,PARTICULAR,NO APLICA
812,HERIDOS,2020-05-01,2020,19:25,NOCHE,VIERNES,CORONADO,CARRERA 35 DIAGONAL 65,URBANA,TECNICO,3.52072,-76.29097,NO APLICA,NO APLICA,NO APLICA,CHOQUE,NO RESPETAR PRELACION,NO APLICA 2020,NO APLICA,CAMIONETA,JAC,GUACARI,PUBLICO,NO APLICA
813,DAÑOS,2020-05-02,2020,09:25,MAÑANA,SABADO,POBLADO COMFAUNION,CALLE 47A CARRERA 13,URBANA,TECNICO,3.54314,-76.28591,NO APLICA,NO APLICA,NO APLICA,CHOQUE OBJETO FIJO,FALLAS EN LAS LLANTAS,NO APLICA 2020,NO APLICA,AUTOMOVIL,CHEVROLET,CALI,PARTICULAR,NO APLICA
814,DAÑOS,2020-05-05,2020,11:30,MAÑANA,MARTES,SAN PEDRO,CALLE 38 CARRERA 16,URBANA,TECNICO,3.53394,-76.28835,NO APLICA,NO APLICA,NO APLICA,CHOQUE,DESOBEDECER SEÑAL,NO APLICA 2020,NO APLICA,AUTOMOVIL,FORD,CALI,PARTICULAR,NO APLICA
815,DAÑOS,2020-05-05,2020,11:30,MAÑANA,MARTES,SAN PEDRO,CALLE 38 CARRERA 16,URBANA,TECNICO,3.53394,-76.28835,NO APLICA,NO APLICA,NO APLICA,CHOQUE,DESOBEDECER SEÑAL,NO APLICA 2020,NO APLICA,CAMIONETA,CHEVROLET,PALMIRA,PARTICULAR,NO APLICA
816,DAÑOS,2020-05-04,2020,15:15,TARDE,LUNES,CAMPESTRE,CALLE 42 CARRERA 13,URBANA,TECNICO,3.53702,-76.28575,NO APLICA,NO APLICA,NO APLICA,CHOQUE,GIRAR BRUSCAMNETE,NO APLICA 2020,NO APLICA,MOTO,BAJAJ,PRADERA,PARTICULAR,NO APLICA
817,DAÑOS,2020-05-05,2020,18:50,NOCHE,MARTES,URIBE,CALLE 31 CARRERA 22,URBANA,TECNICO,3.5273,-76.29376,NO APLICA,NO APLICA,NO APLICA,CHOQUE,DESOBEDECER SEÑAL,NO APLICA 2020,NO APLICA,AUTOMOVIL,CHEVROLET,EL CERRITO,PARTICULAR,NO APLICA
818,DAÑOS,2020-05-05,2020,18:50,NOCHE,MARTES,URIBE,CALLE 31 CARRERA 22,URBANA,TECNICO,3.5273,-76.29376,NO APLICA,NO APLICA,NO APLICA,CHOQUE,DESOBEDECER SEÑAL,NO APLICA 2020,NO APLICA,CAMIONETA,CHEVROLET,CALI,PARTICULAR,NO APLICA
819,HERIDOS,2020-05-08,2020,06:45,MAÑANA,VIERNES,LAS FLORES,CALLE 30 CARRERA 1,URBANA,TECNICO,3.52107,-76.27804,NO APLICA,NO APLICA,NO APLICA,CHOQUE,NO RESPETAR PRELACION,NO APLICA 2020,NO APLICA,MOTO,AKT,PALMIRA,PARTICULAR,NO APLICA
820,HERIDOS,2020-05-08,2020,06:45,MAÑANA,VIERNES,LAS FLORES,CALLE 30 CARRERA 1,URBANA,TECNICO,3.52107,-76.27804,CICLISTA,1,NO APLICA,CHOQUE,NO RESPETAR PRELACION,NO APLICA 2020,PALMA,BICICLETA,NO APLICA,NO APLICA,PARTICULAR,NO APLICA
821,DAÑOS,2020-05-08,2020,08:55,MAÑANA,VIERNES,SAN JOSE,CALLE 31 CARRERA 4EB-13,URBANA,TECNICO,3.52563,-76.27456,NO APLICA,NO APLICA,NO APLICA,CHOQUE OBJETO FIJO,NO ESTAR PENDIENTE DE LA VIA,NO APLICA 2020,NO APLICA,MOTO,HONDA,PALMIRA,PARTICULAR,NO APLICA
822,DAÑOS,2020-05-08,2020,08:55,MAÑANA,VIERNES,SAN JOSE,CALLE 31 CARRERA 4EB-13,URBANA,TECNICO,3.52563,-76.27456,NO APLICA,NO APLICA,NO APLICA,CHOQUE OBJETO FIJO,NO ESTAR PENDIENTE DE LA VIA,NO APLICA 2020,NO APLICA,AUTOMOVIL,CHEVROLET,BOGOTA,PARTICULAR,NO APLICA
823,HERIDOS,2020-05-08,2020,13:10,TARDE,VIERNES,RECREO,CALLE 20 CARRERA 27,URBANA,TECNICO,3.51854,-76.29929,CONDUCTOR,1,NO APLICA,CHOQUE,DESOBEDECER SEÑAL,NO APLICA 2020,PALMIRA,AUTOMOVIL,RENAULT,CALI,PARTICULAR,NO APLICA
824,HERIDOS,2020-05-08,2020,13:10,TARDE,VIERNES,RECREO,CALLE 20 CARRERA 27,URBANA,TECNICO,3.51854,-76.29929,CONDUCTOR,1,NO APLICA,CHOQUE,DESOBEDECER SEÑAL,NO APLICA 2020,PALMIRA,CAMIONETA,CHANGAN,CALI,PARTICULAR,NO APLICA
825,HERIDOS,2020-05-08,2020,13:10,TARDE,VIERNES,RECREO,CALLE 20 CARRERA 27,URBANA,TECNICO,3.51854,-76.29929,ACOMPAÑANTE CONDUCTOR,1,NO APLICA,CHOQUE,DESOBEDECER SEÑAL,NO APLICA 2020,PALMIRA,NO APLICA,NO APLICA,NO APLICA,NO APLICA,NO APLICA
826,HERIDOS,2020-05-09,2020,11:20,MAÑANA,SABADO,TREBOL,CARRERA 23 CALLE 27,URBANA,TECNICO,3.52386,-76.29507,MOTOCICLISTA,1,NO APLICA,CHOQUE,DESOBEDECER SEÑAL,NO APLICA 2020,PALMIRA,MOTO,KIMCO,PALMIRA,PARTICULAR,NO APLICA
827,HERIDOS,2020-05-09,2020,11:20,MAÑANA,SABADO,TREBOL,CARRERA 23 CALLE 27,URBANA,TECNICO,3.52386,-76.29507,NO APLICA,NO APLICA,NO APLICA,CHOQUE,DESOBEDECER SEÑAL,NO APLICA 2020,NO APLICA,AUTOMOVIL,CHEVROLET,PEREIRA,PARTICULAR,NO APLICA
828,HERIDOS,2020-05-09,2020,11:15,MAÑANA,SABADO,PRIMERO DE MAYO,CALLE 41 CARRERA 1,URBANA,TECNICO,3.5362,-76.27746,MOTOCICLISTA,1,NO APLICA,CHOQUE,GIRAR BRUSCAMNETE,NO APLICA 2020,RAUL,MOTO,YAMAHA,GIRARDO,PARTICULAR,NO APLICA
829,HERIDOS,2020-05-09,2020,11:15,MAÑANA,SABADO,PRIMERO DE MAYO,CALLE 41 CARRERA 1,URBANA,TECNICO,3.5362,-76.27746,MOTOCICLISTA,1,NO APLICA,CHOQUE,GIRAR BRUSCAMNETE,NO APLICA 2020,FRACTURAS,MOTO,TVS,PALMIRA,PARTICULAR,NO APLICA
830,DAÑOS,2020-05-07,2020,20:50,NOCHE,JUEVES,INDUSTRIAL,CALLE 42 CARRERA 35,URBANA,TECNICO,3.53898,-76.30674,NO APLICA,NO APLICA,NO APLICA,CHOQUE,NO ESTAR PENDIENTE DE LA VIA,NO APLICA 2020,NO APLICA,AUTOMOVIL,KIA,CALI,PARTICULAR,NO APLICA
831,DAÑOS,2020-05-07,2020,20:50,NOCHE,JUEVES,INDUSTRIAL,CALLE 42 CARRERA 35,URBANA,TECNICO,3.53898,-76.30674,NO APLICA,NO APLICA,NO APLICA,CHOQUE,NO ESTAR PENDIENTE DE LA VIA,NO APLICA 2020,NO APLICA,CAMIONETA,NISSAN,S QULICHAO,PARTICULAR,NO APLICA
832,HERIDOS,2020-05-11,2020,09:20,MAÑANA,LUNES,VERSALLES,CALLE 42 CARRERA 28,URBANA,TECNICO,3.53819,-76.29728,NO APLICA,NO APLICA,NO APLICA,CHOQUE,NO ESTAR PENDIENTE DE LA VIA,NO APLICA 2020,NO APLICA,MOTO,BAJAJ,FLORIDA,PARTICULAR,NO APLICA
833,HERIDOS,2020-05-11,2020,09:20,MAÑANA,LUNES,VERSALLES,CALLE 42 CARRERA 28,URBANA,TECNICO,3.53819,-76.29728,NO APLICA,NO APLICA,NO APLICA,CHOQUE,NO ESTAR PENDIENTE DE LA VIA,NO APLICA 2020,NO APLICA,BICICLETA,NO APLICA,NO APLICA,PARTICULAR,NO APLICA
834,HERIDOS,2020-05-11,2020,09:20,MAÑANA,LUNES,VERSALLES,CALLE 42 CARRERA 28,URBANA,TECNICO,3.53819,-76.29728,ACOMPAÑANTE MOTOCICLISTA,1,NO APLICA,CHOQUE,NO ESTAR PENDIENTE DE LA VIA,NO APLICA 2020,PALMIRA,NO APLICA,NO APLICA,NO APLICA,NO APLICA,NO APLICA
835,HERIDOS,2020-05-11,2020,09:40,MAÑANA,LUNES,RECREO,CARRERA 28 CALLE 24,URBANA,TECNICO,3.52189,-76.29965,MOTOCICLISTA,1,NO APLICA,CHOQUE,ADELANTAR POR LA DERECHA,NO APLICA 2020,PALMIRA,MOTO,SUZUKI,PALMIRA,PARTICULAR,NO APLICA
836,HERIDOS,2020-05-11,2020,09:40,MAÑANA,LUNES,RECREO,CARRERA 28 CALLE 24,URBANA,TECNICO,3.52189,-76.29965,MOTOCICLISTA,1,NO APLICA,CHOQUE,ADELANTAR POR LA DERECHA,NO APLICA 2020,PALMIRA,MOTO,BAJAJ,CALI,PARTICULAR,NO APLICA
837,HERIDOS,2020-05-11,2020,13:45,TARDE,LUNES,DANUBIO,CARRERA 23 CALLE 34,URBANA,TECNICO,3.53057,-76.29415,NO APLICA,NO APLICA,NO APLICA,CHOQUE,DESOBEDECER SEÑAL,NO APLICA 2020,NO APLICA,AUTOMOVIL,MAZDA,SABANETA,PARTICULAR,NO APLICA
838,HERIDOS,2020-05-11,2020,13:45,TARDE,LUNES,DANUBIO,CARRERA 23 CALLE 34,URBANA,TECNICO,3.53057,-76.29415,MOTOCICLISTA,1,NO APLICA,CHOQUE,DESOBEDECER SEÑAL,NO APLICA 2020,PALMIRA,MOTO,HONDA,GUACARI,PARTICULAR,NO APLICA
839,DAÑOS,2020-05-12,2020,11:40,MAÑANA,MARTES,CIUDAD DEL CAMPO,CALLE 97 #12-91,URBANA,TECNICO,3.45583,-76.4708,NO APLICA,NO APLICA,NO APLICA,CHOQUE,REVERSO IMPRUDENTE,NO APLICA 2020,NO APLICA,AUTOMOVIL,HYUNDAI,CALI,PARTICULAR,NO APLICA
840,DAÑOS,2020-05-12,2020,11:40,MAÑANA,MARTES,CIUDAD DEL CAMPO,CALLE 97 #12-91,URBANA,TECNICO,3.45583,-76.4708,NO APLICA,NO APLICA,NO APLICA,CHOQUE,REVERSO IMPRUDENTE,NO APLICA 2020,NO APLICA,AUTOMOVIL,RENAULT,CALI,PARTICULAR,NO APLICA
841,DAÑOS,2020-05-12,2020,11:15,MAÑANA,MARTES,POBLADO,CALLE 43 CARRERA 13-14,URBANA,TECNICO,3.53755,-76.28573,NO APLICA,NO APLICA,NO APLICA,CHOQUE,NO MANTENER DISTANCIA,NO APLICA 2020,NO APLICA,CAMIONETA,FORD,GUACARI,PARTICULAR,NO APLICA
842,DAÑOS,2020-05-12,2020,11:15,MAÑANA,MARTES,POBLADO,CALLE 43 CARRERA 13-14,URBANA,TECNICO,3.53755,-76.28573,NO APLICA,NO APLICA,NO APLICA,CHOQUE,NO MANTENER DISTANCIA,NO APLICA 2020,NO APLICA,CAMION,MERCEDES BENZ,PALMIRA,PARTICULAR,NO APLICA
843,DAÑOS,2020-05-13,2020,14:10,TARDE,MIERCOLES,URIBE,CALLE 36 CARRERA 21,URBANA,TECNICO,3.53203,-76.29231,NO APLICA,NO APLICA,NO APLICA,CHOQUE,DESOBEDECER SEÑAL,NO APLICA 2020,NO APLICA,AUTOMOVIL,KIA,PALMIRA,PUBLICO,TRANS UNIDOS
844,DAÑOS,2020-05-13,2020,14:10,TARDE,MIERCOLES,URIBE,CALLE 36 CARRERA 21,URBANA,TECNICO,3.53203,-76.29231,NO APLICA,NO APLICA,NO APLICA,CHOQUE,DESOBEDECER SEÑAL,NO APLICA 2020,NO APLICA,AUTOMOVIL,CHEVROLET,IBAGUE,PARTICULAR,NO APLICA