,GRAVEDAD,FECHA,AÑO,HORA,JORNADA,DIA_SEMANA,BARRIO-CORREGIMIENTO-VIA,DIRECCION,ZONA,AUTORIDAD,LAT,LONG,CONDICION_VICTIMA,LESIONADO,HOMICIDIOS,TIPO_ACCIDENTE,HIPOTESIS,GENERO,CLINICA,CLASE_VEHICULO,MARCA,MATRICULA,TIPO DE SERVICIO,EMPRESA
845,MUERTO,2020-05-13,2020,14:20,TARDE,MIERCOLES,SAN PEDRO,CALLE 37 CARRERA 12,URBANA,TECNICO,3.53346,-76.28498,MOTOCICLISTA,NO APLICA,1,CHOQUE OBJETO FIJO,PERDIDA DE CONTROL,NO APLICA 2020,NO APLICA,MOTO,HONDA,DOSQUEBRADAS,PARTICULAR,NO APLICA
846,HERIDOS,2020-05-14,2020,14:30,TARDE,JUEVES,ESTONIA,CARRERA 32A CALLE 44,URBANA,TECNICO,3.53989,-76.30139,NO APLICA,NO APLICA,NO APLICA,CHOQUE,DESOBEDECER SEÑAL,NO APLICA 2020,NO APLICA,CAMIONETA,SUZUKI,PALMIRA,PARTICULAR,NO APLICA
847,HERIDOS,2020-05-14,2020,14:30,TARDE,JUEVES,ESTONIA,CARRERA 32A CALLE 44,URBANA,TECNICO,3.53989,-76.30139,MOTOCICLISTA,1,NO APLICA,CHOQUE,DESOBEDECER SEÑAL,NO APLICA 2020,PALMA,MOTO,VICTORY,PALMIRA,PARTICULAR,NO APLICA
848,HERIDOS,2020-05-15,2020,00:05,MADRUGADA,VIERNES,RECREO,CARRERA 28 CALLE 23,URBANA,TECNICO,3.52097,-76.29982,NO APLICA,NO APLICA,NO APLICA,CHOQUE,SEMAFORO EN ROJO,NO APLICA 2020,NO APLICA,BUS,CHEVROLET,EL CERRITO,PUBLICO,NO APLICA
849,HERIDOS,2020-05-15,2020,00:05,MADRUGADA,VIERNES,RECREO,CARRERA 28 CALLE 23,URBANA,TECNICO,3.52097,-76.29982,PASAJERO,1,NO APLICA,CHOQUE,SEMAFORO EN ROJO,NO APLICA 2020,PALMA,NO APLICA,NO APLICA,NO APLICA,NO APLICA,NO APLICA
850,DAÑOS,2020-05-14,2020,11:30,MAÑANA,JUEVES,LOS PINOS,CARRERA 25 CALLE 41,URBANA,TECNICO,3.53674,-76.29463,NO APLICA,NO APLICA,NO APLICA,CHOQUE,DESOBEDECER SEÑAL,NO APLICA 2020,NO APLICA,CAMIONETA,CHERY,PALMIRA,PUBLICO,UNITAX
851,DAÑOS,2020-05-14,2020,11:30,MAÑANA,JUEVES,LOS PINOS,CARRERA 25 CALLE 41,URBANA,TECNICO,3.53674,-76.29463,NO APLICA,NO APLICA,NO APLICA,CHOQUE,DESOBEDECER SEÑAL,NO APLICA 2020,NO APLICA,MOTO,SUZUKI,FLORIDA,PARTICULAR,NO APLICA
852,HERIDOS,2020-05-18,2020,09:40,MAÑANA,LUNES,CENTRO,CALLE 32 CARRERA 26,URBANA,TECNICO,3.52845,-76.29691,MOTOCICLISTA,1,NO APLICA,CHOQUE,DESOBEDECER SEÑAL,NO APLICA 2020,PALMIRA,MOTO,JIALING,PALMIRA,PARTICULAR,NO APLICA
853,HERIDOS,2020-05-18,2020,09:40,MAÑANA,LUNES,CENTRO,CALLE 32 CARRERA 26,URBANA,TECNICO,3.52845,-76.29691,NO APLICA,NO APLICA,NO APLICA,CHOQUE,DESOBEDECER SEÑAL,NO APLICA 2020,NO APLICA,MOTO,BAJAJ,GUACARI,PARTICULAR,NO APLICA
854,HERIDOS,2020-05-18,2020,10:20,MAÑANA,LUNES,COLOMBINA,CARRERA 18 CALLE 31,URBANA,TECNICO,3.52687,-76.29045,MOTOCICLISTA,1,NO APLICA,CHOQUE,ARRANCAR SIN PRECAUCION,NO APLICA 2020,PALMIRA,MOTO,SUZUKI,PALMIRA,PARTICULAR,NO APLICA
855,HERIDOS,2020-05-18,2020,10:20,MAÑANA,LUNES,COLOMBINA,CARRERA 18 CALLE 31,URBANA,TECNICO,3.52687,-76.29045,NO APLICA,NO APLICA,NO APLICA,CHOQUE,ARRANCAR SIN PRECAUCION,NO APLICA 2020,NO APLICA,AUTOMOVIL,TOYOTA,CALI,PARTICULAR,NO APLICA
856,HERIDOS,2020-05-18,2020,17:50,TARDE,LUNES,COLOMBINA,CALLE 31 CARRERA 13,URBANA,TECNICO,3.52629,-76.28611,NO APLICA,NO APLICA,NO APLICA,ATROPELLO,CRUZAR SIN OBSERVAR,NO APLICA 2020,NO APLICA,MOTO,KAWASAKI,FUNZA,PARTICULAR,NO APLICA
857,HERIDOS,2020-05-18,2020,17:50,TARDE,LUNES,COLOMBINA,CALLE 31 CARRERA 13,URBANA,TECNICO,3.52629,-76.28611,PEATON,1,NO APLICA,ATROPELLO,CRUZAR SIN OBSERVAR,NO APLICA 2020,FRACTURAS,NO APLICA,NO APLICA,NO APLICA,NO APLICA,NO APLICA
858,HERIDOS,2020-05-19,2020,08:00,MAÑANA,MARTES,MERCEDES,CALLE 57 CARRERA 28-55,URBANA,TECNICO,3.54769,-76.29369,NO APLICA,NO APLICA,NO APLICA,CHOQUE,ARRANCAR POR LA DERECHA,NO APLICA 2020,NO APLICA,MOTO,BAJAJ,GINEBRA,PARTICULAR,NO APLICA
859,HERIDOS,2020-05-19,2020,08:00,MAÑANA,MARTES,MERCEDES,CALLE 57 CARRERA 28-55,URBANA,TECNICO,3.54769,-76.29369,MOTOCICLISTA,1,NO APLICA,CHOQUE,ARRANCAR POR LA DERECHA,NO APLICA 2020,PALMA,MOTO,HONDA,GINEBRA,PARTICULAR,NO APLICA
860,HERIDOS,2020-05-19,2020,08:00,MAÑANA,MARTES,MERCEDES,CALLE 57 CARRERA 28-55,URBANA,TECNICO,3.54769,-76.29369,NO APLICA,NO APLICA,NO APLICA,CHOQUE,ARRANCAR POR LA DERECHA,NO APLICA 2020,NO APLICA,MOTO,HONDA,GUACARI,PARTICULAR,NO APLICA
861,DAÑOS,2020-05-19,2020,18:20,NOCHE,MARTES,ITALIA,CARRERA 24AB CALLE 6A,URBANA,TECNICO,3.50575,-76.29633,NO APLICA,NO APLICA,NO APLICA,CHOQUE,TRANSITAR EN CONTRA VIA,NO APLICA 2020,NO APLICA,AUTOMOVIL,CHEVROLET,PALMIRA,PARTICULAR,NO APLICA
862,HERIDOS,2020-05-19,2020,19:50,NOCHE,MARTES,URIBE,CALLE 35 CARRERA 23,URBANA,TECNICO,3.53141,-76.294,MOTOCICLISTA,1,NO APLICA,CHOQUE,DESOBEDECER SEÑAL,NO APLICA 2020,RAUL,MOTO,HONDA,GUACARI,PARTICULAR,NO APLICA
863,HERIDOS,2020-05-19,2020,19:50,NOCHE,MARTES,URIBE,CALLE 35 CARRERA 23,URBANA,TECNICO,3.53141,-76.294,NO APLICA,NO APLICA,NO APLICA,CHOQUE,DESOBEDECER SEÑAL,NO APLICA 2020,NO APLICA,AUTOMOVIL,KIA,PALMIRA,PARTICULAR,NO APLICA
864,HERIDOS,2020-05-19,2020,13:30,TARDE,MARTES,URIBE,CALLE 33 CARRERA 23,URBANA,TECNICO,3.52971,-76.29426,CONDUCTOR,1,NO APLICA,CHOQUE,DESOBEDECER SEÑAL,NO APLICA 2020,PALMIRA,CAMIONETA,CHEVROLET,EL CERRITO,PARTICULAR,NO APLICA
865,HERIDOS,2020-05-19,2020,13:30,TARDE,MARTES,URIBE,CALLE 33 CARRERA 23,URBANA,TECNICO,3.52971,-76.29426,NO APLICA,NO APLICA,NO APLICA,CHOQUE,DESOBEDECER SEÑAL,NO APLICA 2020,NO APLICA,AUTOMOVIL,RENAULT,PALMIRA,PARTICULAR,NO APLICA
866,HERIDOS,2020-05-19,2020,13:30,TARDE,MARTES,URIBE,CALLE 33 CARRERA 23,URBANA,TECNICO,3.52971,-76.29426,ACOMPAÑANTE CONDUCTOR,1,NO APLICA,CHOQUE,DESOBEDECER SEÑAL,NO APLICA 2020,PALMIRA,NO APLICA,NO APLICA,NO APLICA,NO APLICA,NO APLICA
867,HERIDOS,2020-05-19,2020,22:30,NOCHE,MARTES,CAMPESTRE,CALLE 42 CARRERA 9,URBANA,TECNICO,3.53698,-76.28231,MOTOCICLISTA,1,NO APLICA,CHOQUE,DESOBEDECER SEÑAL,NO APLICA 2020,PALMA,MOTO,AKT,PALMIRA,PARTICULAR,NO APLICA
868,HERIDOS,2020-05-19,2020,22:30,NOCHE,MARTES,CAMPESTRE,CALLE 42 CARRERA 9,URBANA,TECNICO,3.53698,-76.28231,NO APLICA,NO APLICA,NO APLICA,CHOQUE,DESOBEDECER SEÑAL,NO APLICA 2020,NO APLICA,AUTOMOVIL,CHEVROLET,CALI,PARTICULAR,NO APLICA
869,HERIDOS,2020-05-20,2020,00:45,MADRUGADA,MIERCOLES,VIA PALMIRA GUAYABAL,KM 2 + 796 MTS,URBANA,TECNICO,3.54456,-76.26816,MOTOCICLISTA,1,NO APLICA,VOLCAMIENTO,PERDIDA DE CONTROL,NO APLICA 2020,PALMA,MOTO,HONDA,PRADERA,PARTICULAR,NO APLICA
870,HERIDOS,2020-05-21,2020,16:15,TARDE,JUEVES,ALTAMIRA,CARRERA 19 CALLE 46,URBANA,TECNICO,3.54093,-76.29091,MOTOCICLISTA,1,NO APLICA,CHOQUE,DESOBEDECER SEÑAL,NO APLICA 2020,PALMA,MOTO,HERO,PRADERA,PARTICULAR,NO APLICA
871,HERIDOS,2020-05-21,2020,16:15,TARDE,JUEVES,ALTAMIRA,CARRERA 19 CALLE 46,URBANA,TECNICO,3.54093,-76.29091,NO APLICA,NO APLICA,NO APLICA,CHOQUE,DESOBEDECER SEÑAL,NO APLICA 2020,NO APLICA,MOTO,SUZUKI,PALMIRA,PARTICULAR,NO APLICA
872,DAÑOS,2020-05-22,2020,06:40,MAÑANA,VIERNES,LAS PALMERAS,CALLE 35 CARRERA 1,URBANA,TECNICO,3.5311,-76.27731,NO APLICA,NO APLICA,NO APLICA,CHOQUE,GIRAR EN U,NO APLICA 2020,NO APLICA,BUS,HINO,CAJICA,PARTICULAR,NO APLICA
873,DAÑOS,2020-05-22,2020,06:40,MAÑANA,VIERNES,LAS PALMERAS,CALLE 35 CARRERA 1,URBANA,TECNICO,3.5311,-76.27731,NO APLICA,NO APLICA,NO APLICA,CHOQUE,GIRAR EN U,NO APLICA 2020,NO APLICA,MOTO,KEEWAY,PRADERA,PARTICULAR,NO APLICA
874,DAÑOS,2020-05-22,2020,12:50,TARDE,VIERNES,CENTRO,CALLE 31 CARRERA 33A,URBANA,TECNICO,3.52876,-76.30431,NO APLICA,NO APLICA,NO APLICA,CHOQUE,NO MANTENER DISTANCIA,NO APLICA 2020,NO APLICA,MOTO,HONDA,HONDA,PARTICULAR,NO APLICA
875,DAÑOS,2020-05-22,2020,12:50,TARDE,VIERNES,CENTRO,CALLE 31 CARRERA 33A,URBANA,TECNICO,3.52876,-76.30431,NO APLICA,NO APLICA,NO APLICA,CHOQUE,NO MANTENER DISTANCIA,NO APLICA 2020,NO APLICA,AUTOMOVIL,VOLKSWAGEN,CALI,PARTICULAR,NO APLICA
876,DAÑOS,2020-05-22,2020,12:50,TARDE,VIERNES,CENTRO,CALLE 31 CARRERA 33A,URBANA,TECNICO,3.52876,-76.30431,NO APLICA,NO APLICA,NO APLICA,CHOQUE,NO MANTENER DISTANCIA,NO APLICA 2020,NO APLICA,CAMIONETA,CHEVROLET,COTA,PUBLICO,NO APLICA
877,HERIDOS,2020-05-22,2020,14:20,TARDE,VIERNES,URIBE,CARRERA 21 CALLE 34,URBANA,TECNICO,3.53032,-76.29252,MOTOCICLISTA,1,NO APLICA,CHOQUE,DESOBEDECER SEÑAL,NO APLICA 2020,PALMIRA,MOTO,YAMAHA,IBAGUE,PARTICULAR,NO APLICA
878,HERIDOS,2020-05-22,2020,14:20,TARDE,VIERNES,URIBE,CARRERA 21 CALLE 34,URBANA,TECNICO,3.53032,-76.29252,NO APLICA,NO APLICA,NO APLICA,CHOQUE,DESOBEDECER SEÑAL,NO APLICA 2020,NO APLICA,AUTOMOVIL,KIA,PALMIRA,PARTICULAR,NO APLICA
879,DAÑOS,2020-05-22,2020,14:50,TARDE,VIERNES,URIBE,CARRERA 21 CALLE 34 -19,URBANA,TECNICO,3.53072,-76.2925,NO APLICA,NO APLICA,NO APLICA,CHOQUE,DESOBEDECER SEÑAL,NO APLICA 2020,NO APLICA,MOTO,HONDA,PRADERA,PARTICULAR,NO APLICA
880,DAÑOS,2020-05-22,2020,14:50,TARDE,VIERNES,URIBE,CARRERA 21 CALLE 34 -19,URBANA,TECNICO,3.53072,-76.2925,NO APLICA,NO APLICA,NO APLICA,CHOQUE,DESOBEDECER SEÑAL,NO APLICA 2020,NO APLICA,CAMIONETA,HYUNDAI,MOSQUERA,PUBLICO,NO APLICA
881,DAÑOS,2020-05-22,2020,15:20,TARDE,VIERNES,SANTA RITA,CARRERA 27 CALLE 38,URBANA,TECNICO,3.53466,-76.29674,NO APLICA,NO APLICA,NO APLICA,CHOQUE,DESOBEDECER SEÑAL,NO APLICA 2020,NO APLICA,AUTOMOVIL,RENAULT,TULUA,PARTICULAR,NO APLICA
882,DAÑOS,2020-05-22,2020,15:20,TARDE,VIERNES,SANTA RITA,CARRERA 27 CALLE 38,URBANA,TECNICO,3.53466,-76.29674,NO APLICA,NO APLICA,NO APLICA,CHOQUE,DESOBEDECER SEÑAL,NO APLICA 2020,NO APLICA,AUTOMOVIL,CHEVROLET,CALI,PARTICULAR,NO APLICA
883,HERIDOS,2020-05-22,2020,16:00,TARDE,VIERNES,SANTA RITA,CALLE 33CARRERA27,URBANA,TECNICO,3.53017,-76.29744,MOTOCICLISTA,1,NO APLICA,CHOQUE,SEMAFORO EN ROJO,NO APLICA 2020,FRACTURAS,MOTO,HONDA,GUACARI,PARTICULAR,NO APLICA
884,HERIDOS,2020-05-22,2020,16:00,TARDE,VIERNES,SANTA RITA,CALLE 33CARRERA27,URBANA,TECNICO,3.53017,-76.29744,MOTOCICLISTA,1,NO APLICA,CHOQUE,SEMAFORO EN ROJO,NO APLICA 2020,FRACTURAS,MOTO,HONDA,FLORIDA,PARTICULAR,NO APLICA
885,HERIDOS,2020-05-22,2020,16:00,TARDE,VIERNES,SANTA RITA,CALLE 33CARRERA27,URBANA,TECNICO,3.53017,-76.29744,ACOMPAÑANTE MOTOCICLISTA,1,NO APLICA,CHOQUE,SEMAFORO EN ROJO,NO APLICA 2020,FRACTURAS,NO APLICA,NO APLICA,NO APLICA,NO APLICA,NO APLICA
886,HERIDOS,2020-05-22,2020,18:15,NOCHE,VIERNES,FRAY LUIS AMIGO,CALLE 42 CARRERA 47-15,URBANA,TECNICO,3.53874,-76.31624,MOTOCICLISTA,1,NO APLICA,ATROPELLO,CRUZAR SIN OBSERVAR,NO APLICA 2020,PALMA,MOTO,HONDA,FLORIDA,PARTICULAR,NO APLICA
887,HERIDOS,2020-05-22,2020,18:15,NOCHE,VIERNES,FRAY LUIS AMIGO,CALLE 42 CARRERA 47-15,URBANA,TECNICO,3.53874,-76.31624,PEATON,NO APLICA,1,ATROPELLO,CRUZAR SIN OBSERVAR,NO APLICA 2020,PALMA,NO APLICA,NO APLICA,NO APLICA,NO APLICA,NO APLICA
888,HERIDOS,2020-05-22,2020,19:15,NOCHE,VIERNES,BOSQUE,CALLE 31 CARRERA 13-11,URBANA,TECNICO,3.52636,-76.28654,MOTOCICLISTA,1,NO APLICA,VOLCAMIENTO,FALLAS EN LAS LLANTAS,NO APLICA 2020,PALMA,MOTO,HONDA,PALMIRA,PARTICULAR,NO APLICA
889,HERIDOS,2020-05-22,2020,19:15,NOCHE,VIERNES,BOSQUE,CALLE 31 CARRERA 13-11,URBANA,TECNICO,3.52636,-76.28654,ACOMPAÑANTE MOTOCICLISTA,1,NO APLICA,VOLCAMIENTO,FALLAS EN LAS LLANTAS,NO APLICA 2020,PALMA,NO APLICA,NO APLICA,NO APLICA,NO APLICA,NO APLICA
890,HERIDOS,2020-05-23,2020,09:30,MAÑANA,SABADO,COLOMBIA,CALLE 32 CARRERA 33,URBANA,TECNICO,3.52958,-76.30314,MOTOCICLISTA,1,NO APLICA,CHOQUE,DESOBEDECER SEÑAL,NO APLICA 2020,FRACTURAS,MOTO,HONDA,GUADALAJARA,PARTICULAR,NO APLICA
891,HERIDOS,2020-05-24,2020,09:30,MAÑANA,SABADO,COLOMBIA,CALLE 32 CARRERA 33,URBANA,TECNICO,3.52958,-76.30314,NO APLICA,NO APLICA,NO APLICA,CHOQUE,DESOBEDECER SEÑAL,NO APLICA 2020,NO APLICA,CAMIONETA,FORD,BOGOTA,PARTICULAR,NO APLICA
892,HERIDOS,2020-05-24,2020,09:30,MAÑANA,DOMINGO,COLOMBIA,CARRERA 32 CALLE 37,URBANA,TECNICO,3.53416,-76.30145,MOTOCICLISTA,1,NO APLICA,CHOQUE,DESOBEDECER SEÑAL,NO APLICA 2020,PALMA,MOTO,AKT,GINEBRA,PARTICULAR,NO APLICA
893,HERIDOS,2020-05-24,2020,09:30,MAÑANA,DOMINGO,COLOMBIA,CARRERA 32 CALLE 37,URBANA,TECNICO,3.53416,-76.30145,NO APLICA,NO APLICA,NO APLICA,CHOQUE,DESOBEDECER SEÑAL,NO APLICA 2020,NO APLICA,VOLQUETA,INTERNATIONAL,PUERTO TEJADA,PARTICULAR,NO APLICA
894,MUERTO,2020-05-25,2020,06:20,MAÑANA,LUNES,CENTRO POBLADO MATAPALOS,SANJON VARELA 23 MTS,RURAL,TECNICO,3.58519,-76.42845,MOTOCICLISTA,NO APLICA,1,CHOQUE,PERDIDA DEL CONTRO,NO APLICA 2020,NO APLICA,MOTO,HONDA,GUADALAJARA,PARTICULAR,NO APLICA
895,DAÑOS,2020-05-26,2020,08:00,MAÑANA,MARTES,NUEVO,CALLE 18 CARRERA 31,URBANA,TECNICO,3.51709,-76.30349,NO APLICA,NO APLICA,NO APLICA,CHOQUE,DESOBEDECER SEÑAL,NO APLICA 2020,NO APLICA,CAMPERO,RENAULT,ENVIGADO,PARTICULAR,NO APLICA
896,DAÑOS,2020-05-26,2020,08:00,MAÑANA,MARTES,NUEVO,CALLE 18 CARRERA 31,URBANA,TECNICO,3.51709,-76.30349,NO APLICA,NO APLICA,NO APLICA,CHOQUE,DESOBEDECER SEÑAL,NO APLICA 2020,NO APLICA,MOTO,HONDA,CALI,PARTICULAR,NO APLICA
897,HERIDOS,2020-05-26,2020,16:00,TARDE,MARTES,CENTRO POBLADO POTRERILLO,AVENIDAD 4  KM 8-104,RURAL,TECNICO,3.55447,-76.20194,NO APLICA,NO APLICA,NO APLICA,CHOQUE,INVADIR CARRIL,NO APLICA 2020,NO APLICA,CAMION,CHEVROLET,CHOCONTA,PARTICULAR,NO APLICA
898,HERIDOS,2020-05-26,2020,16:00,TARDE,MARTES,CENTRO POBLADO POTRERILLO,AVENIDAD 4  KM 8-104,RURAL,TECNICO,3.55447,-76.20194,MOTOCICLISTA,1,NO APLICA,CHOQUE,INVADIR CARRIL,NO APLICA 2020,PALMA,MOTO,AKT,DOSQUEBRADAS,PARTICULAR,NO APLICA
899,DAÑOS,2020-05-27,2020,12:10,TARDE,MIERCOLES,LA EMILIA,CARRERA 35 CALLE 40-280,URBANA,TECNICO,3.53759,-76.30647,NO APLICA,NO APLICA,NO APLICA,CHOQUE,CAMBIO DE CARIL CON O SIN INDICACION,NO APLICA 2020,NO APLICA,CAMIONETA,TOYOTA,CALI,PARTICULAR,NO APLICA
900,DAÑOS,2020-05-27,2020,12:10,TARDE,MIERCOLES,LA EMILIA,CARRERA 35 CALLE 40-280,URBANA,TECNICO,3.53759,-76.30647,NO APLICA,NO APLICA,NO APLICA,CHOQUE,CAMBIO DE CARIL CON O SIN INDICACION,NO APLICA 2020,NO APLICA,CAMION,CHEVROLET,BOGOTA,PUBLICO,NO APLICA
901,DAÑOS,2020-05-27,2020,11:20,MAÑANA,MIERCOLES,URIBE,CALLE 34 CARRERA 25,URBANA,TECNICO,3.53078,-76.2957,NO APLICA,NO APLICA,NO APLICA,CHOQUE,DESOBEDECER SEÑAL,NO APLICA 2020,NO APLICA,AUTOMOVIL,KIA,CALI,PARTICULAR,NO APLICA
902,DAÑOS,2020-05-27,2020,11:20,MAÑANA,MIERCOLES,URIBE,CALLE 34 CARRERA 25,URBANA,TECNICO,3.53078,-76.2957,NO APLICA,NO APLICA,NO APLICA,CHOQUE,DESOBEDECER SEÑAL,NO APLICA 2020,NO APLICA,AUTOMOVIL,HYUNDAI,PALMIRA,PUBLICO,NO APLICA
903,DAÑOS,2020-05-28,2020,07:00,MAÑANA,JUEVES,OBRERO,CALLE 36 CARRERA 26,URBANA,TECNICO,3.53254,-76.2963,NO APLICA,NO APLICA,NO APLICA,CHOQUE,DESOBEDECER SEÑAL,NO APLICA 2020,NO APLICA,MOTO,HERO,QUIMBQYA,PARTICULAR,NO APLICA
904,DAÑOS,2020-05-28,2020,07:00,MAÑANA,JUEVES,OBRERO,CALLE 36 CARRERA 26,URBANA,TECNICO,3.53254,-76.2963,NO APLICA,NO APLICA,NO APLICA,CHOQUE,DESOBEDECER SEÑAL,NO APLICA 2020,NO APLICA,AUTOMOVIL,KIA,CALI,PARTICULAR,NO APLICA
905,DAÑOS,2020-05-29,2020,07:00,MAÑANA,VIERNES,CENTRO,CARRERA 28 CALLE 29-15,URBANA,TECNICO,3.52641,-76.29902,NO APLICA,NO APLICA,NO APLICA,CHOQUE,NO ESTAR PENDIENTE DE LA VIA,NO APLICA 2020,NO APLICA,MOTO,VICTORY,PALMIRA,PARTICULAR,NO APLICA
906,DAÑOS,2020-05-29,2020,07:00,MAÑANA,VIERNES,CENTRO,CARRERA 28 CALLE 29-15,URBANA,TECNICO,3.52641,-76.29902,NO APLICA,NO APLICA,NO APLICA,CHOQUE,NO ESTAR PENDIENTE DE LA VIA,NO APLICA 2020,NO APLICA,MOTO,YAMAHA,PRADERA,PARTICULAR,NO APLICA
907,HERIDOS,2020-05-28,2020,14:20,TARDE,JUEVES,BIZERTA,CALLE 37 CARRERA22,URBANA,TECNICO,3.53299,-76.29303,NO APLICA,NO APLICA,NO APLICA,CHOQUE,DESOBEDECER SEÑAL,NO APLICA 2020,NO APLICA,AUTOMOVIL,KIA,PALMIRA,PARTICULAR,UNITAX
908,HERIDOS,2020-05-28,2020,14:20,TARDE,JUEVES,BIZERTA,CALLE 37 CARRERA22,URBANA,TECNICO,3.53299,-76.29303,NO APLICA,NO APLICA,NO APLICA,CHOQUE,DESOBEDECER SEÑAL,NO APLICA 2020,NO APLICA,AUTOMOVIL,NISSAN,FUNZA,PARTICULAR,NO APLICA
909,HERIDOS,2020-05-28,2020,14:20,TARDE,JUEVES,BIZERTA,CALLE 37 CARRERA22,URBANA,TECNICO,3.53299,-76.29303,PASAJERO,1,NO APLICA,CHOQUE,DESOBEDECER SEÑAL,NO APLICA 2020,PALMIRA,NO APLICA,NO APLICA,NO APLICA,NO APLICA,NO APLICA
910,HERIDOS,2020-05-28,2020,14:30,TARDE,JUEVES,URIBE,CALLE 33 CARRERA 23,URBANA,TECNICO,3.52971,-76.29427,MOTOCICLISTA,1,NO APLICA,CHOQUE,DESOBEDECER SEÑAL,NO APLICA 2020,PALMIRA,MOTO,HERO,FLORIDA,PARTICULAR,NO APLICA
911,HERIDOS,2020-05-28,2020,14:30,TARDE,JUEVES,URIBE,CALLE 33 CARRERA 23,URBANA,TECNICO,3.52971,-76.29427,NO APLICA,NO APLICA,NO APLICA,CHOQUE,DESOBEDECER SEÑAL,NO APLICA 2020,NO APLICA,MOTO,YAMAHA,TULUA,PARTICULAR,NO APLICA
912,HERIDOS,2020-05-28,2020,17:30,TARDE,JUEVES,COLOMBINA,CALLE 29 CARRERA 13,URBANA,TECNICO,3.52457,-76.28664,MOTOCICLISTA,1,NO APLICA,CHOQUE,DESOBEDECER SEÑAL,NO APLICA 2020,PALMIRA,MOTO,SUZUKI,PRADERA,PARTICULAR,NO APLICA
913,HERIDOS,2020-05-28,2020,17:30,TARDE,JUEVES,COLOMBINA,CALLE 29 CARRERA 13,URBANA,TECNICO,3.52457,-76.28664,NO APLICA,NO APLICA,NO APLICA,CHOQUE,DESOBEDECER SEÑAL,NO APLICA 2020,NO APLICA,CAMIONETA,CHEVROLET,PALMIRA,OFICIAL,NO APLICA
914,DAÑOS,2020-05-29,2020,18:00,NOCHE,JUEVES,SESQUI,CARRERA 32 CALLE 8,URBANA,TECNICO,3.50673,-76.31264,NO APLICA,NO APLICA,NO APLICA,CHOQUE,NO MANTENER DISTANCIA,NO APLICA 2020,NO APLICA,AUTOMOVIL,NISSAN,CALI,PARTICULAR,NO APLICA
915,DAÑOS,2020-05-29,2020,18:00,NOCHE,JUEVES,SESQUI,CARRERA 32 CALLE 8,URBANA,TECNICO,3.50673,-76.31264,NO APLICA,NO APLICA,NO APLICA,CHOQUE,NO MANTENER DISTANCIA,NO APLICA 2020,NO APLICA,MOTO,SUZUKI,PALMIRA,PARTICULAR,NO APLICA
916,HERIDOS,2020-05-29,2020,12:50,TARDE,JUEVES,ALAMEDA,CARRERA 26 CALLE 69 D,URBANA,TECNICO,3.55522,-76.28904,MOTOCICLISTA,1,NO APLICA,CHOQUE,TRANSITAR EN CONTRA VIA,NO APLICA 2020,PALMIRA,MOTO,BAJAJ,PALMIRA,PARTICULAR,NO APLICA
917,HERIDOS,2020-05-29,2020,12:50,TARDE,JUEVES,ALAMEDA,CARRERA 26 CALLE 69 D,URBANA,TECNICO,3.55522,-76.28904,MOTOCICLISTA,1,NO APLICA,CHOQUE,TRANSITAR EN CONTRA VIA,NO APLICA 2020,PALMA,MOTO,AKT,BUENAVENTURA,PARTICULAR,NO APLICA
918,HERIDOS,2020-05-29,2020,12:50,TARDE,JUEVES,ALAMEDA,CARRERA 26 CALLE 69 D,URBANA,TECNICO,3.55522,-76.28904,ACOMPAÑANTE MOTOCICLISTA,1,NO APLICA,CHOQUE,TRANSITAR EN CONTRA VIA,NO APLICA 2020,PALMIRA,NO APLICA,NO APLICA,NO APLICA,NO APLICA,NO APLICA
919,DAÑOS,2020-05-31,2020,20:45,NOCHE,DOMINGO,NUEVO,CALLE 23 CARRERA 33A-34,URBANA,TECNICO,3.52166,-76.30497,NO APLICA,NO APLICA,NO APLICA,CHOQUE,NO MANTENER DISTANCIA,NO APLICA 2020,NO APLICA,AUTOMOVIL,MAZDA,BOGOTA,PARTICULAR,NO APLICA
920,DAÑOS,2020-05-31,2020,20:45,NOCHE,DOMINGO,NUEVO,CALLE 23 CARRERA 33A-34,URBANA,TECNICO,3.52166,-76.30497,NO APLICA,NO APLICA,NO APLICA,CHOQUE,NO MANTENER DISTANCIA,NO APLICA 2020,NO APLICA,CAMIONETA,RENAULT,CALI,PARTICULAR,NO APLICA
921,DAÑOS,2020-05-31,2020,13:20,TARDE,DOMINGO,ESPERANZA,CALLE 58B CARRERA 34C,URBANA,TECNICO,3.54912,-76.3049,NO APLICA,NO APLICA,NO APLICA,CHOQUE,TRANSITAR EN CONTRA VIA,NO APLICA 2020,NO APLICA,BUS,HINO,GUACARI,PARTICULAR,NO APLICA
922,DAÑOS,2020-05-31,2020,13:20,TARDE,DOMINGO,ESPERANZA,CALLE 58B CARRERA 34C,URBANA,TECNICO,3.54912,-76.3049,NO APLICA,NO APLICA,NO APLICA,CHOQUE,TRANSITAR EN CONTRA VIA,NO APLICA 2020,NO APLICA,AUTOMOVIL,CHEVROLET,EL CERRITO,PARTICULAR,NO APLICA