,GRAVEDAD,FECHA,AÑO,HORA,JORNADA,DIA_SEMANA,BARRIO-CORREGIMIENTO-VIA,DIRECCION,ZONA,AUTORIDAD,LAT,LONG,CONDICION_VICTIMA,LESIONADO,HOMICIDIOS,TIPO_ACCIDENTE,HIPOTESIS,GENERO,CLINICA,CLASE_VEHICULO,MARCA,MATRICULA,TIPO DE SERVICIO,EMPRESA
923,HERIDOS,2020-05-24,2020,18:45,NOCHE,DOMINGO,RECREO,CALLE 22 CARRERA 25,URBANA,TECNICO,3.51993,-76.2974,NO APLICA,NO APLICA,NO APLICA,CHOQUE,DESOBEDECER SEÑAL,NO APLICA 2020,NO APLICA,CAMIONETA,FORD,BUGA,PARTICULAR,NO APLICA
924,HERIDOS,2020-05-24,2020,18:45,NOCHE,DOMINGO,RECREO,CALLE 22 CARRERA 25,URBANA,TECNICO,3.51993,-76.2974,MOTOCICLISTA,1,NO APLICA,CHOQUE,DESOBEDECER SEÑAL,NO APLICA 2020,PALMIRA,MOTO,NO APLICA,NO APLICA,PARTICULAR,NO APLICA
925,DAÑOS,2020-05-30,2020,17:30,TARDE,SABADO,ITALIA,CALLE 6A CARRERA 29C,URBANA,TECNICO,3.50523,-76.30328,NO APLICA,NO APLICA,NO APLICA,CHOQUE,SOBRE PASR UN VEHICULO,NO APLICA 2020,NO APLICA,AUTOMOVIL,SUZUKI,CALI,PARTICULAR,NO APLICA
926,DAÑOS,2020-05-30,2020,15:40,TARDE,SABADO,URIBE,CALLE 35 CARRERA 20,URBANA,TECNICO,3.53109,-76.29158,NO APLICA,NO APLICA,NO APLICA,CHOQUE,DESOBEDECER SEÑAL,NO APLICA 2020,NO APLICA,CAMIONETA,CHEVROLET,PALMIRA,PARTICULAR,NO APLICA
927,DAÑOS,2020-05-30,2020,15:40,TARDE,SABADO,URIBE,CALLE 35 CARRERA 20,URBANA,TECNICO,3.53109,-76.29158,NO APLICA,NO APLICA,NO APLICA,CHOQUE,DESOBEDECER SEÑAL,NO APLICA 2020,NO APLICA,AUTOMOVIL,VOLKSWAGEN,BOGOTA,PARTICULAR,NO APLICA
928,HERIDOS,2020-06-01,2020,01:45,MADRUGADA,LUNES,CENTRO,CALLE 29 CARRERA 28,URBANA,TECNICO,3.52604,-76.29906,NO APLICA,NO APLICA,NO APLICA,CHOQUE,NO RESPETAR PRELACION,NO APLICA 2020,NO APLICA,AUTOMOVIL,CHEVROLET,PALMIRA,PUBLICO,COOP VILLA DE LAS PALMAS
929,HERIDOS,2020-06-01,2020,01:45,MADRUGADA,LUNES,CENTRO,CALLE 29 CARRERA 28,URBANA,TECNICO,3.52604,-76.29906,MOTOCICLISTA,1,NO APLICA,CHOQUE,NO RESPETAR PRELACION,NO APLICA 2020,PALMA,MOTO,HONDA,PALMIRA,PARTICULAR,NO APLICA
930,HERIDOS,2020-06-01,2020,01:45,MADRUGADA,LUNES,CENTRO,CALLE 29 CARRERA 28,URBANA,TECNICO,3.52604,-76.29906,ACOMPAÑANTE MOTOCICLISTA,NO APLICA,NO APLICA,CHOQUE,NO RESPETAR PRELACION,NO APLICA 2020,PALMA,NO APLICA,NO APLICA,NO APLICA,NO APLICA,NO APLICA
931,DAÑOS,2020-06-01,2020,08:00,MAÑANA,LUNES,INDUSTRIAL,CARRERA 35 CALLE 46-47,URBANA,TECNICO,3.54174,-76.30729,NO APLICA,NO APLICA,NO APLICA,CHOQUE,NO MANTENER DISTANCIA,NO APLICA 2020,NO APLICA,CAMIONETA,CHEVROLET,GUACARI,PARTICULAR,NO APLICA
932,HERIDOS,2020-06-01,2020,17:30,TARDE,LUNES,SAN PEDRO,CALLE 37 CARRERA 17,URBANA,TECNICO,3.53292,-76.28903,MOTOCICLISTA,1,NO APLICA,CHOQUE,GIRAR BRUSCAMENTE,NO APLICA 2020,PALMA,MOTO,HERO,PRADERA,PARTICULAR,NO APLICA
933,HERIDOS,2020-06-01,2020,18:30,NOCHE,LUNES,SAN PEDRO,CALLE 37 CARRERA 17,URBANA,TECNICO,3.53292,-76.28903,MOTOCICLISTA,1,NO APLICA,CHOQUE,GIRAR BRUSCAMENTE,NO APLICA 2020,RAUL,MOTO,SUZUKI,CHINCHINA,PARTICULAR,NO APLICA
934,DAÑOS,2020-06-02,2020,07:40,MAÑANA,MARTES,FRAY LUIS AMIGO,CALLE 42 CARRERA 49,URBANA,TECNICO,3.53873,-76.31779,NO APLICA,NO APLICA,NO APLICA,CHOQUE OBJETO FIJO,FALLAS EN LAS LLANTA,NO APLICA 2020,NO APLICA,AUTOMOVIL,CHEVROLET,CALI,PARTICULAR,NO APLICA
935,HERIDOS,2020-06-02,2020,08:40,MAÑANA,MARTES,LA EMILIA,CARRERA 38 CALLE 40,URBANA,TECNICO,3.53673,-76.30879,MOTOCICLISTA,1,NO APLICA,CHOQUE,DESOBEDECER SEÑALES,NO APLICA 2020,RAUL,MOTO,TONGKO,CALI,PARTICULAR,NO APLICA
936,HERIDOS,2020-06-02,2020,08:40,MAÑANA,MARTES,LA EMILIA,CARRERA 38 CALLE 40,URBANA,TECNICO,3.53673,-76.30879,MOTOCICLISTA,1,NO APLICA,CHOQUE,DESOBEDECER SEÑALES,NO APLICA 2020,RAUL,MOTO,AKT,FLORIDA,PARTICULAR,NO APLICA
937,DAÑOS,2020-06-02,2020,16:00,TARDE,MARTES,BIZERTA,CALLE 37 CARRERA 23,URBANA,TECNICO,3.53307,-76.2937,NO APLICA,NO APLICA,NO APLICA,CHOQUE,DESOBEDECER SEÑALES,NO APLICA 2020,NO APLICA,CAMIONETA,KIA,CALI,PARTICULAR,NO APLICA
938,DAÑOS,2020-06-02,2020,16:00,TARDE,MARTES,BIZERTA,CALLE 37 CARRERA 23,URBANA,TECNICO,3.53307,-76.2937,NO APLICA,NO APLICA,NO APLICA,CHOQUE,DESOBEDECER SEÑALES,NO APLICA 2020,NO APLICA,MOTO,SUZUKI,JAMUNDI,PARTICULAR,NO APLICA
939,DAÑOS,2020-06-01,2020,16:00,TARDE,LUNES,NUEVO,CALLE 23 CARRERA31,URBANA,TECNICO,3.52143,-76.30264,NO APLICA,NO APLICA,NO APLICA,CHOQUE,ARRANCAR SIN PRECAUCION,NO APLICA 2020,NO APLICA,CAMPERO,TOYOTA,PALMIRA,PARTICULAR,NO APLICA
940,DAÑOS,2020-06-01,2020,16:00,TARDE,LUNES,NUEVO,CALLE 23 CARRERA31,URBANA,TECNICO,3.52143,-76.30264,NO APLICA,NO APLICA,NO APLICA,CHOQUE,ARRANCAR SIN PRECAUCION,NO APLICA 2020,NO APLICA,BUS,YOTONG,TURBACO,PUBLICO,TRANS SOTRANCE
941,HERIDOS,2020-06-02,2020,18:50,NOCHE,MARTES,LOS PINOS,CALLE 42 CAEERA 25,URBANA,TECNICO,3.53755,-76.2945,MOTOCICLISTA,1,NO APLICA,CHOQUE,SEMAFORO EN ROJO,NO APLICA 2020,PALMA,MOTO,AUTECO,PALMIRA,PARTICULAR,NO APLICA
942,HERIDOS,2020-06-02,2020,18:50,NOCHE,MARTES,LOS PINOS,CALLE 42 CAEERA 25,URBANA,TECNICO,3.53755,-76.2945,NO APLICA,NO APLICA,NO APLICA,CHOQUE,SEMAFORO EN ROJO,NO APLICA 2020,NO APLICA,MOTO,HONDA,DOSQUEBRADAS,PARTICULAR,NO APLICA
943,HERIDOS,2020-06-02,2020,18:50,NOCHE,MARTES,LOS PINOS,CALLE 42 CAEERA 25,URBANA,TECNICO,3.53755,-76.2945,ACOMPAÑANTE MOTOCICLISTA,1,NO APLICA,CHOQUE,SEMAFORO EN ROJO,NO APLICA 2020,PALMA,NO APLICA,NO APLICA,NO APLICA,NO APLICA,NO APLICA
944,DAÑOS,2020-06-02,2020,15:50,TARDE,MARTES,COLOMBIA,CALLE 33 CARRERA 34,URBANA,TECNICO,3.5312,-76.30407,NO APLICA,NO APLICA,NO APLICA,CHOQUE,ADELANTAR POR  LA DERECHA,NO APLICA 2020,NO APLICA,MOTO,YAMAHA,PALMIRA,PARTICULAR,NO APLICA
945,DAÑOS,2020-06-02,2020,15:50,TARDE,MARTES,COLOMBIA,CALLE 33 CARRERA 34,URBANA,TECNICO,3.5312,-76.30407,NO APLICA,NO APLICA,NO APLICA,CHOQUE,ADELANTAR POR  LA DERECHA,NO APLICA 2020,NO APLICA,MOTO,AKT,CALI,PARTICULAR,NO APLICA
946,HERIDOS,2020-06-02,2020,22:20,NOCHE,MARTES,SANTA RITA,CALLE 36 CARRERA 27,URBANA,TECNICO,3.5326,-76.29703,MOTOCICLISTA,1,NO APLICA,CHOQUE,NO  RESPETAR PRELACION,NO APLICA 2020,PALMIRA,MOTO,HERO,FLORIDA,PARTICULAR,NO APLICA
947,HERIDOS,2020-06-02,2020,22:20,NOCHE,MARTES,SANTA RITA,CALLE 36 CARRERA 27,URBANA,TECNICO,3.5326,-76.29703,CONDUCTOR,1,NO APLICA,CHOQUE,NO  RESPETAR PRELACION,NO APLICA 2020,PALMIRA,AUTOMOVIL,RENAULT,CALI,PARTICULAR,NO APLICA
948,DAÑOS,2020-06-03,2020,17:40,TARDE,MIERCOLES,SANTA BARBARA,PUENTE LA Y,URBANA,TECNICO,3.52813,-76.32621,NO APLICA,NO APLICA,NO APLICA,CHOQUE,INVADIR CARRIL DE SENTIDO CONTRARIO,NO APLICA 2020,NO APLICA,AUTOMOVIL,CHEVROLET,EL CERRITO,PARTICULAR,NO APLICA
949,DAÑOS,2020-06-03,2020,17:40,TARDE,MIERCOLES,SANTA BARBARA,PUENTE LA Y,URBANA,TECNICO,3.52813,-76.32621,NO APLICA,NO APLICA,NO APLICA,CHOQUE,INVADIR CARRIL DE SENTIDO CONTRARIO,NO APLICA 2020,NO APLICA,MOTO,AKT,CALI,PARTICULAR,NO APLICA
950,HERIDOS,2020-06-03,2020,18:40,NOCHE,MIERCOLES,ALTAMIRA,CALLE 46 CARRERA 27-58,URBANA,TECNICO,3.54118,-76.29604,MOTOCICLISTA,1,NO APLICA,CHOQUE,IMPERICIA EN EL MANEJO,NO APLICA 2020,PALMA,MOTO,YAMAHA,MIRANDA,PARTICULAR,NO APLICA
951,HERIDOS,2020-06-03,2020,18:40,NOCHE,MIERCOLES,ALTAMIRA,CALLE 46 CARRERA 27-58,URBANA,TECNICO,3.54118,-76.29604,NO APLICA,NO APLICA,NO APLICA,CHOQUE,IMPERICIA EN EL MANEJO,NO APLICA 2020,NO APLICA,AUTOMOVIL,VOLKSWAGEN,CALI,PARTICULAR,NO APLICA
952,DAÑOS,2020-06-04,2020,13:50,TARDE,JUEVES,INDUSTRIAL,CALLE 42 CARRERA 35 SUR,URBANA,TECNICO,3.53875,-76.30632,NO APLICA,NO APLICA,NO APLICA,CHOQUE,NO MANTENER DISTANCIA,NO APLICA 2020,NO APLICA,CAMIONETA,CHEVROLET,GUACARI,PARTICULAR,NO APLICA
953,DAÑOS,2020-06-04,2020,13:50,TARDE,JUEVES,INDUSTRIAL,CALLE 42 CARRERA 35 SUR,URBANA,TECNICO,3.53875,-76.30632,NO APLICA,NO APLICA,NO APLICA,CHOQUE,NO MANTENER DISTANCIA,NO APLICA 2020,NO APLICA,AUTOMOVIL,RENAULT,PALMIRA,PARTICULAR,NO APLICA
954,DAÑOS,2020-06-04,2020,16:10,TARDE,JUEVES,CENTRO,CALLE 31 CARRERA 23,URBANA,TECNICO,3.52743,-76.29461,NO APLICA,NO APLICA,NO APLICA,CHOQUE,ARRANCAR SIN PRECAUCION,NO APLICA 2020,NO APLICA,MOTO,KIMCO,PRADERA,PARTICULAR,NO APLICA
955,DAÑOS,2020-06-04,2020,16:10,TARDE,JUEVES,CENTRO,CALLE 31 CARRERA 23,URBANA,TECNICO,3.52743,-76.29461,NO APLICA,NO APLICA,NO APLICA,CHOQUE,ARRANCAR SIN PRECAUCION,NO APLICA 2020,NO APLICA,AUTOMOVIL,CHEVROLET,CALI,PARTICULAR,NO APLICA
956,HERIDOS,2020-06-04,2020,15:40,TARDE,JUEVES,COLOMBIA,CALLE 33 CARRERA 30,URBANA,TECNICO,3.53059,-76.30011,MOTOCICLISTA,1,NO APLICA,CHOQUE,DESOBEDECER SEÑALES,NO APLICA 2020,RAUL,MOTO,SUZUKI,CARTAGO,PARTICULAR,NO APLICA
957,HERIDOS,2020-06-04,2020,15:40,TARDE,JUEVES,COLOMBIA,CALLE 33 CARRERA 30,URBANA,TECNICO,3.53059,-76.30011,NO APLICA,NO APLICA,NO APLICA,CHOQUE,DESOBEDECER SEÑALES,NO APLICA 2020,NO APLICA,NO APLICA,NO APLICA,NO APLICA,NO APLICA,NO APLICA
958,HERIDOS,2020-06-04,2020,16:30,TARDE,JUEVES,ZAMORANO,CALLE 69 CARRERA 29,URBANA,TECNICO,3.5563,-76.29375,MOTOCICLISTA,1,NO APLICA,CHOQUE,NO RESPETAR PRELACION,NO APLICA 2020,PALMA,MOTO,SUZUKI,MIRANDA,PARTICULAR,NO APLICA
959,HERIDOS,2020-06-04,2020,16:30,TARDE,JUEVES,ZAMORANO,CALLE 69 CARRERA 29,URBANA,TECNICO,3.5563,-76.29375,NO APLICA,NO APLICA,NO APLICA,CHOQUE,NO RESPETAR PRELACION,NO APLICA 2020,NO APLICA,AUTOMOVIL,CHEVROLET,IBAGUE,PARTICULAR,NO APLICA
960,HERIDOS,2020-06-04,2020,17:50,TARDE,JUEVES,POBLADO,CALLE 43 CARRERA 14-16,URBANA,TECNICO,3.53775,-76.2873,NO APLICA,NO APLICA,NO APLICA,VOLCAMIENTO,HUECOS,NO APLICA 2020,NO APLICA,MOTO,SUZUKI,CARTAGO,PARTICULAR,NO APLICA
961,HERIDOS,2020-06-04,2020,17:50,TARDE,JUEVES,POBLADO,CALLE 43 CARRERA 14-16,URBANA,TECNICO,3.53775,-76.2873,ACOMPAÑANTE MOTOCICLISTA,1,NO APLICA,VOLCAMIENTO,HUECOS,NO APLICA 2020,FRACTURAS,NO APLICA,NO APLICA,NO APLICA,NO APLICA,NO APLICA
962,HERIDOS,2020-06-05,2020,14:30,TARDE,VIERNES,CIUDAD DEL CAMPO,CALLE 93 N 7M-322,RURAL,TECNICO,3.45234,-76.47446,NO APLICA,NO APLICA,NO APLICA,ATROPELLO,EXCESO DE VELOCIDAD,NO APLICA 2020,NO APLICA,MOTO,SUZUKI,PRADERA,PARTICULAR,NO APLICA
963,HERIDOS,2020-06-05,2020,14:30,TARDE,VIERNES,CIUDAD DEL CAMPO,CALLE 93 N 7M-322,RURAL,TECNICO,3.45234,-76.47446,PEATON,1,NO APLICA,ATROPELLO,EXCESO DE VELOCIDAD,NO APLICA 2020,REY DAVID,NO APLICA,NO APLICA,NO APLICA,NO APLICA,NO APLICA
964,HERIDOS,2020-06-05,2020,09:30,MAÑANA,VIERNES,COLOMBINA,CALLE 28 CARRERA15,URBANA,TECNICO,3.52403,-76.28808,MOTOCICLISTA,1,NO APLICA,CHOQUE,DESOBEDECER SEÑALES,NO APLICA 2020,PALMA,MOTO,HONDA,JAMUNDI,PARTICULAR,NO APLICA
965,HERIDOS,2020-06-05,2020,09:30,MAÑANA,VIERNES,COLOMBINA,CALLE 28 CARRERA15,URBANA,TECNICO,3.52403,-76.28808,NO APLICA,NO APLICA,NO APLICA,CHOQUE,DESOBEDECER SEÑALES,NO APLICA 2020,NO APLICA,AUTOMOVIL,CHEVROLET,EL CERRITO,PARTICULAR,NO APLICA
966,DAÑOS,2020-06-07,2020,08:30,MAÑANA,DOMINGO,CENTRO,CALLE 29 CARRERA 31,URBANA,TECNICO,3.5265,-76.30182,NO APLICA,NO APLICA,NO APLICA,CHOQUE,SEMAFORO EN ROJO,NO APLICA 2020,NO APLICA,AUTOMOVIL,CHEVROLET,PALMIRA,PUBLICO,COOP VILLA DE LAS PALMAS
967,HERIDOS,2020-06-07,2020,09:30,MAÑANA,DOMINGO,ZAMORANO,DIAGONAL 65 CARRERA 30-114,URBANA,TECNICO,3.554,-76.29682,MOTOCICLISTA,1,NO APLICA,ATROPELLO,NO ESTAR PNDIENTE DE LA VIA Y DEMAS CONDUCTORES,NO APLICA 2020,RAUL,MOTO,HONDA,FLORIDA,PARTICULAR,NO APLICA
968,HERIDOS,2020-06-07,2020,09:30,MAÑANA,DOMINGO,ZAMORANO,DIAGONAL 65 CARRERA 30-114,URBANA,TECNICO,3.554,-76.29682,PEATON,1,NO APLICA,ATROPELLO,NO ESTAR PNDIENTE DE LA VIA Y DEMAS CONDUCTORES,NO APLICA 2020,RAUL,NO APLICA,NO APLICA,NO APLICA,NO APLICA,NO APLICA
969,HERIDOS,2020-06-07,2020,11:30,MAÑANA,DOMINGO,SAN PEDRO,CALLE 34A CARRERA 13,URBANA,TECNICO,3.53111,-76.28549,MOTOCICLISTA,1,NO APLICA,CHOQUE,GIRAR BRUSCAMENTE,NO APLICA 2020,PALMIRA,MOTO,HERO,FLORIDA,PARTICULAR,NO APLICA
970,HERIDOS,2020-06-07,2020,11:30,MAÑANA,DOMINGO,SAN PEDRO,CALLE 34A CARRERA 13,URBANA,TECNICO,3.53111,-76.28549,MOTOCICLISTA,1,NO APLICA,CHOQUE,GIRAR BRUSCAMENTE,NO APLICA 2020,PALMIRA,MOTO,SUZUKI,PALMIRA,PARTICULAR,NO APLICA
971,HERIDOS,2020-06-07,2020,11:30,MAÑANA,DOMINGO,SAN PEDRO,CALLE 34A CARRERA 13,URBANA,TECNICO,3.53111,-76.28549,ACOMPAÑANTE MOTOCICLISTA,1,NO APLICA,CHOQUE,GIRAR BRUSCAMENTE,NO APLICA 2020,PALMIRA,NO APLICA,NO APLICA,NO APLICA,NO APLICA,NO APLICA
972,DAÑOS,2020-06-07,2020,13:30,TARDE,DOMINGO,CENTRO,CALLE 28 CARRERA 28-29,URBANA,TECNICO,3.52537,-76.29967,NO APLICA,NO APLICA,NO APLICA,CHOQUE,ARRANCAR SIN PRECAUCION,NO APLICA 2020,NO APLICA,AUTOMOVIL,CHEVROLET,CALI,PARTICULAR,NO APLICA
973,DAÑOS,2020-06-07,2020,13:30,TARDE,DOMINGO,CENTRO,CALLE 28 CARRERA 28-29,URBANA,TECNICO,3.52537,-76.29967,NO APLICA,NO APLICA,NO APLICA,CHOQUE,ARRANCAR SIN PRECAUCION,NO APLICA 2020,NO APLICA,AUTOMOVIL,JAC,PALMIRA,PUBLICO,NO APLICA
974,DAÑOS,2020-06-07,2020,03:50,MADRUGADA,DOMINGO,LA EMILIA,CALLE 36 CARRERA 37,URBANA,TECNICO,3.53377,-76.30737,NO APLICA,NO APLICA,NO APLICA,CHOQUE,DESOBEDECER SEÑALES,NO APLICA 2020,NO APLICA,AUTOMOVIL,KIA,CALI,PARTICULAR,NO APLICA
975,DAÑOS,2020-06-08,2020,10:15,MAÑANA,LUNES,SANTA ISABEL,CARRERA 28 CALLE 46-48,URBANA,TECNICO,3.54171,-76.29661,NO APLICA,NO APLICA,NO APLICA,CHOQUE,ARRANCAR SIN PRECAUCION,NO APLICA 2020,NO APLICA,CAMIONETA,NISSAN,CALI,PARTICULAR,NO APLICA
976,DAÑOS,2020-06-08,2020,10:15,MAÑANA,LUNES,SANTA ISABEL,CARRERA 28 CALLE 46-48,URBANA,TECNICO,3.54171,-76.29661,NO APLICA,NO APLICA,NO APLICA,CHOQUE,ARRANCAR SIN PRECAUCION,NO APLICA 2020,NO APLICA,CAMIONETA,CHEVROLET,GUACARI,PARTICULAR,NO APLICA
977,MUERTO,2020-06-08,2020,13:30,TARDE,LUNES,PRADO,CALLE 42 CARRERA 41-42NORTE,URBANA,TECNICO,3.5389,-76.31224,CONDUCTOR,NO APLICA,1,CHOQUE,INVADIR CARRIL DE SENTIDO CONTRARIO,NO APLICA 2020,NO APLICA,AUTOMOVIL,CHEVROLET,CALI,PARTICULAR,NO APLICA
978,HERIDOS,2020-06-08,2020,13:30,TARDE,LUNES,PRADO,CALLE 42 CARRERA 41-42NORTE,URBANA,TECNICO,3.5389,-76.31224,CONDUCTOR,1,NO APLICA,CHOQUE,INVADIR CARRIL DE SENTIDO CONTRARIO,NO APLICA 2020,PALMA,CAMION,HINO,EL CERRITO,PUBLICO,NO APLICA
979,HERIDOS,2020-06-08,2020,13:30,TARDE,LUNES,PRADO,CALLE 42 CARRERA 41-42NORTE,URBANA,TECNICO,3.5389,-76.31224,ACOMPAÑANTE CONDUCTOR,1,NO APLICA,CHOQUE,INVADIR CARRIL DE SENTIDO CONTRARIO,NO APLICA 2020,PALMIRA,NO APLICA,NO APLICA,NO APLICA,NO APLICA,NO APLICA
980,HERIDOS,2020-06-08,2020,13:30,TARDE,LUNES,PRADO,CALLE 42 CARRERA 41-42NORTE,URBANA,TECNICO,3.5389,-76.31224,NO APLICA,NO APLICA,NO APLICA,CHOQUE,INVADIR CARRIL DE SENTIDO CONTRARIO,NO APLICA 2020,NO APLICA,AUTOMOVIL,CHEVROLET,MINISTERIO,PARTICULAR,NO APLICA
981,HERIDOS,2020-06-08,2020,13:30,TARDE,LUNES,PRADO,CALLE 42 CARRERA 41-42NORTE,URBANA,TECNICO,3.5389,-76.31224,ACOMPAÑANTE CONDUCTOR,1,NO APLICA,CHOQUE,INVADIR CARRIL DE SENTIDO CONTRARIO,NO APLICA 2020,PALMA,NO APLICA,NO APLICA,NO APLICA,NO APLICA,NO APLICA
982,HERIDOS,2020-06-08,2020,13:30,TARDE,LUNES,PRADO,CALLE 42 CARRERA 41-42NORTE,URBANA,TECNICO,3.5389,-76.31224,ACOMPAÑANTE CONDUCTOR,1,NO APLICA,CHOQUE,INVADIR CARRIL DE SENTIDO CONTRARIO,NO APLICA 2020,PALMA,NO APLICA,NO APLICA,NO APLICA,NO APLICA,NO APLICA
983,HERIDOS,2020-06-08,2020,13:30,TARDE,LUNES,PRADO,CALLE 42 CARRERA 41-42NORTE,URBANA,TECNICO,3.5389,-76.31224,ACOMPAÑANTE CONDUCTOR,1,NO APLICA,CHOQUE,INVADIR CARRIL DE SENTIDO CONTRARIO,NO APLICA 2020,PALMIRA,NO APLICA,NO APLICA,NO APLICA,NO APLICA,NO APLICA
984,HERIDOS,2020-06-08,2020,12:15,TARDE,LUNES,SEMBRADOR,CARRERA 21 CALLE 21A,URBANA,TECNICO,3.51913,-76.29344,MOTOCICLISTA,1,NO APLICA,CHOQUE,NO ESTAR PNDIENTE DE LA VIA Y DEMAS CONDUCTORES,NO APLICA 2020,PALMA,MOTO,HONDA,CALI,PARTICULAR,NO APLICA
985,HERIDOS,2020-06-08,2020,12:15,TARDE,LUNES,SEMBRADOR,CARRERA 21 CALLE 21A,URBANA,TECNICO,3.51913,-76.29344,NO APLICA,NO APLICA,NO APLICA,CHOQUE,NO ESTAR PNDIENTE DE LA VIA Y DEMAS CONDUCTORES,NO APLICA 2020,NO APLICA,MOTO,YAMAHA,MEDELLIN,PARTICULAR,NO APLICA
986,HERIDOS,2020-06-06,2020,16:20,TARDE,SABADO,INDUSTRIAL,CALLE 42 CARRERA 34,URBANA,TECNICO,3.53851,-76.30279,MOTOCICLISTA,1,NO APLICA,CHOQUE,GIRAR BRUSCAMENTE,NO APLICA 2020,FRACTURAS,MOTO,YAMAHA,CIRCASIA,PARTICULAR,NO APLICA
987,HERIDOS,2020-06-06,2020,16:20,TARDE,SABADO,INDUSTRIAL,CALLE 42 CARRERA 34,URBANA,TECNICO,3.53851,-76.30279,MOTOCICLISTA,1,NO APLICA,CHOQUE,GIRAR BRUSCAMENTE,NO APLICA 2020,FRACTURAS,MOTO,HONDA,GUACARI,PARTICULAR,NO APLICA
988,HERIDOS,2020-06-09,2020,21:00,NOCHE,MARTES,URIBE,CALLE 35 CARRERA 23,URBANA,TECNICO,3.5314,-76.294,MOTOCICLISTA,1,NO APLICA,CHOQUE,DESOBEDECER SEÑALES,NO APLICA 2020,PALMIRA,MOTO,AKT,PRADERA,PARTICULAR,NO APLICA
989,HERIDOS,2020-06-09,2020,21:00,NOCHE,MARTES,URIBE,CALLE 35 CARRERA 23,URBANA,TECNICO,3.5314,-76.294,NO APLICA,NO APLICA,NO APLICA,CHOQUE,DESOBEDECER SEÑALES,NO APLICA 2020,NO APLICA,AUTOMOVIL,NISSAN,CALI,PARTICULAR,NO APLICA
990,DAÑOS,2020-06-10,2020,16:00,TARDE,MIERCOLES,EL BOSQUE,CALLE 31 CARRERA 1-2,URBANA,TECNICO,3.52516,-76.27857,NO APLICA,NO APLICA,NO APLICA,CHOQUE,NO MANTENER DISTANCIA,NO APLICA 2020,NO APLICA,AUTOMOVIL,CHEVROLET,PALMIRA,PARTICULAR,NO APLICA
991,DAÑOS,2020-06-10,2020,16:00,TARDE,MIERCOLES,EL BOSQUE,CALLE 31 CARRERA 1-2,URBANA,TECNICO,3.52516,-76.27857,NO APLICA,NO APLICA,NO APLICA,CHOQUE,NO MANTENER DISTANCIA,NO APLICA 2020,NO APLICA,AUTOMOVIL,CHEVROLET,CALI,PARTICULAR,NO APLICA
992,DAÑOS,2020-06-10,2020,21:30,NOCHE,MIERCOLES,SAMANES,CALLE 47 CARRERA 30-32,URBANA,TECNICO,3.54228,-76.29829,NO APLICA,NO APLICA,NO APLICA,CHOQUE,NO MANTENER DISTANCIA,NO APLICA 2020,NO APLICA,AUTOMOVIL,KIA,CALI,PARTICULAR,NO APLICA
993,DAÑOS,2020-06-10,2020,21:30,NOCHE,MIERCOLES,SAMANES,CALLE 47 CARRERA 30-32,URBANA,TECNICO,3.54228,-76.29829,NO APLICA,NO APLICA,NO APLICA,CHOQUE,NO MANTENER DISTANCIA,NO APLICA 2020,NO APLICA,CAMPERO,SUZUKI,PALMIRA,PARTICULAR,NO APLICA
994,HERIDOS,2020-06-09,2020,13:10,TARDE,MARTES,ITALIA,CALLE 6 CARRERA 28,URBANA,TECNICO,3.50554,-76.29915,MOTOCICLISTA,1,NO APLICA,CHOQUE,DESOBEDECER SEÑALES,NO APLICA 2020,PALMIRA,MOTO,YAMAHA,TULUA,PARTICULAR,NO APLICA
995,HERIDOS,2020-06-09,2020,13:10,TARDE,MARTES,ITALIA,CALLE 6 CARRERA 28,URBANA,TECNICO,3.50554,-76.29915,NO APLICA,NO APLICA,NO APLICA,CHOQUE,DESOBEDECER SEÑALES,NO APLICA 2020,NO APLICA,CAMIONETA,MAZDA,CALI,PARTICULAR,NO APLICA
996,HERIDOS,2020-06-09,2020,09:30,MAÑANA,MARTES,TRINIDAD,CARRERA 23 CALLE 27,URBANA,TECNICO,3.52387,-76.29507,MOTOCICLISTA,1,NO APLICA,CHOQUE,DESOBEDECER SEÑALES,NO APLICA 2020,PALMA,MOTO,HONDA,FLORIDA,PARTICULAR,NO APLICA
997,HERIDOS,2020-06-09,2020,09:30,MAÑANA,MARTES,TRINIDAD,CARRERA 23 CALLE 27,URBANA,TECNICO,3.52387,-76.29507,NO APLICA,NO APLICA,NO APLICA,CHOQUE,DESOBEDECER SEÑALES,NO APLICA 2020,NO APLICA,CAMIONETA,DODGE,JAMUNDI,PARTICULAR,NO APLICA
998,HERIDOS,2020-06-10,2020,09:30,MAÑANA,MIERCOLES,COLOMBINA,CALLE29 CARRERA 20,URBANA,TECNICO,3.52517,-76.29231,MOTOCICLISTA,1,NO APLICA,CHOQUE,DESOBEDECER SEÑALES,NO APLICA 2020,PALMIRA,MOTO,AKT,PRADERA,PARTICULAR,NO APLICA
999,HERIDOS,2020-06-10,2020,09:30,MAÑANA,MIERCOLES,COLOMBINA,CALLE29 CARRERA 20,URBANA,TECNICO,3.52517,-76.29231,ACOMPAÑANTE MOTOCICLISTA,1,NO APLICA,CHOQUE,DESOBEDECER SEÑALES,NO APLICA 2020,PALMIRA,NO APLICA,NO APLICA,NO APLICA,NO APLICA,NO APLICA