,GRAVEDAD,FECHA,AÑO,HORA,JORNADA,DIA_SEMANA,BARRIO-CORREGIMIENTO-VIA,DIRECCION,ZONA,AUTORIDAD,LAT,LONG,CONDICION_VICTIMA,LESIONADO,HOMICIDIOS,TIPO_ACCIDENTE,HIPOTESIS,GENERO,CLINICA,CLASE_VEHICULO,MARCA,MATRICULA,TIPO DE SERVICIO,EMPRESA
1000,HERIDOS,2020-06-10,2020,09:30,MAÑANA,MIERCOLES,COLOMBINA,CALLE29 CARRERA 20,URBANA,TECNICO,3.52517,-76.29231,NO APLICA,NO APLICA,NO APLICA,CHOQUE,DESOBEDECER SEÑALES,NO APLICA 2020,NO APLICA,CAMIONETA,CHANGAN,BOGOTA,PARTICULAR,NO APLICA
1001,HERIDOS,2020-06-11,2020,08:50,MAÑANA,JUEVES,CENTRO,CALLE 31 CARRERA 25,URBANA,TECNICO,3.5276,-76.29619,MOTOCICLISTA,1,NO APLICA,CHOQUE,SEMAFORO EN ROJO,NO APLICA 2020,RAUL,MOTO,YAMAHA,CALI,PARTICULAR,NO APLICA
1002,HERIDOS,2020-06-11,2020,08:50,MAÑANA,JUEVES,CENTRO,CALLE 31 CARRERA 25,URBANA,TECNICO,3.5276,-76.29619,NO APLICA,NO APLICA,NO APLICA,CHOQUE,SEMAFORO EN ROJO,NO APLICA 2020,NO APLICA,CAMIONETA,CHEVROLET,CALI,PARTICULAR,NO APLICA
1003,HERIDOS,2020-06-11,2020,13:45,TARDE,JUEVES,LA EMILIA,CALLE 36 CARRERA 23,URBANA,TECNICO,3.5323,-76.29386,MOTOCICLISTA,1,NO APLICA,CHOQUE,DESOBEDECER SEÑALES,NO APLICA 2020,RAUL,MOTO,SUZUKI,LA VIRGINIA,PARTICULAR,NO APLICA
1004,HERIDOS,2020-06-11,2020,13:45,TARDE,JUEVES,LA EMILIA,CALLE 36 CARRERA 23,URBANA,TECNICO,3.5323,-76.29386,NO APLICA,NO APLICA,NO APLICA,CHOQUE,DESOBEDECER SEÑALES,NO APLICA 2020,NO APLICA,MOTO,SYM,PALMIRA,PARTICULAR,NO APLICA
1005,HERIDOS,2020-06-11,2020,13:45,TARDE,JUEVES,LA EMILIA,CALLE 36 CARRERA 23,URBANA,TECNICO,3.5323,-76.29386,ACOMPAÑANTE MOTOCICLISTA,1,NO APLICA,CHOQUE,DESOBEDECER SEÑALES,NO APLICA 2020,RAUL,NO APLICA,NO APLICA,NO APLICA,NO APLICA,NO APLICA
1006,DAÑOS,2020-06-12,2020,09:10,MAÑANA,VIERNES,VERSALLES,CALLE 42 CARRERA 28,URBANA,TECNICO,3.53784,-76.2972,NO APLICA,NO APLICA,NO APLICA,CHOQUE,MAL USO DEL CARRIL,NO APLICA 2020,NO APLICA,AUTOMOVIL,KIA,PALMIRA,PARTICULAR,NO APLICA
1007,DAÑOS,2020-06-12,2020,09:10,MAÑANA,VIERNES,VERSALLES,CALLE 42 CARRERA 28,URBANA,TECNICO,3.53784,-76.2972,NO APLICA,NO APLICA,NO APLICA,CHOQUE,MAL USO DEL CARRIL,NO APLICA 2020,NO APLICA,AUTOMOVIL,RENAULT,ENVIGADO,PARTICULAR,NO APLICA
1008,HERIDOS,2020-06-13,2020,10:20,MAÑANA,SABADO,OBRERO,CARRERA 27 CALLE 35,URBANA,TECNICO,3.53183,-76.29716,NO APLICA,NO APLICA,NO APLICA,CHOQUE,DESOBEDECER SEÑALES,NO APLICA 2020,NO APLICA,AUTOMOVIL,RENAULT,PALMIRA,PARTICULAR,NO APLICA
1009,HERIDOS,2020-06-13,2020,10:20,MAÑANA,SABADO,OBRERO,CARRERA 27 CALLE 35,URBANA,TECNICO,3.53183,-76.29716,MOTOCICLISTA,1,NO APLICA,CHOQUE,DESOBEDECER SEÑALES,NO APLICA 2020,FRACTURAS,MOTO,YAMAHA,PALMIRA,PARTICULAR,NO APLICA
1010,HERIDOS,2020-06-13,2020,21:00,NOCHE,SABADO,COLOMBINA,CALLE 29 CARRERA 21,URBANA,TECNICO,3.52529,-76.29316,NO APLICA,NO APLICA,NO APLICA,CHOQUE,DESOBEDECER SEÑALES,NO APLICA 2020,NO APLICA,MOTO,HONDA,GUACARI,PARTICULAR,NO APLICA
1011,HERIDOS,2020-06-13,2020,21:00,NOCHE,SABADO,COLOMBINA,CALLE 29 CARRERA 21,URBANA,TECNICO,3.52529,-76.29316,MOTOCICLISTA,1,NO APLICA,CHOQUE,DESOBEDECER SEÑALES,NO APLICA 2020,PALMIRA,MOTO,BAJAJ,PRADERA,PARTICULAR,NO APLICA
1012,HERIDOS,2020-06-14,2020,13:00,TARDE,DOMINGO,COLOMBIA,CALLE 36 CARRERA 29,URBANA,TECNICO,3.53293,-76.29887,MOTOCICLISTA,1,NO APLICA,CHOQUE,SEMAFORO EN ROJO,NO APLICA 2020,PALMA,MOTO,YAMAHA,PALMIRA,PARTICULAR,NO APLICA
1013,HERIDOS,2020-06-14,2020,13:00,TARDE,DOMINGO,COLOMBIA,CALLE 36 CARRERA 29,URBANA,TECNICO,3.53293,-76.29887,NO APLICA,NO APLICA,NO APLICA,CHOQUE,SEMAFORO EN ROJO,NO APLICA 2020,NO APLICA,CAMIONETA,ISUZU,CANDELARIA,PARTICULAR,NO APLICA
1014,HERIDOS,2020-06-13,2020,16:00,TARDE,SABADO,URIBE,CALLE 34 CARRERA 22,URBANA,TECNICO,3.53045,-76.29337,MOTOCICLISTA,1,NO APLICA,CHOQUE,DESOBEDECER SEÑALES,NO APLICA 2020,PALMA,MOTO,HERO,GUACARI,PARTICULAR,NO APLICA
1015,HERIDOS,2020-06-13,2020,16:00,TARDE,SABADO,URIBE,CALLE 34 CARRERA 22,URBANA,TECNICO,3.53045,-76.29337,NO APLICA,NO APLICA,NO APLICA,CHOQUE,DESOBEDECER SEÑALES,NO APLICA 2020,NO APLICA,CAMIONETA,NISSAN,BOGOTA,PARTICULAR,NO APLICA
1016,HERIDOS,2020-06-13,2020,14:00,TARDE,SABADO,BIZERTA,CALLE 36 CARRERA 22,URBANA,TECNICO,3.53219,-76.29315,MOTOCICLISTA,1,NO APLICA,CHOQUE,DESOBEDECER SEÑALES,NO APLICA 2020,PALMA,MOTO,YAMAHA,PRADERA,PARTICULAR,NO APLICA
1017,HERIDOS,2020-06-13,2020,14:00,TARDE,SABADO,BIZERTA,CALLE 36 CARRERA 22,URBANA,TECNICO,3.53219,-76.29315,NO APLICA,NO APLICA,NO APLICA,CHOQUE,DESOBEDECER SEÑALES,NO APLICA 2020,NO APLICA,AUTOMOVIL,CHEVROLET,CALI,PARTICULAR,NO APLICA
1018,DAÑOS,2020-06-16,2020,13:30,TARDE,MARTES,CENTRO,CALLE 28 CARRERA 33A,URBANA,TECNICO,3.52603,-76.30442,NO APLICA,NO APLICA,NO APLICA,CHOQUE,ARRANCAR SIN PRECAUCION,NO APLICA 2020,NO APLICA,AUTOMOVIL,CHEVROLET,PALMIRA,PARTICULAR,NO APLICA
1019,DAÑOS,2020-06-16,2020,13:30,TARDE,MARTES,CENTRO,CALLE 28 CARRERA 33A,URBANA,TECNICO,3.52603,-76.30442,NO APLICA,NO APLICA,NO APLICA,CHOQUE,ARRANCAR SIN PRECAUCION,NO APLICA 2020,NO APLICA,MOTO,YAMAHA,FLORIDA,PARTICULAR,NO APLICA
1020,DAÑOS,2020-06-12,2020,20:20,NOCHE,VIERNES,CENTRO POBLADO BOLO ALIZAL,KM 9,RURAL,TECNICO,3.46729,-76.36368,NO APLICA,NO APLICA,NO APLICA,CHOQUE OBJETO FIJO,PERDIDA DEL CONTROL,NO APLICA 2020,NO APLICA,CAMIONETA,CHEVROLET,CALI,PARTICULAR,NO APLICA
1021,HERIDOS,2020-06-15,2020,14:30,TARDE,LUNES,LAS PALMERAS,CARRERA 1 CALLE 35,URBANA,TECNICO,3.53217,-76.27731,MOTOCICLISTA,1,NO APLICA,CHOQUE,SEMAFORO EN ROJO,NO APLICA 2020,RAUL,MOTO,AUTECO,BUGA,PARTICULAR,NO APLICA
1022,HERIDOS,2020-06-15,2020,14:30,TARDE,LUNES,LAS PALMERAS,CARRERA 1 CALLE 35,URBANA,TECNICO,3.53217,-76.27731,MOTOCICLISTA,1,NO APLICA,CHOQUE,SEMAFORO EN ROJO,NO APLICA 2020,RAUL,MOTO,AKT,DOSQUEBRADAS,PARTICULAR,NO APLICA
1023,HERIDOS,2020-06-15,2020,14:30,TARDE,LUNES,LAS PALMERAS,CARRERA 1 CALLE 35,URBANA,TECNICO,3.53217,-76.27731,ACOMPAÑANTE MOTOCICLISTA,1,NO APLICA,CHOQUE,SEMAFORO EN ROJO,NO APLICA 2020,RAUL,NO APLICA,NO APLICA,NO APLICA,NO APLICA,NO APLICA
1024,HERIDOS,2020-06-15,2020,15:00,TARDE,LUNES,PRADO,CALLE 35 CARRERA 40-26,URBANA,TECNICO,3.53238,-76.30992,CONDUCTOR,1,NO APLICA,CHOQUE OBJETO FIJO,PERDIDA DEL CONTROL,NO APLICA 2020,PALMIRA,CAMIONETA,NISSAN,CALI,PARTICULAR,NO APLICA
1025,HERIDOS,2020-06-15,2020,15:00,TARDE,LUNES,PRADO,CALLE 35 CARRERA 40-26,URBANA,TECNICO,3.53238,-76.30992,ACOMPAÑANTE CONDUCTOR,1,NO APLICA,CHOQUE OBJETO FIJO,PERDIDA DEL CONTROL,NO APLICA 2020,PALMIRA,NO APLICA,NO APLICA,NO APLICA,NO APLICA,NO APLICA
1026,HERIDOS,2020-06-15,2020,15:00,TARDE,LUNES,PRADO,CALLE 35 CARRERA 40-26,URBANA,TECNICO,3.53238,-76.30992,ACOMPAÑANTE CONDUCTOR,1,NO APLICA,CHOQUE OBJETO FIJO,PERDIDA DEL CONTROL,NO APLICA 2020,PALMIRA,NO APLICA,NO APLICA,NO APLICA,NO APLICA,NO APLICA
1027,DAÑOS,2020-06-15,2020,20:20,NOCHE,LUNES,SANTA RITA,CALLE 33 CARRERA 27,URBANA,TECNICO,3.53016,-76.29745,NO APLICA,NO APLICA,NO APLICA,CHOQUE,SEMAFORO EN ROJO,NO APLICA 2020,NO APLICA,MOTO,YAMAHA,PRADERA,PARTICULAR,NO APLICA
1028,DAÑOS,2020-06-15,2020,20:20,NOCHE,LUNES,SANTA RITA,CALLE 33 CARRERA 27,URBANA,TECNICO,3.53016,-76.29745,NO APLICA,NO APLICA,NO APLICA,CHOQUE,SEMAFORO EN ROJO,NO APLICA 2020,NO APLICA,AUTOMOVIL,KIA,CALI,PARTICULAR,NO APLICA
1029,DAÑOS,2020-06-15,2020,18:00,NOCHE,LUNES,URIBE,CALLE 31 CARRERA 20,URBANA,TECNICO,3.52708,-76.29207,NO APLICA,NO APLICA,NO APLICA,CHOQUE,DESOBEDECER SEÑALES,NO APLICA 2020,NO APLICA,MOTO,BAJAJ,CALI,PARTICULAR,NO APLICA
1030,DAÑOS,2020-06-15,2020,18:00,NOCHE,LUNES,URIBE,CALLE 31 CARRERA 20,URBANA,TECNICO,3.52708,-76.29207,NO APLICA,NO APLICA,NO APLICA,CHOQUE,DESOBEDECER SEÑALES,NO APLICA 2020,NO APLICA,AUTOMOVIL,CHEVROLET,CALI,PARTICULAR,NO APLICA
1031,HERIDOS,2020-06-16,2020,17:30,TARDE,MARTES,INDUSTRIAL,CARRERA 35 CALLE 44-36,URBANA,TECNICO,3.54041,-76.30704,MOTOCICLISTA,1,NO APLICA,ATROPELLO,POR ESTABLECER,NO APLICA 2020,RAUL,MOTO,HONDA,GUACARI,PARTICULAR,NO APLICA
1032,HERIDOS,2020-06-16,2020,17:30,TARDE,MARTES,INDUSTRIAL,CARRERA 35 CALLE 44-36,URBANA,TECNICO,3.54041,-76.30704,ACOMPAÑANTE MOTOCICLISTA,1,NO APLICA,ATROPELLO,POR ESTABLECER,NO APLICA 2020,RAUL,NO APLICA,NO APLICA,NO APLICA,NO APLICA,NO APLICA
1033,HERIDOS,2020-06-16,2020,17:30,TARDE,MARTES,INDUSTRIAL,CARRERA 35 CALLE 44-36,URBANA,TECNICO,3.54041,-76.30704,PEATON,1,NO APLICA,ATROPELLO,POR ESTABLECER,NO APLICA 2020,RAUL,NO APLICA,NO APLICA,NO APLICA,NO APLICA,NO APLICA
1034,HERIDOS,2020-06-17,2020,14:30,TARDE,MIERCOLES,SAN CAYETANO,CARRERA 24 CALLE 40,URBANA,TECNICO,3.53585,-76.29415,MOTOCICLISTA,1,NO APLICA,CHOQUE,DESOBEDECER SEÑALES,NO APLICA 2020,PALMA,MOTO,TVS,FLORIDA,PARTICULAR,NO APLICA
1035,HERIDOS,2020-06-17,2020,14:30,TARDE,MIERCOLES,SAN CAYETANO,CARRERA 24 CALLE 40,URBANA,TECNICO,3.53585,-76.29415,MOTOCICLISTA,1,NO APLICA,CHOQUE,DESOBEDECER SEÑALES,NO APLICA 2020,PALMA,MOTO,KIMCO,GUACARI,PARTICULAR,NO APLICA
1036,HERIDOS,2020-06-18,2020,12:35,TARDE,JUEVES,MERCEDES,CARRERA 25 CALLE 57,URBANA,TECNICO,3.5477,-76.28962,MOTOCICLISTA,1,NO APLICA,CHOQUE,NO RESPETAR PRELACION,NO APLICA 2020,PALMA,MOTO,AKT,PALMIRA,PARTICULAR,NO APLICA
1037,HERIDOS,2020-06-18,2020,12:35,TARDE,JUEVES,MERCEDES,CARRERA 25 CALLE 57,URBANA,TECNICO,3.5477,-76.28962,NO APLICA,NO APLICA,NO APLICA,CHOQUE,NO RESPETAR PRELACION,NO APLICA 2020,NO APLICA,AUTOMOVIL,CHEVROLET,CARTAGENA,PARTICULAR,NO APLICA
1038,DAÑOS,2020-06-18,2020,17:20,TARDE,JUEVES,COLOMBIA,CALLE 38 CARRERA 31,URBANA,TECNICO,3.53521,-76.30036,NO APLICA,NO APLICA,NO APLICA,CHOQUE,TRANSITAR EN CONTRAVIA,NO APLICA 2020,NO APLICA,AUTOMOVIL,KIA,PALMIRA,PARTICULAR,NO APLICA
1039,DAÑOS,2020-06-18,2020,17:20,TARDE,JUEVES,COLOMBIA,CALLE 38 CARRERA 31,URBANA,TECNICO,3.53521,-76.30036,NO APLICA,NO APLICA,NO APLICA,CHOQUE,TRANSITAR EN CONTRAVIA,NO APLICA 2020,NO APLICA,BICICLETA,NO APLICA,NO APLICA,PARTICULAR,NO APLICA
1040,DAÑOS,2020-06-18,2020,07:00,MAÑANA,JUEVES,NUEVO,CARRERA 30A CALLE 20,URBANA,TECNICO,3.51884,-76.30262,NO APLICA,NO APLICA,NO APLICA,CHOQUE,PONER EN MARCHA UN VEHICULO SIN PRECAUCION,NO APLICA 2020,NO APLICA,CAMIONETA,CHEVROLET,CALI,PARTICULAR,NO APLICA
1041,DAÑOS,2020-06-18,2020,07:00,MAÑANA,JUEVES,NUEVO,CARRERA 30A CALLE 20,URBANA,TECNICO,3.51884,-76.30262,NO APLICA,NO APLICA,NO APLICA,CHOQUE,PONER EN MARCHA UN VEHICULO SIN PRECAUCION,NO APLICA 2020,NO APLICA,AUTOMOVIL,KIA,PALMIRA,PARTICULAR,NO APLICA
1042,HERIDOS,2020-06-19,2020,10:40,MAÑANA,VIERNES,NUEVO,CARRERA 30 CALLE 26,URBANA,TECNICO,3.52382,-76.30132,NO APLICA,NO APLICA,NO APLICA,CHOQUE,DESOBEDECER SEÑALES,NO APLICA 2020,NO APLICA,AUTOMOVIL,KIA,CALI,PARTICULAR,NO APLICA
1043,HERIDOS,2020-06-19,2020,10:40,MAÑANA,VIERNES,NUEVO,CARRERA 30 CALLE 26,URBANA,TECNICO,3.52382,-76.30132,CICLISTA,1,NO APLICA,CHOQUE,DESOBEDECER SEÑALES,NO APLICA 2020,PALMIRA,CICLISTA,CONRIS,NO APLICA,PARTICULAR,NO APLICA
1044,DAÑOS,2020-06-19,2020,12:15,TARDE,VIERNES,ESTONIA,CALLE 46 CARRERA 32,URBANA,TECNICO,3.54149,-76.3007,NO APLICA,NO APLICA,NO APLICA,CHOQUE,PONER EN MARCHA UN VEHICULO SIN PRECAUCION,NO APLICA 2020,NO APLICA,AUTOMOVIL,CHEVROLET,CALI,PARTICULAR,NO APLICA
1045,DAÑOS,2020-06-19,2020,12:15,TARDE,VIERNES,ESTONIA,CALLE 46 CARRERA 32,URBANA,TECNICO,3.54149,-76.3007,NO APLICA,NO APLICA,NO APLICA,CHOQUE,PONER EN MARCHA UN VEHICULO SIN PRECAUCION,NO APLICA 2020,NO APLICA,AUTOMOVIL,HYUNDAI,PALMIRA,PARTICULAR,NO APLICA
1046,DAÑOS,2020-06-20,2020,17:10,TARDE,SABADO,URIBE,CALLE 35 CARRERA 22,URBANA,TECNICO,3.53132,-76.29326,NO APLICA,NO APLICA,NO APLICA,CHOQUE,DESOBEDECER SEÑALES,NO APLICA 2020,NO APLICA,AUTOMOVIL,RENAULT,PALMIRA,PARTICULAR,NO APLICA
1047,DAÑOS,2020-06-20,2020,17:10,TARDE,SABADO,URIBE,CALLE 35 CARRERA 22,URBANA,TECNICO,3.53132,-76.29326,NO APLICA,NO APLICA,NO APLICA,CHOQUE,DESOBEDECER SEÑALES,NO APLICA 2020,NO APLICA,MOTO,BAJAJ,FUNZA,PARTICULAR,NO APLICA
1048,DAÑOS,2020-06-20,2020,17:10,TARDE,SABADO,URIBE,CALLE 35 CARRERA 22,URBANA,TECNICO,3.53132,-76.29326,NO APLICA,NO APLICA,NO APLICA,CHOQUE,DESOBEDECER SEÑALES,NO APLICA 2020,NO APLICA,MOTO,SUZUKI,CALI,PARTICULAR,NO APLICA
1049,DAÑOS,2020-06-21,2020,21:15,NOCHE,DOMINGO,OLIMPICO,CARRERA 35 CALLE 27-01,URBANA,TECNICO,3.52721,-76.30583,NO APLICA,NO APLICA,NO APLICA,CHOQUE,ADELANTAR POR LA DERECHA,NO APLICA 2020,NO APLICA,CAMIONETA,SSANGYONG,CALI,PARTICULAR,NO APLICA
1050,DAÑOS,2020-06-21,2020,21:15,NOCHE,DOMINGO,OLIMPICO,CARRERA 35 CALLE 27-01,URBANA,TECNICO,3.52721,-76.30583,NO APLICA,NO APLICA,NO APLICA,CHOQUE,ADELANTAR POR LA DERECHA,NO APLICA 2020,NO APLICA,AUTOMOVIL,CHEVROLET,ENVIGADO,PARTICULAR,NO APLICA
1051,DAÑOS,2020-06-19,2020,17:20,TARDE,VIERNES,RIVERA ESCOBAR,CALLE 31 CARRERA 36,URBANA,TECNICO,3.52912,-76.30674,NO APLICA,NO APLICA,NO APLICA,CHOQUE,GIRAR CON O SIN INDICACION,NO APLICA 2020,NO APLICA,MOTO,HONDA,GUACARI,PARTICULAR,NO APLICA
1052,DAÑOS,2020-06-19,2020,17:20,TARDE,VIERNES,RIVERA ESCOBAR,CALLE 31 CARRERA 36,URBANA,TECNICO,3.52912,-76.30674,NO APLICA,NO APLICA,NO APLICA,CHOQUE,GIRAR CON O SIN INDICACION,NO APLICA 2020,NO APLICA,AUTOMOVIL,CHEVROLET,CALI,PARTICULAR,NO APLICA
1053,HERIDOS,2020-06-19,2020,18:00,NOCHE,VIERNES,ALTAMIRA,CALLE 46 CARRERA 25,URBANA,TECNICO,3.54102,-76.29381,NO APLICA,NO APLICA,NO APLICA,CHOQUE,ADELANTAR INTERSECCION,NO APLICA 2020,NO APLICA,AUTOMOVIL,FORD,CALI,PARTICULAR,NO APLICA
1054,HERIDOS,2020-06-19,2020,18:00,NOCHE,VIERNES,ALTAMIRA,CALLE 46 CARRERA 25,URBANA,TECNICO,3.54102,-76.29381,MOTOCICLISTA,1,NO APLICA,CHOQUE,ADELANTAR INTERSECCION,NO APLICA 2020,PALMIRA,MOTO,SUZUKI,PALMIRA,PARTICULAR,NO APLICA
1055,HERIDOS,2020-06-21,2020,15:30,TARDE,DOMINGO,RECREO,CALLE 23 CARRERA 18,URBANA,TECNICO,3.52076,-76.29096,NO APLICA,NO APLICA,NO APLICA,CHOQUE,SEMAFORO EN ROJO,NO APLICA 2020,NO APLICA,AUTOMOVIL,RENAULT,PALMIRA,PARTICULAR,NO APLICA
1056,HERIDOS,2020-06-21,2020,15:30,TARDE,DOMINGO,RECREO,CALLE 23 CARRERA 18,URBANA,TECNICO,3.52076,-76.29096,MOTOCICLISTA,1,NO APLICA,CHOQUE,SEMAFORO EN ROJO,NO APLICA 2020,PALMIRA,MOTO,HONDA,PALMIRA,PARTICULAR,NO APLICA
1057,DAÑOS,2020-06-19,2020,21:30,NOCHE,VIERNES,LOS PINOS,CALLE 42 CARRERA 19,URBANA,TECNICO,3.53707,-76.29063,NO APLICA,NO APLICA,NO APLICA,CHOQUE,MAL UTILIZACION DEL CARRIL,NO APLICA 2020,NO APLICA,AUTOMOVIL,CHEVROLET,PALMIRA,PUBLICO,NO APLICA
1058,DAÑOS,2020-06-19,2020,21:30,NOCHE,VIERNES,LOS PINOS,CALLE 42 CARRERA 19,URBANA,TECNICO,3.53707,-76.29063,NO APLICA,NO APLICA,NO APLICA,CHOQUE,MAL UTILIZACION DEL CARRIL,NO APLICA 2020,NO APLICA,NO APLICA,NO APLICA,NO APLICA,NO APLICA,NO APLICA
1059,HERIDOS,2020-06-22,2020,17:00,TARDE,LUNES,OLIMPICO,CARRERA 35 CALLE 26,URBANA,TECNICO,3.5251,-76.3063,MOTOCICLISTA,1,NO APLICA,CHOQUE,DESOBEDECER SEÑALES,NO APLICA 2020,PALMIRA,MOTO,HERO,PALMIRA,PARTICULAR,NO APLICA
1060,HERIDOS,2020-06-22,2020,17:00,TARDE,LUNES,OLIMPICO,CARRERA 35 CALLE 26,URBANA,TECNICO,3.5251,-76.3063,MOTOCICLISTA,1,NO APLICA,CHOQUE,DESOBEDECER SEÑALES,NO APLICA 2020,PALMIRA,MOTO,AKT,PRADERA,PARTICULAR,NO APLICA
1061,HERIDOS,2020-06-22,2020,18:00,NOCHE,LUNES,JUAN PABLO,CALLE 57 CARRERA 41,URBANA,TECNICO,3.54784,-76.31197,MOTOCICLISTA,1,NO APLICA,CHOQUE,DESOBEDECER SEÑALES,NO APLICA 2020,PALMA,MOTO,BAJAJ,PALMIRA,PARTICULAR,NO APLICA
1062,HERIDOS,2020-06-22,2020,18:00,NOCHE,LUNES,JUAN PABLO,CALLE 57 CARRERA 41,URBANA,TECNICO,3.54784,-76.31197,MOTOCICLISTA,1,NO APLICA,CHOQUE,DESOBEDECER SEÑALES,NO APLICA 2020,PALMA,MOTO,BAJAJ,MEDELLIN,PARTICULAR,NO APLICA
1063,HERIDOS,2020-06-22,2020,18:00,NOCHE,LUNES,JUAN PABLO,CALLE 57 CARRERA 41,URBANA,TECNICO,3.54784,-76.31197,ACOMPAÑANTE MOTOCICLISTA,1,NO APLICA,CHOQUE,DESOBEDECER SEÑALES,NO APLICA 2020,PALMA,NO APLICA,NO APLICA,NO APLICA,NO APLICA,NO APLICA
1064,HERIDOS,2020-06-22,2020,18:00,NOCHE,LUNES,JUAN PABLO,CALLE 57 CARRERA 41,URBANA,TECNICO,3.54784,-76.31197,ACOMPAÑANTE MOTOCICLISTA,1,NO APLICA,CHOQUE,DESOBEDECER SEÑALES,NO APLICA 2020,PALMA,NO APLICA,NO APLICA,NO APLICA,NO APLICA,NO APLICA
1065,HERIDOS,2020-06-22,2020,21:20,NOCHE,LUNES,SANTA RITA,CALLE 38 CARRERA 38,URBANA,TECNICO,3.53594,-76.30863,MOTOCICLISTA,1,NO APLICA,CHOQUE,DESOBEDECER SEÑALES,NO APLICA 2020,PALMA,MOTO,HONDA,MIRANDA,PARTICULAR,NO APLICA
1066,HERIDOS,2020-06-22,2020,21:20,NOCHE,LUNES,SANTA RITA,CALLE 38 CARRERA 38,URBANA,TECNICO,3.53594,-76.30863,NO APLICA,NO APLICA,NO APLICA,CHOQUE,DESOBEDECER SEÑALES,NO APLICA 2020,NO APLICA,AUTOMOVIL,VOLKSWAGEN,CHIA,PARTICULAR,NO APLICA
1067,HERIDOS,2020-06-22,2020,21:20,NOCHE,LUNES,SANTA RITA,CALLE 38 CARRERA 38,URBANA,TECNICO,3.53594,-76.30863,ACOMPAÑANTE CONDUCTOR,1,NO APLICA,CHOQUE,DESOBEDECER SEÑALES,NO APLICA 2020,PALMA,NO APLICA,NO APLICA,NO APLICA,NO APLICA,NO APLICA
1068,HERIDOS,2020-06-22,2020,21:20,NOCHE,LUNES,SANTA RITA,CALLE 38 CARRERA 38,URBANA,TECNICO,3.53594,-76.30863,ACOMPAÑANTE CONDUCTOR,1,NO APLICA,CHOQUE,DESOBEDECER SEÑALES,NO APLICA 2020,PALMA,NO APLICA,NO APLICA,NO APLICA,NO APLICA,NO APLICA
1069,HERIDOS,2020-06-22,2020,21:20,NOCHE,LUNES,SANTA RITA,CALLE 38 CARRERA 38,URBANA,TECNICO,3.53594,-76.30863,ACOMPAÑANTE CONDUCTOR,1,NO APLICA,CHOQUE,DESOBEDECER SEÑALES,NO APLICA 2020,PALMA,NO APLICA,NO APLICA,NO APLICA,NO APLICA,NO APLICA
1070,DAÑOS,2020-06-21,2020,13:20,TARDE,DOMINGO,COLOMBINA,CALLE 29 CARRERA 19-15,URBANA,TECNICO,3.52509,-76.29172,NO APLICA,NO APLICA,NO APLICA,CHOQUE,NO ESTAR PNDIENTE DE LA VIA Y DEMAS CONDUCTORES,NO APLICA 2020,NO APLICA,CAMIONETA,NISSAN,PRADERA,PARTICULAR,NO APLICA
1071,DAÑOS,2020-06-21,2020,13:20,TARDE,DOMINGO,COLOMBINA,CALLE 29 CARRERA 19-15,URBANA,TECNICO,3.52509,-76.29172,NO APLICA,NO APLICA,NO APLICA,CHOQUE,NO ESTAR PNDIENTE DE LA VIA Y DEMAS CONDUCTORES,NO APLICA 2020,NO APLICA,MOTO,HONDA,PRADERA,PARTICULAR,NO APLICA
1072,DAÑOS,2020-06-23,2020,19:40,NOCHE,MARTES,LOS MANGOS,CARRERA 28 CALLE 71-B-70,URBANA,TECNICO,3.55776,-76.29118,NO APLICA,NO APLICA,NO APLICA,CHOQUE,MAL USO DEL CARRIL,NO APLICA 2020,NO APLICA,BUS,AGRALE,GUACARI,PUBLICO,SERVICIOS SAS
1073,DAÑOS,2020-06-23,2020,19:40,NOCHE,MARTES,LOS MANGOS,CARRERA 28 CALLE 71-B-70,URBANA,TECNICO,3.55776,-76.29118,NO APLICA,NO APLICA,NO APLICA,CHOQUE,MAL USO DEL CARRIL,NO APLICA 2020,NO APLICA,AUTOMOVIL,RENAULT,PALMIRA,PARTICULAR,NO APLICA
1074,HERIDOS,2020-06-24,2020,09:00,MAÑANA,MIERCOLES,HAROLD EDER,CARRERA 34A CALLE 57,URBANA,TECNICO,3.54722,-76.30285,CONDUCTOR,1,NO APLICA,CHOQUE OBJETO FIJO,PERDIDA DEL CONTROL,NO APLICA 2020,PALMA,AUTOMOVIL,HYUNDAI,PALMIRA,PUBLICO,NO APLICA
1075,HERIDOS,2020-06-24,2020,09:00,MAÑANA,MIERCOLES,HAROLD EDER,CARRERA 34A CALLE 57,URBANA,TECNICO,3.54722,-76.30285,PASAJERO,1,NO APLICA,CHOQUE OBJETO FIJO,PERDIDA DEL CONTROL,NO APLICA 2020,PALMA,NO APLICA,NO APLICA,NO APLICA,NO APLICA,NO APLICA
1076,HERIDOS,2020-06-24,2020,09:20,MAÑANA,MIERCOLES,NUEVO,CARRERA 29 CALLE 26,URBANA,TECNICO,3.52369,-76.30028,MOTOCICLISTA,1,NO APLICA,CHOQUE,POR ESTABLECER,NO APLICA 2020,PALMA,MOTO,BAJAJ,FLORIDA,PARTICULAR,NO APLICA
1077,HERIDOS,2020-06-24,2020,09:20,MAÑANA,MIERCOLES,NUEVO,CARRERA 29 CALLE 26,URBANA,TECNICO,3.52369,-76.30028,CICLISTA,1,NO APLICA,CHOQUE,POR ESTABLECER,NO APLICA 2020,PALMA,BICICLETA,NO APLICA,NO APLICA,PARTICULAR,NO APLICA