,GRAVEDAD,FECHA,AÑO,HORA,JORNADA,DIA_SEMANA,BARRIO-CORREGIMIENTO-VIA,DIRECCION,ZONA,AUTORIDAD,LAT,LONG,CONDICION_VICTIMA,LESIONADO,HOMICIDIOS,TIPO_ACCIDENTE,HIPOTESIS,GENERO,CLINICA,CLASE_VEHICULO,MARCA,MATRICULA,TIPO DE SERVICIO,EMPRESA
1078,HERIDOS,2020-06-24,2020,11:20,MAÑANA,MIERCOLES,TREBOL,CALLE 26 A CARRERA 21,URBANA,TECNICO,3.52311,-76.2934,MOTOCICLISTA,1,NO APLICA,CHOQUE,DESOBEDECER SEÑALES,NO APLICA 2020,PALMIRA,MOTO,HONDA,GUACARI,PARTICULAR,NO APLICA
1079,HERIDOS,2020-06-24,2020,11:20,MAÑANA,MIERCOLES,TREBOL,CALLE 26 A CARRERA 21,URBANA,TECNICO,3.52311,-76.2934,NO APLICA,NO APLICA,NO APLICA,CHOQUE,DESOBEDECER SEÑALES,NO APLICA 2020,NO APLICA,AUTOMOVIL,CHEVROLET,BUGA,PARTICULAR,NO APLICA
1080,HERIDOS,2020-06-24,2020,19:00,NOCHE,MIERCOLES,COLOMBIA,CARRERA 32 CALLE 35,URBANA,TECNICO,3.53249,-76.30172,PEATON,1,NO APLICA,ATROPELLO,POR ESTABLECER,NO APLICA 2020,RAUL,NO APLICA,NO APLICA,NO APLICA,NO APLICA,NO APLICA
1081,HERIDOS,2020-06-24,2020,21:25,NOCHE,MIERCOLES,ALAMEDA,CARRERA 26 CALLE 70,URBANA,TECNICO,3.55663,-76.28853,MOTOCICLISTA,1,NO APLICA,CHOQUE,DESOBEDECER SEÑALES,NO APLICA 2020,PALMA,MOTO,BAJAJ,FLORIDA,PARTICULAR,NO APLICA
1082,HERIDOS,2020-06-24,2020,21:25,NOCHE,MIERCOLES,ALAMEDA,CARRERA 26 CALLE 70,URBANA,TECNICO,3.55663,-76.28853,NO APLICA,NO APLICA,NO APLICA,CHOQUE,DESOBEDECER SEÑALES,NO APLICA 2020,NO APLICA,MOTO,YAMAHA,CALI,PARTICULAR,NO APLICA
1083,HERIDOS,2020-06-25,2020,14:30,TARDE,JUEVES,RIVERA ESCOBAR,CALLE 31 CARRERA 37-50,URBANA,TECNICO,3.52926,-76.30763,MOTOCICLISTA,1,NO APLICA,CHOQUE,REALIZAR GIRO EN U,NO APLICA 2020,PALMIRA,MOTO,YAMAHA,TULUA,PARTICULAR,NO APLICA
1084,HERIDOS,2020-06-25,2020,14:30,TARDE,JUEVES,RIVERA ESCOBAR,CALLE 31 CARRERA 37-50,URBANA,TECNICO,3.52926,-76.30763,NO APLICA,NO APLICA,NO APLICA,CHOQUE,REALIZAR GIRO EN U,NO APLICA 2020,NO APLICA,AUTOMOVIL,CHEVROLET,CALI,PARTICULAR,NO APLICA
1085,HERIDOS,2020-06-26,2020,06:30,MAÑANA,VIERNES,LA ITALIA,TRANSVERSAL 30 CALLE 6E-45,URBANA,TECNICO,3.50607,-76.30203,MOTOCICLISTA,1,NO APLICA,CHOQUE,GIRO EN U,NO APLICA 2020,RAUL,MOTO,BAJAJ,GUACARI,PARTICULAR,NO APLICA
1086,HERIDOS,2020-06-26,2020,06:30,MAÑANA,VIERNES,LA ITALIA,TRANSVERSAL 30 CALLE 6E-45,URBANA,TECNICO,3.50607,-76.30203,NO APLICA,NO APLICA,NO APLICA,CHOQUE,GIRO EN U,NO APLICA 2020,NO APLICA,BUS,CHEVROLET,PALMIRA,PUBLICO,LINEAS DEL VALLE
1087,HERIDOS,2020-06-29,2020,13:40,TARDE,LUNES,RECREO,CALLE 19 CARRERA 28,URBANA,TECNICO,3.51782,-76.30029,NO APLICA,NO APLICA,NO APLICA,CHOQUE,DESOBEDECER SEÑALES,NO APLICA 2020,NO APLICA,AUTOMOVIL,PEUGEOT,BOGOTA,PARTICULAR,NO APLICA
1088,HERIDOS,2020-06-29,2020,13:40,TARDE,LUNES,RECREO,CALLE 19 CARRERA 28,URBANA,TECNICO,3.51782,-76.30029,MOTOCICLISTA,1,NO APLICA,CHOQUE,DESOBEDECER SEÑALES,NO APLICA 2020,FRACTURAS,MOTO,HONDA,FLORIDA,PARTICULAR,NO APLICA
1089,HERIDOS,2020-06-30,2020,14:30,TARDE,MARTES,CAMPESTRE,CALLE 42 CARRERA 12,URBANA,TECNICO,3.53711,-76.29073,NO APLICA,NO APLICA,NO APLICA,CHOQUE,GIRAR BRUSCAMENTE,NO APLICA 2020,NO APLICA,BICICLETA,NO APLICA,NO APLICA,PARTICULAR,NO APLICA
1090,HERIDOS,2020-06-30,2020,14:30,TARDE,MARTES,CAMPESTRE,CALLE 42 CARRERA 12,URBANA,TECNICO,3.53711,-76.29073,MOTOCICLISTA,1,NO APLICA,CHOQUE,GIRAR BRUSCAMENTE,NO APLICA 2020,FRACTURAS,MOTO,HONDA,LA VIRGINIA,PARTICULAR,NO APLICA
1091,DAÑOS,2020-06-30,2020,15:50,TARDE,MARTES,NUEVO,CARRERA 32 - 15CALLE 20,URBANA,TECNICO,3.51909,-76.30416,NO APLICA,NO APLICA,NO APLICA,CHOQUE,NO ESTAR PNDIENTE DE LA VIA Y DEMAS CONDUCTORES,NO APLICA 2020,NO APLICA,AUTOMOVIL,RENAULT,CALI,PARTICULAR,NO APLICA
1092,DAÑOS,2020-06-30,2020,15:50,TARDE,MARTES,NUEVO,CARRERA 32 - 15CALLE 20,URBANA,TECNICO,3.51909,-76.30416,NO APLICA,NO APLICA,NO APLICA,CHOQUE,NO ESTAR PNDIENTE DE LA VIA Y DEMAS CONDUCTORES,NO APLICA 2020,NO APLICA,CAMION,CHEVROLET,BUGA,PUBLICO,NO APLICA
1093,HERIDOS,2020-06-27,2020,16:15,TARDE,SABADO,RECREO,CALLE 18 CARRERA 30,URBANA,TECNICO,3.51694,-76.30256,MOTOCICLISTA,1,NO APLICA,CHOQUE,DESOBEDECER SEÑALES,NO APLICA 2020,RAUL,MOTO,HONDA,CANDELARIA,PARTICULAR,NO APLICA
1094,HERIDOS,2020-06-27,2020,16:15,TARDE,SABADO,RECREO,CALLE 18 CARRERA 30,URBANA,TECNICO,3.51694,-76.30256,MOTOCICLISTA,1,NO APLICA,CHOQUE,DESOBEDECER SEÑALES,NO APLICA 2020,RAUL,MOTO,NO APLICA,NO APLICA,PARTICULAR,NO APLICA
1095,HERIDOS,2020-06-30,2020,22:15,NOCHE,MARTES,COLOMBIA,CALLE 36 CARRERA 32,URBANA,TECNICO,3.5322,-76.29318,MOTOCICLISTA,1,NO APLICA,CHOQUE,DESOBEDECER SEÑALES,NO APLICA 2020,RAUL,MOTO,SUZUKI,ENVIGADO,PARTICULAR,NO APLICA
1096,HERIDOS,2020-06-30,2020,22:15,NOCHE,MARTES,COLOMBIA,CALLE 36 CARRERA 32,URBANA,TECNICO,3.5322,-76.29318,MOTOCICLISTA,1,NO APLICA,CHOQUE,DESOBEDECER SEÑALES,NO APLICA 2020,PALMIRA,MOTO,BAJAJ,PALMIRA,PARTICULAR,NO APLICA
1097,HERIDOS,2020-06-30,2020,22:15,NOCHE,MARTES,COLOMBIA,CALLE 36 CARRERA 32,URBANA,TECNICO,3.5322,-76.29318,ACOMPAÑANTE MOTOCICLISTA,1,NO APLICA,CHOQUE,DESOBEDECER SEÑALES,NO APLICA 2020,RAUL,NO APLICA,NO APLICA,NO APLICA,NO APLICA,NO APLICA
1098,DAÑOS,2020-07-01,2020,17:40,TARDE,MIERCOLES,INDUSTRIAL,CALLE 42 CARRERA 35 SUR,URBANA,TECNICO,3.53874,-76.3067,NO APLICA,NO APLICA,NO APLICA,CHOQUE,NO MANTENER DISTANCIA DE SEGURIDAD,NO APLICA 2020,NO APLICA,AUTOMOVIL,MAZDA,ARMENIA,PARTICULAR,NO APLICA
1099,DAÑOS,2020-07-01,2020,17:40,TARDE,MIERCOLES,INDUSTRIAL,CALLE 42 CARRERA 35 SUR,URBANA,TECNICO,3.53874,-76.3067,NO APLICA,NO APLICA,NO APLICA,CHOQUE,NO MANTENER DISTANCIA DE SEGURIDAD,NO APLICA 2020,NO APLICA,MOTO,SIGMA,FLORIDA,PARTICULAR,NO APLICA
1100,HERIDOS,2020-07-01,2020,08:30,MAÑANA,MIERCOLES,RECREO,CARRERA 29A CALLE 18,URBANA,TECNICO,3.51703,-76.302,NO APLICA,NO APLICA,NO APLICA,CHOQUE,DESOBEDECER SEÑALES,NO APLICA 2020,NO APLICA,CAMIONETA,NISSAN,PALMIRA,OFICIAL,NO APLICA
1101,HERIDOS,2020-07-01,2020,08:30,MAÑANA,MIERCOLES,RECREO,CARRERA 29A CALLE 18,URBANA,TECNICO,3.51703,-76.302,MOTOCICLISTA,1,NO APLICA,CHOQUE,DESOBEDECER SEÑALES,NO APLICA 2020,PALMIRA,MOTO,HONDA,GUACARI,PARTICULAR,NO APLICA
1102,HERIDOS,2020-07-01,2020,07:20,MAÑANA,MIERCOLES,VERSALLES,CARRERA 25 CALLE 42-43,URBANA,TECNICO,3.37882,-76.29446,CONDUCTOR,1,NO APLICA,VOLCAMIENTO,PERDIDA DEL CONTROL DEL VEHICULO,NO APLICA 2020,PALMA,CAMIONETA,RENAULT,PALMIRA,PARTICULAR,NO APLICA
1103,HERIDOS,2020-07-01,2020,07:20,MAÑANA,MIERCOLES,VERSALLES,CARRERA 25 CALLE 42-43,URBANA,TECNICO,3.37882,-76.29446,ACOMPAÑANTE CONDUCTOR,1,NO APLICA,VOLCAMIENTO,PERDIDA DEL CONTROL DEL VEHICULO,NO APLICA 2020,PALMA,NO APLICA,NO APLICA,NO APLICA,NO APLICA,NO APLICA
1104,HERIDOS,2020-07-02,2020,08:50,MAÑANA,JUEVES,SANTA RITA,CARRERA 27 CALLE 38,URBANA,TECNICO,3.53466,-76.29674,MOTOCICLISTA,1,NO APLICA,CHOQUE,DESOBEDECER SEÑALES,NO APLICA 2020,PALMIRA,MOTO,YAMAHA,FLORIDA,PARTICULAR,NO APLICA
1105,HERIDOS,2020-07-02,2020,08:50,MAÑANA,JUEVES,SANTA RITA,CARRERA 27 CALLE 38,URBANA,TECNICO,3.53466,-76.29674,NO APLICA,NO APLICA,NO APLICA,CHOQUE,DESOBEDECER SEÑALES,NO APLICA 2020,NO APLICA,AUTOMOVIL,MAZDA,PRADERA,PARTICULAR,NO APLICA
1106,HERIDOS,2020-07-03,2020,10:40,MAÑANA,VIERNES,TRINIDAD,CALLE 28 CARRERA 23,URBANA,TECNICO,3.52473,-76.29501,MOTOCICLISTA,1,NO APLICA,CHOQUE,DESOBEDECER SEÑALES,NO APLICA 2020,PALMIRA,MOTO,AKT,TULUA,PARTICULAR,NO APLICA
1107,HERIDOS,2020-07-03,2020,10:40,MAÑANA,VIERNES,TRINIDAD,CALLE 28 CARRERA 23,URBANA,TECNICO,3.52473,-76.29501,MOTOCICLISTA,1,NO APLICA,CHOQUE,DESOBEDECER SEÑALES,NO APLICA 2020,PALMIRA,MOTO,KYMCO,GUACARI,PARTICULAR,NO APLICA
1108,HERIDOS,2020-07-03,2020,10:40,MAÑANA,VIERNES,TRINIDAD,CALLE 28 CARRERA 23,URBANA,TECNICO,3.52473,-76.29501,ACOMPAÑANTE MOTOCICLISTA,1,NO APLICA,CHOQUE,DESOBEDECER SEÑALES,NO APLICA 2020,PALMIRA,NO APLICA,NO APLICA,NO APLICA,NO APLICA,NO APLICA
1109,DAÑOS,2020-07-03,2020,13:30,TARDE,VIERNES,NUEVO,CARRERA 29 CALLE 27,URBANA,TECNICO,3.52455,-76.30013,NO APLICA,NO APLICA,NO APLICA,CHOQUE,DESOBEDECER SEÑALES,NO APLICA 2020,NO APLICA,MOTO,SUZUKI,PRADERA,PARTICULAR,NO APLICA
1110,DAÑOS,2020-07-03,2020,13:30,TARDE,VIERNES,NUEVO,CARRERA 29 CALLE 27,URBANA,TECNICO,3.52455,-76.30013,NO APLICA,NO APLICA,NO APLICA,CHOQUE,DESOBEDECER SEÑALES,NO APLICA 2020,NO APLICA,AUTOMOVIL,KIA,BOGOTA,PARTICULAR,NO APLICA
1111,HERIDOS,2020-07-04,2020,07:10,MAÑANA,SABADO,COLOMBIA,CARRERA 31 CALLE 41,URBANA,TECNICO,3.5375,-76.29992,NO APLICA,NO APLICA,NO APLICA,CHOQUE,DESOBEDECER SEÑALES,NO APLICA 2020,NO APLICA,CAMIONETA,JAC,GUACARI,PARTICULAR,NO APLICA
1112,HERIDOS,2020-07-04,2020,07:10,MAÑANA,SABADO,COLOMBIA,CARRERA 31 CALLE 41,URBANA,TECNICO,3.5375,-76.29992,MOTOCICLISTA,1,NO APLICA,CHOQUE,DESOBEDECER SEÑALES,NO APLICA 2020,PALMA,MOTO,SUZUKI,GUACARI,PARTICULAR,NO APLICA
1113,DAÑOS,2020-07-04,2020,07:55,MAÑANA,SABADO,CENTRO,CALLE 29 CARRERA 32,URBANA,TECNICO,3.52657,-76.30255,NO APLICA,NO APLICA,NO APLICA,CHOQUE,SEMAFORO EN ROJO,NO APLICA 2020,NO APLICA,CAMIONETA,RENAULT,CALI,PARTICULAR,NO APLICA
1114,DAÑOS,2020-07-04,2020,07:55,MAÑANA,SABADO,CENTRO,CALLE 29 CARRERA 32,URBANA,TECNICO,3.52657,-76.30255,NO APLICA,NO APLICA,NO APLICA,CHOQUE,SEMAFORO EN ROJO,NO APLICA 2020,NO APLICA,AUTOMOVIL,HYUNDAI,PALMIRA,PUBLICO,NO APLICA
1115,DAÑOS,2020-07-04,2020,08:50,MAÑANA,SABADO,DELICIAS,CALLE 23 CARRERA 23,URBANA,TECNICO,3.52071,-76.29499,NO APLICA,NO APLICA,NO APLICA,CHOQUE,DESOBEDECER SEÑALES,NO APLICA 2020,NO APLICA,CAMIONETA,CHEVROLET,EL CERRITO,PARTICULAR,NO APLICA
1116,DAÑOS,2020-07-04,2020,08:50,MAÑANA,SABADO,DELICIAS,CALLE 23 CARRERA 23,URBANA,TECNICO,3.52071,-76.29499,NO APLICA,NO APLICA,NO APLICA,CHOQUE,DESOBEDECER SEÑALES,NO APLICA 2020,NO APLICA,AUTOMOVIL,HYUNDAI,PALMIRA,PARTICULAR,NO APLICA
1117,DAÑOS,2020-07-03,2020,12:10,TARDE,VIERNES,SEMBRADOR,CALLE 23 CARRERA 23,URBANA,TECNICO,3.52071,-76.29499,NO APLICA,NO APLICA,NO APLICA,CHOQUE,ARRANCAR SIN PRECAUCION,NO APLICA 2020,NO APLICA,AUTOMOVIL,HYUNDAI,PALMIRA,PUBLICO,FLOTA PALMIRA
1118,DAÑOS,2020-07-03,2020,12:10,TARDE,VIERNES,SEMBRADOR,CALLE 23 CARRERA 23,URBANA,TECNICO,3.52071,-76.29499,NO APLICA,NO APLICA,NO APLICA,CHOQUE,ARRANCAR SIN PRECAUCION,NO APLICA 2020,NO APLICA,CAMPERO,CHEVROLET,CALI,PARTICULAR,NO APLICA
1119,HERIDOS,2020-07-04,2020,15:30,TARDE,SABADO,LOS MANGOS,CARRERA28 CALLE 74,URBANA,TECNICO,3.5595,-76.29096,NO APLICA,NO APLICA,NO APLICA,ATROPELLO,ADELANTAR POR LA DERECHA,NO APLICA 2020,NO APLICA,MOTO,HONDA,FLORIDA,PARTICULAR,NO APLICA
1120,HERIDOS,2020-07-04,2020,15:30,TARDE,SABADO,LOS MANGOS,CARRERA28 CALLE 74,URBANA,TECNICO,3.5595,-76.29096,PEATON,1,NO APLICA,ATROPELLO,ADELANTAR POR LA DERECHA,NO APLICA 2020,FRACTURAS,NO APLICA,NO APLICA,NO APLICA,NO APLICA,NO APLICA
1121,HERIDOS,2020-07-05,2020,10:30,MAÑANA,DOMINGO,SEMBRADOR,CALLE 16 CARRERA 21,URBANA,TECNICO,3.51471,-76.2934,MOTOCICLISTA,1,NO APLICA,CHOQUE,ADELANTAR POR LA DERECHA,NO APLICA 2020,RAUL,MOTO,HONDA,FLORIDA,PARTICULAR,NO APLICA
1122,HERIDOS,2020-07-05,2020,10:30,MAÑANA,DOMINGO,SEMBRADOR,CALLE 16 CARRERA 21,URBANA,TECNICO,3.51471,-76.2934,MOTOCICLISTA,1,NO APLICA,CHOQUE,ADELANTAR POR LA DERECHA,NO APLICA 2020,RAUL,MOTO,SUZUKI,EL CERRITO,PARTICULAR,NO APLICA
1123,HERIDOS,2020-07-05,2020,10:30,MAÑANA,DOMINGO,SEMBRADOR,CALLE 16 CARRERA 21,URBANA,TECNICO,3.51471,-76.2934,ACOMPAÑANTE MOTOCICLISTA,1,NO APLICA,CHOQUE,ADELANTAR POR LA DERECHA,NO APLICA 2020,RAUL,NO APLICA,NO APLICA,NO APLICA,NO APLICA,NO APLICA
1124,DAÑOS,2020-07-06,2020,11:20,MAÑANA,LUNES,TRINIDAD,CALLE 27 CARRERA 23,URBANA,TECNICO,3.52386,-76.29506,NO APLICA,NO APLICA,NO APLICA,CHOQUE,DESOBEDECER SEÑALES,NO APLICA 2020,NO APLICA,AUTOMOVIL,VOLKSWAGEN,BOGOTA,PARTICULAR,NO APLICA
1125,DAÑOS,2020-07-06,2020,11:20,MAÑANA,LUNES,TRINIDAD,CALLE 27 CARRERA 23,URBANA,TECNICO,3.52386,-76.29506,NO APLICA,NO APLICA,NO APLICA,CHOQUE,DESOBEDECER SEÑALES,NO APLICA 2020,NO APLICA,CAMIONETA,CHEVROLET,ARMENIA,PARTICULAR,NO APLICA
1126,HERIDOS,2020-07-06,2020,12:10,TARDE,LUNES,FRAY LUIS AMIGO,CALLE 42 CARRERA 39SUR,URBANA,TECNICO,3.53885,-76.30988,NO APLICA,NO APLICA,NO APLICA,CHOQUE,NO RESPETAR PRELACION,NO APLICA 2020,NO APLICA,AUTOMOVIL,CHEVROLET,CALARCA,PARTICULAR,NO APLICA
1127,HERIDOS,2020-07-06,2020,12:10,TARDE,LUNES,FRAY LUIS AMIGO,CALLE 42 CARRERA 39SUR,URBANA,TECNICO,3.53885,-76.30988,CICLISTA,1,NO APLICA,CHOQUE,NO RESPETAR PRELACION,NO APLICA 2020,PALMA,BICICLETA,NO APLICA,NO APLICA,PARTICULAR,NO APLICA
1128,DAÑOS,2020-07-07,2020,10:40,MAÑANA,MARTES,NUEVO,CALLE 27 CARRERA 29,URBANA,TECNICO,3.52459,-76.30012,NO APLICA,NO APLICA,NO APLICA,CHOQUE,DESOBEDECER SEÑALES,NO APLICA 2020,NO APLICA,CAMPERO,RENAULT,BELLO,PARTICULAR,NO APLICA
1129,DAÑOS,2020-07-07,2020,10:40,MAÑANA,MARTES,NUEVO,CALLE 27 CARRERA 29,URBANA,TECNICO,3.52459,-76.30012,NO APLICA,NO APLICA,NO APLICA,CHOQUE,DESOBEDECER SEÑALES,NO APLICA 2020,NO APLICA,MOTO,BAJAJ,PALMIRA,PARTICULAR,NO APLICA
1130,HERIDOS,2020-07-07,2020,12:50,TARDE,MARTES,TREBOL,CALLE 26A CARRERA 21,URBANA,TECNICO,3.5231,-76.2934,MOTOCICLISTA,1,NO APLICA,CHOQUE,DESOBEDECER SEÑALES,NO APLICA 2020,PALMIRA,MOTO,BAJAJ,PRADERA,PARTICULAR,NO APLICA
1131,HERIDOS,2020-07-07,2020,12:50,TARDE,MARTES,TREBOL,CALLE 26A CARRERA 21,URBANA,TECNICO,3.5231,-76.2934,MOTOCICLISTA,1,NO APLICA,CHOQUE,DESOBEDECER SEÑALES,NO APLICA 2020,PALMIRA,MOTO,SUZUKI,META,PARTICULAR,NO APLICA
1132,HERIDOS,2020-07-06,2020,15:35,TARDE,LUNES,LA ITALIA,TRASVERSAL 8 DIAGONAL 29,URBANA,TECNICO,3.508,-76.30254,MOTOCICLISTA,1,NO APLICA,CHOQUE,DESOBEDECER SEÑALES,NO APLICA 2020,PALMIRA,MOTO,SUZUKI,PALMIRA,PARTICULAR,NO APLICA
1133,HERIDOS,2020-07-06,2020,15:35,TARDE,LUNES,LA ITALIA,TRASVERSAL 8 DIAGONAL 29,URBANA,TECNICO,3.508,-76.30254,MOTOCICLISTA,1,NO APLICA,CHOQUE,DESOBEDECER SEÑALES,NO APLICA 2020,PALMA,MOTO,HONDA,FLORIDA,PARTICULAR,NO APLICA
1134,HERIDOS,2020-07-06,2020,15:35,TARDE,LUNES,LA ITALIA,TRASVERSAL 8 DIAGONAL 29,URBANA,TECNICO,3.508,-76.30254,ACOMPAÑANTE MOTOCICLISTA,1,NO APLICA,CHOQUE,DESOBEDECER SEÑALES,NO APLICA 2020,PALMA,NO APLICA,NO APLICA,NO APLICA,NO APLICA,NO APLICA
1135,HERIDOS,2020-07-06,2020,18:30,NOCHE,LUNES,LOS SAUSES,CALLE 35 CARRRA 2E-36,URBANA,TECNICO,3.53163,-76.27608,NO APLICA,NO APLICA,NO APLICA,ATROPELLO,EMBRIAGUEZ,NO APLICA 2020,NO APLICA,MOTO,HONDA,PALMIRA,PARTICULAR,NO APLICA
1136,HERIDOS,2020-07-06,2020,18:30,NOCHE,LUNES,LOS SAUSES,CALLE 35 CARRRA 2E-36,URBANA,TECNICO,3.53163,-76.27608,PEATON,1,NO APLICA,ATROPELLO,EMBRIAGUEZ,NO APLICA 2020,PALMA,NO APLICA,NO APLICA,NO APLICA,NO APLICA,NO APLICA
1137,HERIDOS,2020-07-08,2020,09:00,MAÑANA,MIERCOLES,RECREO,CALLE 23 CARRERA 26,URBANA,TECNICO,3.52077,-76.29823,MOTOCICLISTA,1,NO APLICA,CHOQUE,DESOBEDECER SEÑALES,NO APLICA 2020,PALMIRA,MOTO,AKT,PRADERA,PARTICULAR,NO APLICA
1138,HERIDOS,2020-07-08,2020,09:00,MAÑANA,MIERCOLES,RECREO,CALLE 23 CARRERA 26,URBANA,TECNICO,3.52077,-76.29823,NO APLICA,NO APLICA,NO APLICA,CHOQUE,DESOBEDECER SEÑALES,NO APLICA 2020,NO APLICA,AUTOMOVIL,CHEVROLET,CALI,PARTICULAR,NO APLICA
1139,HERIDOS,2020-07-08,2020,09:00,MAÑANA,MIERCOLES,RECREO,CALLE 23 CARRERA 26,URBANA,TECNICO,3.52077,-76.29823,NO APLICA,NO APLICA,NO APLICA,CHOQUE,DESOBEDECER SEÑALES,NO APLICA 2020,NO APLICA,MOTO,SUZUKI,JAMUNDI,PARTICULAR,NO APLICA
1140,DAÑOS,2020-07-08,2020,10:00,MAÑANA,MIERCOLES,NUEVO,CALLE 24 CARRERA 31-21,URBANA,TECNICO,3.52232,-76.30278,NO APLICA,NO APLICA,NO APLICA,CHOQUE,PERDIDA DEL CONTROL DEL VEHICULO,NO APLICA 2020,NO APLICA,AUTOMOVIL,NISSAN,CALI,PARTICULAR,NO APLICA
1141,DAÑOS,2020-07-07,2020,16:20,TARDE,MARTES,INDUSTRIAL,CALLE 42 CARRERA 34BNORTE,URBANA,TECNICO,3.53871,-76.30392,NO APLICA,NO APLICA,NO APLICA,CHOQUE,NO MANTENER DISTANCIA DE SEGURIDAD,NO APLICA 2020,NO APLICA,AUTOMOVIL,MAZDA,PALMIRA,PARTICULAR,NO APLICA
1142,DAÑOS,2020-07-07,2020,16:20,TARDE,MARTES,INDUSTRIAL,CALLE 42 CARRERA 34BNORTE,URBANA,TECNICO,3.53871,-76.30392,NO APLICA,NO APLICA,NO APLICA,CHOQUE,NO MANTENER DISTANCIA DE SEGURIDAD,NO APLICA 2020,NO APLICA,MOTO,SUZUKI,GINEBRA,PARTICULAR,NO APLICA
1143,HERIDOS,2020-07-07,2020,20:15,NOCHE,MARTES,CAMPESTRE,CALLE 42 CARRERA 2 NORTE,URBANA,TECNICO,3.53675,-76.27794,MOTOCICLISTA,1,NO APLICA,CHOQUE,GIRO EN U,NO APLICA 2020,RAUL,MOTO,HONDA,FLORIDA,PARTICULAR,NO APLICA
1144,HERIDOS,2020-07-07,2020,20:15,NOCHE,MARTES,CAMPESTRE,CALLE 42 CARRERA 2 NORTE,URBANA,TECNICO,3.53675,-76.27794,NO APLICA,NO APLICA,NO APLICA,CHOQUE,GIRO EN U,NO APLICA 2020,NO APLICA,CAMIONETA,NISSAN,CALI,PARTICULAR,NO APLICA
1145,HERIDOS,2020-07-07,2020,20:15,NOCHE,MARTES,CAMPESTRE,CALLE 42 CARRERA 2 NORTE,URBANA,TECNICO,3.53675,-76.27794,ACOMPAÑANTE MOTOCICLISTA,1,NO APLICA,CHOQUE,GIRO EN U,NO APLICA 2020,RAUL,NO APLICA,NO APLICA,NO APLICA,NO APLICA,NO APLICA
1146,DAÑOS,2020-07-07,2020,19:30,NOCHE,MARTES,CENTRO,CARRERA 27 CALLE 31-54,URBANA,TECNICO,3.5274,-76.29793,NO APLICA,NO APLICA,NO APLICA,CHOQUE OBJETO FIJO,NO MANTENER DISTANCIA DE SEGURIDAD,NO APLICA 2020,NO APLICA,CAMIONETA,JAC,EL CERRITO,PARTICULAR,NO APLICA
1147,DAÑOS,2020-07-07,2020,20:45,NOCHE,MARTES,MERCEDES,CALLE 57 CARRERA 25,URBANA,TECNICO,3.54772,-76.28967,NO APLICA,NO APLICA,NO APLICA,CHOQUE,DESOBEDECER SEÑALES,NO APLICA 2020,NO APLICA,MOTO,BAJAJ,TULUA,PARTICULAR,NO APLICA
1148,DAÑOS,2020-07-07,2020,20:45,NOCHE,MARTES,MERCEDES,CALLE 57 CARRERA 25,URBANA,TECNICO,3.54772,-76.28967,NO APLICA,NO APLICA,NO APLICA,CHOQUE,DESOBEDECER SEÑALES,NO APLICA 2020,NO APLICA,AUTOMOVIL,NISSAN,PALMIRA,PARTICULAR,NO APLICA
1149,HERIDOS,2020-07-07,2020,16:30,TARDE,MARTES,CAMPESTRE,CALLE 42A CARRERA 8-67SUR,URBANA,TECNICO,3.5374,-76.27979,NO APLICA,NO APLICA,NO APLICA,ATROPELLO,REVERSO IMPRUDENTE,NO APLICA 2020,NO APLICA,CAMPERO,HYUNDAI,BUGA,PARTICULAR,NO APLICA
1150,HERIDOS,2020-07-07,2020,16:30,TARDE,MARTES,CAMPESTRE,CALLE 42A CARRERA 8-67SUR,URBANA,TECNICO,3.5374,-76.27979,PEATON,1,NO APLICA,ATROPELLO,REVERSO IMPRUDENTE,NO APLICA 2020,FRACTURAS,NO APLICA,NO APLICA,NO APLICA,NO APLICA,NO APLICA
1151,DAÑOS,2020-07-07,2020,16:00,TARDE,MARTES,CENTRO,CALLE 29 CARRERA 27-29,URBANA,TECNICO,3.52595,-76.29838,NO APLICA,NO APLICA,NO APLICA,CHOQUE,INVADIR CARRIL,NO APLICA 2020,NO APLICA,MICROBUS,CHEVROLET,PALMIRA,PUBLICO,NO APLICA
1152,DAÑOS,2020-07-07,2020,16:00,TARDE,MARTES,CENTRO,CALLE 29 CARRERA 27-29,URBANA,TECNICO,3.52595,-76.29838,NO APLICA,NO APLICA,NO APLICA,CHOQUE,INVADIR CARRIL,NO APLICA 2020,NO APLICA,CAMIONETA,FORD,CALI,PARTICULAR,NO APLICA
1153,HERIDOS,2020-07-08,2020,13:00,TARDE,MIERCOLES,URIBE,CALLE 33 CARRERA 21,URBANA,TECNICO,3.52946,-76.29262,MOTOCICLISTA,1,NO APLICA,CHOQUE,DESOBEDECER SEÑALES,NO APLICA 2020,PALMA,MOTO,SUZUKI,PALMIRA,PARTICULAR,NO APLICA
1154,HERIDOS,2020-07-08,2020,13:00,TARDE,MIERCOLES,URIBE,CALLE 33 CARRERA 21,URBANA,TECNICO,3.52946,-76.29262,NO APLICA,NO APLICA,NO APLICA,CHOQUE,DESOBEDECER SEÑALES,NO APLICA 2020,NO APLICA,AUTOMOVIL,RENAULT,MONTERIA,PARTICULAR,NO APLICA