,GRAVEDAD,FECHA,AÑO,HORA,JORNADA,DIA_SEMANA,BARRIO-CORREGIMIENTO-VIA,DIRECCION,ZONA,AUTORIDAD,LAT,LONG,CONDICION_VICTIMA,LESIONADO,HOMICIDIOS,TIPO_ACCIDENTE,HIPOTESIS,GENERO,CLINICA,CLASE_VEHICULO,MARCA,MATRICULA,TIPO DE SERVICIO,EMPRESA
1155,HERIDOS,2020-07-09,2020,04:20,MADRUGADA,JUEVES,VIA PALMIRA CANDELARIA,KM 1 HACIENDA LLANO GRANDE,RURAL,TECNICO,3.50116,-76.31777,NO APLICA,NO APLICA,NO APLICA,CHOQUE,NO ACATAR LAS SEÑALES DEL AUXILIAR,NO APLICA 2020,NO APLICA,TRACTO CAMION,KENWORTH,BELLO,PUBLICO,NO APLICA
1156,HERIDOS,2020-07-09,2020,04:20,MADRUGADA,JUEVES,VIA PALMIRA CANDELARIA,KM 1 HACIENDA LLANO GRANDE,RURAL,TECNICO,3.50116,-76.31777,MOTOCICLISTA,1,NO APLICA,CHOQUE,NO ACATAR LAS SEÑALES DEL AUXILIAR,NO APLICA 2020,PALMIRA,MOTO,BAJAJ,PALMIRA,PARTICULAR,NO APLICA
1157,DAÑOS,2020-07-07,2020,14:13,TARDE,MARTES,CENTRO,CARRERA 28 CALLE 29-56,URBANA,TECNICO,3.52642,-76.29901,NO APLICA,NO APLICA,NO APLICA,CHOQUE,NO MANTENER DISTANCIA DE SEGURIDAD,NO APLICA 2020,NO APLICA,CAMIONETA,RENAULT,CALI,PARTICULAR,NO APLICA
1158,DAÑOS,2020-07-07,2020,14:13,TARDE,MARTES,CENTRO,CARRERA 28 CALLE 29-56,URBANA,TECNICO,3.52642,-76.29901,NO APLICA,NO APLICA,NO APLICA,CHOQUE,NO MANTENER DISTANCIA DE SEGURIDAD,NO APLICA 2020,NO APLICA,AUTOMOVIL,CHEVROLET,GUACARI,PARTICULAR,NO APLICA
1159,HERIDOS,2020-07-09,2020,08:45,MAÑANA,JUEVES,URIBE,CALLE 36 CARRERA 22,URBANA,TECNICO,3.53219,-76.29315,MOTOCICLISTA,1,NO APLICA,CHOQUE,DESOBEDECER SEÑALES,NO APLICA 2020,PALMIRA,MOTO,HONDA,FLORIDA,PARTICULAR,NO APLICA
1160,HERIDOS,2020-07-09,2020,08:45,MAÑANA,JUEVES,URIBE,CALLE 36 CARRERA 22,URBANA,TECNICO,3.53219,-76.29315,NO APLICA,NO APLICA,NO APLICA,CHOQUE,DESOBEDECER SEÑALES,NO APLICA 2020,NO APLICA,MOTO,HONDA,PRADERA,PARTICULAR,NO APLICA
1161,DAÑOS,2020-07-09,2020,18:20,NOCHE,JUEVES,COLOMBIA,DIAGONAL 34 CALLE 32,URBANA,TECNICO,3.53077,-76.30431,NO APLICA,NO APLICA,NO APLICA,CHOQUE,DESOBEDECER SEÑALES,NO APLICA 2020,NO APLICA,MOTO,AKT,PASTO,PARTICULAR,NO APLICA
1162,DAÑOS,2020-07-09,2020,18:20,NOCHE,JUEVES,COLOMBIA,DIAGONAL 34 CALLE 32,URBANA,TECNICO,3.53077,-76.30431,NO APLICA,NO APLICA,NO APLICA,CHOQUE,DESOBEDECER SEÑALES,NO APLICA 2020,NO APLICA,CAMIONETA,FORD,CALI,PARTICULAR,NO APLICA
1163,DAÑOS,2020-07-10,2020,11:00,MAÑANA,VIERNES,LA EMILIA,CALLE 36 CARRERA 36,URBANA,TECNICO,3.53392,-76.30657,NO APLICA,NO APLICA,NO APLICA,CHOQUE,DESOBEDECER SEÑALES,NO APLICA 2020,NO APLICA,AUTOMOVIL,MAZDA,CALI,PARTICULAR,NO APLICA
1164,DAÑOS,2020-07-10,2020,11:00,MAÑANA,VIERNES,LA EMILIA,CALLE 36 CARRERA 36,URBANA,TECNICO,3.53392,-76.30657,NO APLICA,NO APLICA,NO APLICA,CHOQUE,DESOBEDECER SEÑALES,NO APLICA 2020,NO APLICA,MOTO,TVS,PRADERA,PARTICULAR,NO APLICA
1165,DAÑOS,2020-07-10,2020,20:10,NOCHE,VIERNES,OBRERO,CALLE 36 CARRERA 26,URBANA,TECNICO,3.53392,-76.30657,NO APLICA,NO APLICA,NO APLICA,CHOQUE,NO RESPETAR  PRELACION,NO APLICA 2020,NO APLICA,CAMIONETA,TOYOTA,PALMIRA,PARTICULAR,NO APLICA
1166,DAÑOS,2020-07-10,2020,20:10,NOCHE,VIERNES,OBRERO,CALLE 36 CARRERA 26,URBANA,TECNICO,3.53392,-76.30657,NO APLICA,NO APLICA,NO APLICA,CHOQUE,NO RESPETAR  PRELACION,NO APLICA 2020,NO APLICA,MOTO,UNITED,PRADERA,PARTICULAR,NO APLICA
1167,HERIDOS,2020-07-11,2020,22:30,NOCHE,SABADO,SAN CARLOS,CARRERA 7 CALLE 37,URBANA,TECNICO,3.53409,-76.28094,MOTOCICLISTA,1,NO APLICA,CHOQUE,TRANSITAR EN SENTIDO CONTRARIO,NO APLICA 2020,PALMA,MOTO,SUZUKI,PRADERA,PARTICULAR,NO APLICA
1168,HERIDOS,2020-07-11,2020,22:30,NOCHE,SABADO,SAN CARLOS,CARRERA 7 CALLE 37,URBANA,TECNICO,3.53409,-76.28094,ACOMPAÑANTE MOTOCICLISTA,1,NO APLICA,CHOQUE,TRANSITAR EN SENTIDO CONTRARIO,NO APLICA 2020,PALMA,NO APLICA,NO APLICA,NO APLICA,NO APLICA,NO APLICA
1169,HERIDOS,2020-07-12,2020,21:30,NOCHE,DOMINGO,VIA AEROUPERO ZONA FRANCA PALMASECA,ENTRADA PRINCIPAL,URBANA,TECNICO,3.55832,-76.38559,MOTOCICLISTA,1,NO APLICA,VOLCAMIENTO,REPARACION EN LA VIA,NO APLICA 2020,PALMA,MOTO,HONDA,FLORIDA,PARTICULAR,NO APLICA
1170,HERIDOS,2020-07-12,2020,02:30,MADRUGADA,DOMINGO,CAÑA MIEL,CARRERA 19 CALLE 43,URBANA,TECNICO,3.53923,-76.29083,NO APLICA,NO APLICA,NO APLICA,CHOQUE,NO REAACIONAR EN UNA SITUACION DE PELIGRO,NO APLICA 2020,NO APLICA,CAMIONETA,FORD,CALI,PARTICULAR,NO APLICA
1171,HERIDOS,2020-07-12,2020,02:30,MADRUGADA,DOMINGO,CAÑA MIEL,CARRERA 19 CALLE 43,URBANA,TECNICO,3.53923,-76.29083,MOTOCICLISTA,1,NO APLICA,CHOQUE,NO REAACIONAR EN UNA SITUACION DE PELIGRO,NO APLICA 2020,PALMA,MOTO,HONDA,GUACARI,PARTICULAR,NO APLICA
1172,HERIDOS,2020-07-12,2020,02:30,MADRUGADA,DOMINGO,CAÑA MIEL,CARRERA 19 CALLE 43,URBANA,TECNICO,3.53923,-76.29083,ACOMPAÑANTE MOTOCICLISTA,1,NO APLICA,CHOQUE,NO REAACIONAR EN UNA SITUACION DE PELIGRO,NO APLICA 2020,PALMA,NO APLICA,NO APLICA,NO APLICA,NO APLICA,NO APLICA
1173,DAÑOS,2020-07-11,2020,12:00,TARDE,SABADO,ESTONIA,CALLE 42 CARRERA 32,URBANA,TECNICO,3.53843,-76.30087,NO APLICA,NO APLICA,NO APLICA,CHOQUE,NO MANTENER DISTANCIA DE SEGURIDAD,NO APLICA 2020,NO APLICA,AUTOMOVIL,RENAULT,PALMIRA,PARTICULAR,NO APLICA
1174,DAÑOS,2020-07-11,2020,12:00,TARDE,SABADO,ESTONIA,CALLE 42 CARRERA 32,URBANA,TECNICO,3.53843,-76.30087,NO APLICA,NO APLICA,NO APLICA,CHOQUE,NO MANTENER DISTANCIA DE SEGURIDAD,NO APLICA 2020,NO APLICA,AUTOMOVIL,RENAULT,CALI,PARTICULAR,NO APLICA
1175,DAÑOS,2020-07-11,2020,12:00,TARDE,SABADO,ESTONIA,CALLE 42 CARRERA 32,URBANA,TECNICO,3.53843,-76.30087,NO APLICA,NO APLICA,NO APLICA,CHOQUE,NO MANTENER DISTANCIA DE SEGURIDAD,NO APLICA 2020,NO APLICA,AUTOMOVIL,CHEVROLET,CALI,PARTICULAR,NO APLICA
1176,DAÑOS,2020-07-12,2020,20:20,NOCHE,DOMINGO,NUEVO,CARRERA 32 CALLE 20,URBANA,TECNICO,3.51904,-76.3038,NO APLICA,NO APLICA,NO APLICA,CHOQUE,SEMAFORO EN ROJO,NO APLICA 2020,NO APLICA,MOTO,HONDA,GUADALAJARA,PARTICULAR,NO APLICA
1177,DAÑOS,2020-07-12,2020,20:20,NOCHE,DOMINGO,NUEVO,CARRERA 32 CALLE 20,URBANA,TECNICO,3.51904,-76.3038,NO APLICA,NO APLICA,NO APLICA,CHOQUE,SEMAFORO EN ROJO,NO APLICA 2020,NO APLICA,AUTOMOVIL,HYUNDAI,PALMIRA,PARTICULAR,NO APLICA
1178,DAÑOS,2020-07-12,2020,20:40,NOCHE,DOMINGO,NUEVO,CALLE 23 CARRERAS 33A-34,URBANA,TECNICO,3.52166,-76.30493,NO APLICA,NO APLICA,NO APLICA,CHOQUE,OCUPAR CARRIL SENTIDO CONTRARIO,NO APLICA 2020,NO APLICA,CAMPERO,RENAULT,CALI,PARTICULAR,NO APLICA
1179,DAÑOS,2020-07-12,2020,20:40,NOCHE,DOMINGO,NUEVO,CALLE 23 CARRERAS 33A-34,URBANA,TECNICO,3.52166,-76.30493,NO APLICA,NO APLICA,NO APLICA,CHOQUE,OCUPAR CARRIL SENTIDO CONTRARIO,NO APLICA 2020,NO APLICA,MOTO,YAMAHA,PRADERA,PARTICULAR,NO APLICA
1180,HERIDOS,2020-07-12,2020,20:20,NOCHE,DOMINGO,SAN PEDRO,CALLE 39 CARRERA 15,URBANA,TECNICO,3.53483,-76.28763,MOTOCICLISTA,1,NO APLICA,CHOQUE,DESOBEDECER SEÑALES,NO APLICA 2020,PALMA,MOTO,VICTORY,PALMIRA,PARTICULAR,NO APLICA
1181,DAÑOS,2020-07-11,2020,10:00,MAÑANA,SABADO,AMERICAS,CALLE 17 CARRERA 28A-53,URBANA,TECNICO,3.51624,-76.30131,NO APLICA,NO APLICA,NO APLICA,CHOQUE OBJETO FIJO,REVERSA INPRUDENTE,NO APLICA 2020,NO APLICA,AUTOMOVIL,CHEVROLET,CALI,PARTICULAR,NO APLICA
1182,DAÑOS,2020-07-11,2020,10:00,MAÑANA,SABADO,AMERICAS,CALLE 17 CARRERA 28A-53,URBANA,TECNICO,3.51624,-76.30131,NO APLICA,NO APLICA,NO APLICA,CHOQUE OBJETO FIJO,REVERSA INPRUDENTE,NO APLICA 2020,NO APLICA,CAMION,INTERNATIONAL,CALI,PUBLICO,NO APLICA
1183,DAÑOS,2020-07-11,2020,10:15,MAÑANA,SABADO,CENTRO,CALLE 31 CARRERA 23,URBANA,TECNICO,3.52742,-76.29461,NO APLICA,NO APLICA,NO APLICA,CHOQUE,FALLAS EN LOS SEMAFOROS,NO APLICA 2020,NO APLICA,MOTO,YAMAHA,PALMIRA,PARTICULAR,NO APLICA
1184,DAÑOS,2020-07-11,2020,10:15,MAÑANA,SABADO,CENTRO,CALLE 31 CARRERA 23,URBANA,TECNICO,3.52742,-76.29461,NO APLICA,NO APLICA,NO APLICA,CHOQUE,FALLAS EN LOS SEMAFOROS,NO APLICA 2020,NO APLICA,AUTOMOVIL,KIA,PALMIRA,PARTICULAR,NO APLICA
1185,DAÑOS,2020-07-13,2020,12:06,TARDE,LUNES,ZONA FRANCA PACIFICO,ENTRADA PRINCIPAL,RURAL,TECNICO,3.5585,-76.38557,NO APLICA,NO APLICA,NO APLICA,CHOQUE OBJETO FIJO,PONER EN MARCHA SIN OBSEVAR,NO APLICA 2020,NO APLICA,BUS,YOTONG,SIN MATRICULA,PUBLICO,NO APLICA
1186,DAÑOS,2020-07-13,2020,12:06,TARDE,LUNES,ZONA FRANCA PACIFICO,ENTRADA PRINCIPAL,RURAL,TECNICO,3.5585,-76.38557,NO APLICA,NO APLICA,NO APLICA,CHOQUE OBJETO FIJO,PONER EN MARCHA SIN OBSEVAR,NO APLICA 2020,NO APLICA,CAMION,JAC,GUACARI,PARTICULAR,NO APLICA
1187,HERIDOS,2020-07-14,2020,11:00,MAÑANA,MARTES,CHAPINERO,CARRERA 30 DIAGONAL 30,URBANA,TECNICO,3.51133,-76.30243,MOTOCICLISTA,1,NO APLICA,CHOQUE,DESOBEDECER SEÑALES,NO APLICA 2020,PALMIRA,MOTO,YAMAHA,PALMIRA,PARTICULAR,NO APLICA
1188,HERIDOS,2020-07-14,2020,11:00,MAÑANA,MARTES,CHAPINERO,CARRERA 30 DIAGONAL 30,URBANA,TECNICO,3.51133,-76.30243,MOTOCICLISTA,1,NO APLICA,CHOQUE,DESOBEDECER SEÑALES,NO APLICA 2020,RAUL,MOTO,ABC,PALMIRA,PARTICULAR,NO APLICA
1189,HERIDOS,2020-07-14,2020,11:00,MAÑANA,MARTES,CHAPINERO,CARRERA 30 DIAGONAL 30,URBANA,TECNICO,3.51133,-76.30243,ACOMPAÑANTE MOTOCICLISTA,1,NO APLICA,CHOQUE,DESOBEDECER SEÑALES,NO APLICA 2020,RAUL,NO APLICA,NO APLICA,NO APLICA,NO APLICA,NO APLICA
1190,HERIDOS,2020-07-14,2020,13:10,TARDE,MARTES,LOS PINOS,CALLE 42 CARRERA 25-07,URBANA,TECNICO,3.53756,-76.29467,MOTOCICLISTA,1,NO APLICA,CHOQUE,POR ESTABLECER,NO APLICA 2020,RAUL,MOTO,SUZUKI,JAMUNDI,PARTICULAR,NO APLICA
1191,HERIDOS,2020-07-16,2020,21:10,NOCHE,JUEVES,BUENOS AIRES,CALLE 35 CARRERA 5E,URBANA,TECNICO,3.53149,-76.27416,MOTOCICLISTA,1,NO APLICA,CHOQUE,PROHIBIDO ADELANTAR EN INTERSECCION,NO APLICA 2020,PALMA,MOTO,HONDA,CALI,PARTICULAR,NO APLICA
1192,HERIDOS,2020-07-16,2020,21:10,NOCHE,JUEVES,BUENOS AIRES,CALLE 35 CARRERA 5E,URBANA,TECNICO,3.53149,-76.27416,MOTOCICLISTA,1,NO APLICA,CHOQUE,PROHIBIDO ADELANTAR EN INTERSECCION,NO APLICA 2020,PALMIRA,MOTO,AKT,PALMIRA,PARTICULAR,NO APLICA
1193,DAÑOS,2020-07-16,2020,10:30,MAÑANA,JUEVES,VERSALLES,CALLE 42 CARRERA 28,URBANA,TECNICO,3.53785,-76.2971,NO APLICA,NO APLICA,NO APLICA,CHOQUE,NO MANTENER DISTANCIA DE SEGURIDAD,NO APLICA 2020,NO APLICA,CAMION,DONEFREG,CANDELARIA,PUBLICO,NO APLICA
1194,DAÑOS,2020-07-16,2020,10:30,MAÑANA,JUEVES,VERSALLES,CALLE 42 CARRERA 28,URBANA,TECNICO,3.53785,-76.2971,NO APLICA,NO APLICA,NO APLICA,CHOQUE,NO MANTENER DISTANCIA DE SEGURIDAD,NO APLICA 2020,NO APLICA,CAMION,JAC,GUACARI,PUBLICO,NO APLICA
1195,HERIDOS,2020-07-16,2020,12:30,TARDE,JUEVES,RECREO,CALLE 22 CARRERA 28,URBANA,TECNICO,3.53785,-76.2971,MOTOCICLISTA,1,NO APLICA,CHOQUE,NO RESPETAR PRELACION,NO APLICA 2020,PALMIRA,MOTO,KIMCO,PALMIRA,PARTICULAR,NO APLICA
1196,HERIDOS,2020-07-16,2020,12:30,TARDE,JUEVES,RECREO,CALLE 22 CARRERA 28,URBANA,TECNICO,3.53785,-76.2971,NO APLICA,NO APLICA,NO APLICA,CHOQUE,NO RESPETAR PRELACION,NO APLICA 2020,NO APLICA,CAMPERO,CHEVROLET,BOGOTA,PARTICULAR,NO APLICA
1197,MUERTO,2020-07-18,2020,11:17,MAÑANA,SABADO,MERCEDES,CARRERA 28 CALLE 52-51,URBANA,TECNICO,3.54605,-76.29602,NO APLICA,NO APLICA,NO APLICA,CHOQUE,CAMBIO DE CARRIL SIN INDICACION,NO APLICA 2020,NO APLICA,AUTOMOVIL,KIA,CALI,PARTICULAR,NO APLICA
1198,HERIDOS,2020-07-18,2020,11:17,MAÑANA,SABADO,MERCEDES,CARRERA 28 CALLE 52-51,URBANA,TECNICO,3.54605,-76.29602,CICLISTA,NO APLICA,1,CHOQUE,CAMBIO DE CARRIL SIN INDICACION,NO APLICA 2020,PALMA,BICICLETA,TURISMO,NO APLICA,PARTICULAR,NO APLICA
1199,HERIDOS,2020-07-18,2020,12:20,TARDE,SABADO,URIBE,CALLE 30 CARRERA 20,URBANA,TECNICO,3.52613,-76.29221,MOTOCICLISTA,1,NO APLICA,CHOQUE,DESOBEDECER SEÑALES,NO APLICA 2020,RAUL,MOTO,YAMAHA,PALMIRA,PARTICULAR,NO APLICA
1200,HERIDOS,2020-07-18,2020,12:20,TARDE,SABADO,URIBE,CALLE 30 CARRERA 20,URBANA,TECNICO,3.52613,-76.29221,NO APLICA,NO APLICA,NO APLICA,CHOQUE,DESOBEDECER SEÑALES,NO APLICA 2020,NO APLICA,AUTOMOVIL,RENAULT,PALMIRA,PARTICULAR,NO APLICA
1201,HERIDOS,2020-07-18,2020,12:20,TARDE,SABADO,URIBE,CALLE 30 CARRERA 20,URBANA,TECNICO,3.52613,-76.29221,NO APLICA,NO APLICA,NO APLICA,CHOQUE,DESOBEDECER SEÑALES,NO APLICA 2020,NO APLICA,AUTOMOVIL,KIA,PALMIRA,PARTICULAR,NO APLICA
1202,HERIDOS,2020-07-18,2020,12:20,TARDE,SABADO,URIBE,CALLE 30 CARRERA 20,URBANA,TECNICO,3.52613,-76.29221,NO APLICA,NO APLICA,NO APLICA,CHOQUE,DESOBEDECER SEÑALES,NO APLICA 2020,NO APLICA,AUTOMOVIL,RENAULT,EL CERRITO,PARTICULAR,NO APLICA
1203,HERIDOS,2020-07-18,2020,12:20,TARDE,SABADO,URIBE,CALLE 30 CARRERA 20,URBANA,TECNICO,3.52613,-76.29221,NO APLICA,NO APLICA,NO APLICA,CHOQUE,DESOBEDECER SEÑALES,NO APLICA 2020,NO APLICA,AUTOMOVIL,CHEVROLET,PALMIRA,PARTICULAR,NO APLICA
1204,HERIDOS,2020-07-20,2020,09:30,MAÑANA,LUNES,SAMANES,CARRERA 28 CALLE 47,URBANA,TECNICO,3.54223,-76.29664,MOTOCICLISTA,1,NO APLICA,CHOQUE,SEMAFORO EN ROJO,NO APLICA 2020,PALMA,MOTO,HONDA,GUACARI,PARTICULAR,NO APLICA
1205,HERIDOS,2020-07-20,2020,09:30,MAÑANA,LUNES,SAMANES,CARRERA 28 CALLE 47,URBANA,TECNICO,3.54223,-76.29664,MOTOCICLISTA,1,NO APLICA,CHOQUE,SEMAFORO EN ROJO,NO APLICA 2020,PALMA,MOTO,YAMAHA,PRADERA,PARTICULAR,NO APLICA
1206,HERIDOS,2020-07-20,2020,09:30,MAÑANA,LUNES,SAMANES,CARRERA 28 CALLE 47,URBANA,TECNICO,3.54223,-76.29664,ACOMPAÑANTE MOTOCICLISTA,1,NO APLICA,CHOQUE,SEMAFORO EN ROJO,NO APLICA 2020,PALMA,NO APLICA,NO APLICA,NO APLICA,NO APLICA,NO APLICA
1207,HERIDOS,2020-07-20,2020,09:30,MAÑANA,LUNES,SAMANES,CARRERA 28 CALLE 47,URBANA,TECNICO,3.54223,-76.29664,PEATON,1,NO APLICA,CHOQUE,SEMAFORO EN ROJO,NO APLICA 2020,PALMA,NO APLICA,NO APLICA,NO APLICA,NO APLICA,NO APLICA
1208,HERIDOS,2020-07-18,2020,13:50,TARDE,LUNES,RINCON DEL BOSQUE,CALLE 31 CARRERA 7,URBANA,TECNICO,3.52558,-76.28129,MOTOCICLISTA,1,NO APLICA,CHOQUE,NO RESPETAR PRELACION,NO APLICA 2020,PALMIRA,MOTO,YAMAHA,PALMIRA,PARTICULAR,NO APLICA
1209,HERIDOS,2020-07-18,2020,13:50,TARDE,LUNES,RINCON DEL BOSQUE,CALLE 31 CARRERA 7,URBANA,TECNICO,3.52558,-76.28129,MOTOCICLISTA,1,NO APLICA,CHOQUE,NO RESPETAR PRELACION,NO APLICA 2020,PALMIRA,MOTO,HONDA,FLORIDA,PARTICULAR,NO APLICA
1210,HERIDOS,2020-07-18,2020,13:50,TARDE,LUNES,RINCON DEL BOSQUE,CALLE 31 CARRERA 7,URBANA,TECNICO,3.52558,-76.28129,NO APLICA,NO APLICA,NO APLICA,CHOQUE,NO RESPETAR PRELACION,NO APLICA 2020,NO APLICA,CAMIONETA,ZAYTE,ENVIGADO,PARTICULAR,NO APLICA
1211,HERIDOS,2020-07-17,2020,10:40,MAÑANA,VIERNES,URIBE,CALE 35 CARRERA 22,URBANA,TECNICO,3.53133,-76.29329,NO APLICA,NO APLICA,NO APLICA,CHOQUE,DESOBEDECER SEÑALES,NO APLICA 2020,NO APLICA,AUTOMOVIL,CHEVROLET,PALMIRA,PARTICULAR,NO APLICA
1212,HERIDOS,2020-07-17,2020,10:40,MAÑANA,VIERNES,URIBE,CALE 35 CARRERA 22,URBANA,TECNICO,3.53133,-76.29329,MOTOCICLISTA,1,NO APLICA,CHOQUE,DESOBEDECER SEÑALES,NO APLICA 2020,FRACTURAS,MOTO,AKT,PRADERA,PARTICULAR,NO APLICA
1213,HERIDOS,2020-07-19,2020,04:20,MADRUGADA,DOMINGO,CENTRO,CARRERA 29 CALLE 32,URBANA,TECNICO,3.52894,-76.29947,NO APLICA,NO APLICA,NO APLICA,CHOQUE,SEMAFORO EN ROJO,NO APLICA 2020,NO APLICA,AUTOMOVIL,HYUNDAI,PALMIRA,PARTICULAR,NO APLICA
1214,HERIDOS,2020-07-19,2020,04:20,MADRUGADA,DOMINGO,CENTRO,CARRERA 29 CALLE 32,URBANA,TECNICO,3.52894,-76.29947,MOTOCICLISTA,1,NO APLICA,CHOQUE,SEMAFORO EN ROJO,NO APLICA 2020,RAUL,MOTO,HONDA,FLORIDA,PARTICULAR,NO APLICA
1215,DAÑOS,2020-07-18,2020,16:30,TARDE,SABADO,MERCEDES,DIAGONAL 28 CALLE 57,URBANA,TECNICO,3.54795,-76.29334,NO APLICA,NO APLICA,NO APLICA,CHOQUE,DESOBEDECER SEÑALES,NO APLICA 2020,NO APLICA,AUTOMOVIL,CHEVROLET,CALI,PARTICULAR,NO APLICA
1216,DAÑOS,2020-07-18,2020,16:30,TARDE,SABADO,MERCEDES,DIAGONAL 28 CALLE 57,URBANA,TECNICO,3.54795,-76.29334,NO APLICA,NO APLICA,NO APLICA,CHOQUE,DESOBEDECER SEÑALES,NO APLICA 2020,NO APLICA,MOTO,SUZUKI,CALI,PARTICULAR,NO APLICA
1217,HERIDOS,2020-07-18,2020,10:30,MAÑANA,SABADO,COLOMBIA,CALLE 28 CARRERA13,URBANA,TECNICO,3.52389,-76.2867,MOTOCICLISTA,1,NO APLICA,CHOQUE,NO ESTAR PENDIENTE DE LA VIA,NO APLICA 2020,PALMIRA,MOTO,AKT,PRADERA,PARTICULAR,NO APLICA
1218,HERIDOS,2020-07-18,2020,10:30,MAÑANA,SABADO,COLOMBIA,CALLE 28 CARRERA13,URBANA,TECNICO,3.52389,-76.2867,MOTOCICLISTA,1,NO APLICA,CHOQUE,NO ESTAR PENDIENTE DE LA VIA,NO APLICA 2020,PALMIRA,MOTO,HONDA,PRADERA,PARTICULAR,NO APLICA
1219,HERIDOS,2020-07-20,2020,09:30,MAÑANA,LUNES,LA EMILIA,CARRERA 35 CALLE40-22,URBANA,TECNICO,3.53759,-76.30639,NO APLICA,NO APLICA,NO APLICA,CHOQUE,NO MANTENER DISTANCIA DE SEGURIDAD,NO APLICA 2020,NO APLICA,AUTOMOVIL,BMW,BOGOTA,PARTICULAR,NO APLICA
1220,HERIDOS,2020-07-20,2020,09:30,MAÑANA,LUNES,LA EMILIA,CARRERA 35 CALLE40-22,URBANA,TECNICO,3.53759,-76.30639,MOTOCICLISTA,1,NO APLICA,CHOQUE,NO MANTENER DISTANCIA DE SEGURIDAD,NO APLICA 2020,PALMA,MOTO,AKT,PRADERA,PARTICULAR,NO APLICA
1221,HERIDOS,2020-07-21,2020,10:30,MAÑANA,MARTES,CIUDAD DEL CAMPO,CALLE 100 CARRERA 16,RURAL,TECNICO,3.4563,-76.46925,MOTOCICLISTA,1,NO APLICA,CHOQUE,NO RESPETAR PRELACION,NO APLICA 2020,VALLE SALUD,MOTO,AKT,PRADERA,PARTICULAR,NO APLICA
1222,HERIDOS,2020-07-21,2020,10:30,MAÑANA,MARTES,CIUDAD DEL CAMPO,CALLE 100 CARRERA 16,RURAL,TECNICO,3.4563,-76.46925,NO APLICA,NO APLICA,NO APLICA,CHOQUE,NO RESPETAR PRELACION,NO APLICA 2020,NO APLICA,AUTOMOVIL,KIA,CALI,PARTICULAR,NO APLICA
1223,DAÑOS,2020-07-21,2020,17:00,TARDE,MARTES,NUEVO,CARRERA 32 CALLE 26,URBANA,TECNICO,3.52404,-76.30296,NO APLICA,NO APLICA,NO APLICA,CHOQUE,DESOBEDECER SEÑALES,NO APLICA 2020,NO APLICA,AUTOMOVIL,MAZDA,SANTANDER,PARTICULAR,NO APLICA
1224,DAÑOS,2020-07-21,2020,17:00,TARDE,MARTES,NUEVO,CARRERA 32 CALLE 26,URBANA,TECNICO,3.52404,-76.30296,NO APLICA,NO APLICA,NO APLICA,CHOQUE,DESOBEDECER SEÑALES,NO APLICA 2020,NO APLICA,CAMPERO,KIA,BOGOTA,PARTICULAR,NO APLICA
1225,HERIDOS,2020-07-22,2020,17:50,TARDE,MIERCOLES,SESQUI,CARRERA 32 CALLE 12-13,URBANA,TECNICO,3.51174,-76.30661,NO APLICA,NO APLICA,NO APLICA,CHOQUE,NO MANTENER DISTANCIA DE SEGURIDAD,NO APLICA 2020,NO APLICA,AUTOMOVIL,RENAULT,PALMIRA,PARTICULAR,NO APLICA
1226,HERIDOS,2020-07-22,2020,17:50,TARDE,MIERCOLES,SESQUI,CARRERA 32 CALLE 12-13,URBANA,TECNICO,3.51174,-76.30661,MOTOCICLISTA,1,NO APLICA,CHOQUE,NO MANTENER DISTANCIA DE SEGURIDAD,NO APLICA 2020,PALMIRA,MOTO,HONDA,FLORIDA,PARTICULAR,NO APLICA
1227,HERIDOS,2020-07-22,2020,18:30,NOCHE,MIERCOLES,BIZERTA,CALLE 37 CARRERA 20,URBANA,TECNICO,3.53282,-76.29138,MOTOCICLISTA,1,NO APLICA,CHOQUE,DESOBEDECER SEÑALES,NO APLICA 2020,PALMIRA,MOTO,HONDA,CALI,PARTICULAR,NO APLICA
1228,HERIDOS,2020-07-22,2020,18:30,NOCHE,MIERCOLES,BIZERTA,CALLE 37 CARRERA 20,URBANA,TECNICO,3.53282,-76.29138,NO APLICA,NO APLICA,NO APLICA,CHOQUE,DESOBEDECER SEÑALES,NO APLICA 2020,NO APLICA,MOTO,AKT,CALI,PARTICULAR,NO APLICA
1229,HERIDOS,2020-07-22,2020,19:30,NOCHE,MIERCOLES,URIBE,CARRERA 21 CALLE 32-52,URBANA,TECNICO,3.52828,-76.29277,MOTOCICLISTA,1,NO APLICA,CHOQUE,POR ESTABLECER,NO APLICA 2020,PALMIRA,MOTO,TVS,PALMIRA,PARTICULAR,NO APLICA
1230,DAÑOS,2020-07-22,2020,19:50,NOCHE,MIERCOLES,LLANO GRANDE,CARRERA 43 CALLE 47A-49,URBANA,TECNICO,3.54272,-76.31492,NO APLICA,NO APLICA,NO APLICA,CHOQUE,IMPERICIA EN MANEJO,NO APLICA 2020,NO APLICA,AUTOMOVIL,KIA,PALMIRA,PUBLICO,COOP TRANS PALMERAS