,GRAVEDAD,FECHA,AÑO,HORA,JORNADA,DIA_SEMANA,BARRIO-CORREGIMIENTO-VIA,DIRECCION,ZONA,AUTORIDAD,LAT,LONG,CONDICION_VICTIMA,LESIONADO,HOMICIDIOS,TIPO_ACCIDENTE,HIPOTESIS,GENERO,CLINICA,CLASE_VEHICULO,MARCA,MATRICULA,TIPO DE SERVICIO,EMPRESA
1231,DAÑOS,2020-07-22,2020,19:50,NOCHE,MIERCOLES,LLANO GRANDE,CARRERA 43 CALLE 47A-49,URBANA,TECNICO,3.54272,-76.31492,NO APLICA,NO APLICA,NO APLICA,CHOQUE,IMPERICIA EN MANEJO,NO APLICA 2020,NO APLICA,BUSETA,CHEVROLET,LETICIA,PUBLICO,TRANSUCOL
1232,HERIDOS,2020-07-22,2020,11:30,MAÑANA,MIERCOLES,VIA CORONA ROZO,KM 8 + 72 MTS,RURAL,TECNICO,3.58557,-76.33807,MOTOCICLISTA,1,NO APLICA,CHOQUE,ADELANTAR EN CURVA,NO APLICA 2020,PALMA,MOTO,AKT,PRADERA,PARTICULAR,NO APLICA
1233,HERIDOS,2020-07-22,2020,11:30,MAÑANA,MIERCOLES,VIA CORONA ROZO,KM 8 + 72 MTS,RURAL,TECNICO,3.58557,-76.33807,CONDUCTOR,1,NO APLICA,CHOQUE,ADELANTAR EN CURVA,NO APLICA 2020,PALMIRA,CAMIONETA,NISSAN,BOGOTA,PARTICULAR,NO APLICA
1234,HERIDOS,2020-07-22,2020,11:30,MAÑANA,MIERCOLES,VIA CORONA ROZO,KM 8 + 72 MTS,RURAL,TECNICO,3.58557,-76.33807,ACOMPAÑANTE MOTOCICLISTA,1,NO APLICA,CHOQUE,ADELANTAR EN CURVA,NO APLICA 2020,PALMA,NO APLICA,NO APLICA,NO APLICA,NO APLICA,NO APLICA
1235,HERIDOS,2020-07-22,2020,11:30,MAÑANA,MIERCOLES,VIA CORONA ROZO,KM 8 + 72 MTS,RURAL,TECNICO,3.58557,-76.33807,ACOMPAÑANTE MOTOCICLISTA,1,NO APLICA,CHOQUE,ADELANTAR EN CURVA,NO APLICA 2020,PALMA,NO APLICA,NO APLICA,NO APLICA,NO APLICA,NO APLICA
1236,DAÑOS,2020-07-24,2020,08:00,MAÑANA,VIERNES,OBRERO,CALLE 35 CARRERA 24,URBANA,TECNICO,3.53155,-76.29498,NO APLICA,NO APLICA,NO APLICA,CHOQUE,DESOBEDECER SEÑALES,NO APLICA 2020,NO APLICA,AUTOMOVIL,MAZDA,CALI,PARTICULAR,NO APLICA
1237,DAÑOS,2020-07-24,2020,08:00,MAÑANA,VIERNES,OBRERO,CALLE 35 CARRERA 24,URBANA,TECNICO,3.53155,-76.29498,NO APLICA,NO APLICA,NO APLICA,CHOQUE,DESOBEDECER SEÑALES,NO APLICA 2020,NO APLICA,AUTOMOVIL,HYUNDAI,PALMIRA,PUBLICO,NO APLICA
1238,DAÑOS,2020-07-24,2020,16:30,TARDE,VIERNES,CENTRO,CALLE 29 CARRERA 31,URBANA,TECNICO,3.53155,-76.29498,NO APLICA,NO APLICA,NO APLICA,CHOQUE,SEMAFORO EN ROJO,NO APLICA 2020,NO APLICA,AUTOMOVIL,CHEVROLET,GUACARI,PARTICULAR,NO APLICA
1239,DAÑOS,2020-07-24,2020,16:30,TARDE,VIERNES,CENTRO,CALLE 29 CARRERA 31,URBANA,TECNICO,3.53155,-76.29498,NO APLICA,NO APLICA,NO APLICA,CHOQUE,SEMAFORO EN ROJO,NO APLICA 2020,NO APLICA,MOTO,AKT,PRADERA,PARTICULAR,NO APLICA
1240,HERIDOS,2020-07-24,2020,20:30,NOCHE,VIERNES,URIBE,CALLE 34 CARRERA 23,URBANA,TECNICO,3.53057,-76.29416,NO APLICA,NO APLICA,NO APLICA,CHOQUE,DESOBEDECER SEÑALES,NO APLICA 2020,NO APLICA,AUTOMOVIL,CHEVROLET,CALI,PARTICULAR,NO APLICA
1241,HERIDOS,2020-07-24,2020,20:30,NOCHE,VIERNES,URIBE,CALLE 34 CARRERA 23,URBANA,TECNICO,3.53057,-76.29416,CICLISTA,1,NO APLICA,CHOQUE,DESOBEDECER SEÑALES,NO APLICA 2020,RAUL,BICICLETA,SUPER,NO APLICA,PARTICULAR,NO APLICA
1242,HERIDOS,2020-07-24,2020,20:30,NOCHE,VIERNES,URIBE,CALLE 34 CARRERA 23,URBANA,TECNICO,3.53057,-76.29416,ACOMPAÑANTE CICLISTA,1,NO APLICA,CHOQUE,DESOBEDECER SEÑALES,NO APLICA 2020,RAUL,NO APLICA,NO APLICA,NO APLICA,NO APLICA,NO APLICA
1243,DAÑOS,2020-07-25,2020,06:30,MAÑANA,SABADO,CENTRO,CALLE 31 CARRERA 33,URBANA,TECNICO,3.52859,-76.3032,NO APLICA,NO APLICA,NO APLICA,CHOQUE,SEMAFORO EN ROJO,NO APLICA 2020,NO APLICA,MOTO,BAJAJ,GUACARI,PARTICULAR,NO APLICA
1244,DAÑOS,2020-07-25,2020,06:30,MAÑANA,SABADO,CENTRO,CALLE 31 CARRERA 33,URBANA,TECNICO,3.52859,-76.3032,NO APLICA,NO APLICA,NO APLICA,CHOQUE,SEMAFORO EN ROJO,NO APLICA 2020,NO APLICA,AUTOMOVIL,CHEVROLET,GUACARI,PARTICULAR,NO APLICA
1245,HERIDOS,2020-07-25,2020,17:00,TARDE,SABADO,LOS SAUSES,CALLE 35 CARRERA 2-11,URBANA,TECNICO,3.53112,-76.27854,NO APLICA,NO APLICA,NO APLICA,CHOQUE,EMBRIAGUEZ,NO APLICA 2020,NO APLICA,AUTOMOVIL,CHEVROLET,CALI,PARTICULAR,NO APLICA
1246,HERIDOS,2020-07-25,2020,17:00,TARDE,SABADO,LOS SAUSES,CALLE 35 CARRERA 2-11,URBANA,TECNICO,3.53112,-76.27854,MOTOCICLISTA,1,NO APLICA,CHOQUE,EMBRIAGUEZ,NO APLICA 2020,PALMIRA,MOTO,TVS,PALMIRA,PARTICULAR,NO APLICA
1247,HERIDOS,2020-07-27,2020,11:05,MAÑANA,LUNES,URIBE,CALLE 35 CARRERA 20,URBANA,TECNICO,3.5311,-76.29159,NO APLICA,NO APLICA,NO APLICA,CHOQUE,DESOBEDECER SEÑALES,NO APLICA 2020,NO APLICA,AUTOMOVIL,RENAULT,TULUA,PARTICULAR,NO APLICA
1248,HERIDOS,2020-07-27,2020,11:05,MAÑANA,LUNES,URIBE,CALLE 35 CARRERA 20,URBANA,TECNICO,3.5311,-76.29159,MOTOCICLISTA,1,NO APLICA,CHOQUE,DESOBEDECER SEÑALES,NO APLICA 2020,PALMA,MOTO,HONDA,MIRANDA,PARTICULAR,NO APLICA
1249,DAÑOS,2020-07-28,2020,11:30,MAÑANA,MARTES,LOS MANGOS,CARRERA 28 CALLE 70 -33,URBANA,TECNICO,3.55729,-76.29125,NO APLICA,NO APLICA,NO APLICA,CHOQUE,NO MANTENER DISTANCIA DE SEGURIDAD,NO APLICA 2020,NO APLICA,CAMION,JAC,GUACARI,PUBLICO,NO APLICA
1250,DAÑOS,2020-07-28,2020,11:30,MAÑANA,MARTES,LOS MANGOS,CARRERA 28 CALLE 70 -33,URBANA,TECNICO,3.55729,-76.29125,NO APLICA,NO APLICA,NO APLICA,CHOQUE,NO MANTENER DISTANCIA DE SEGURIDAD,NO APLICA 2020,NO APLICA,CAMIONETA,CHEVROLET,GINEBRA,PARTICULAR,NO APLICA
1251,DAÑOS,2020-07-28,2020,12:05,TARDE,MARTES,PRADO,CARRERA 41 CALLE 35-14,URBANA,TECNICO,3.53213,-76.31136,NO APLICA,NO APLICA,NO APLICA,CHOQUE,ARRANCAR SIN PRECAUCION,NO APLICA 2020,NO APLICA,CAMION,FORD,CALI,PUBLICO,NO APLICA
1252,DAÑOS,2020-07-28,2020,12:05,TARDE,MARTES,PRADO,CARRERA 41 CALLE 35-14,URBANA,TECNICO,3.53213,-76.31136,NO APLICA,NO APLICA,NO APLICA,CHOQUE,ARRANCAR SIN PRECAUCION,NO APLICA 2020,NO APLICA,AUTOMOVIL,MAZDA,ZARZAL,PARTICULAR,NO APLICA
1253,DAÑOS,2020-07-28,2020,11:10,MAÑANA,MARTES,CENTRO,CALLE 28 CARRRA 28-29,URBANA,TECNICO,3.52532,-76.29939,NO APLICA,NO APLICA,NO APLICA,CHOQUE,DEJAR PASAJEROS EN LA VIA,NO APLICA 2020,NO APLICA,AUTOMOVIL,DAEWOO,PALMIRA,PUBLICO,UNITAX
1254,DAÑOS,2020-07-28,2020,11:10,MAÑANA,MARTES,CENTRO,CALLE 28 CARRRA 28-29,URBANA,TECNICO,3.52532,-76.29939,NO APLICA,NO APLICA,NO APLICA,CHOQUE,DEJAR PASAJEROS EN LA VIA,NO APLICA 2020,NO APLICA,CAMIONETA,TOYOTA,CALI,PARTICULAR,NO APLICA
1255,DAÑOS,2020-07-29,2020,11:00,MAÑANA,MIERCOLES,VIA PALMIRA TIENDA NUEVA,KM 3 + 800 MTS,RURAL,TECNICO,3.54798,-76.25897,NO APLICA,NO APLICA,NO APLICA,CHOQUE,NO MANTENER DISTANCIA DE SEGURIDAD,NO APLICA 2020,NO APLICA,CAMIONETA,FORD,CALI,PARTICULAR,NO APLICA
1256,DAÑOS,2020-07-29,2020,11:00,MAÑANA,MIERCOLES,VIA PALMIRA TIENDA NUEVA,KM 3 + 800 MTS,RURAL,TECNICO,3.54798,-76.25897,NO APLICA,NO APLICA,NO APLICA,CHOQUE,NO MANTENER DISTANCIA DE SEGURIDAD,NO APLICA 2020,NO APLICA,CAMPERO,RENAULT,PALMIRA,PARTICULAR,NO APLICA
1257,DAÑOS,2020-07-30,2020,10:00,MAÑANA,JUEVES,CENTRO,CARRERA 27 CALLE 26,URBANA,TECNICO,3.52324,-76.29869,NO APLICA,NO APLICA,NO APLICA,CHOQUE,NO MANTENER DISTANCIA DE SEGURIDAD,NO APLICA 2020,NO APLICA,AUTOMOVIL,CHEVROLET,CALI,PARTICULAR,NO APLICA
1258,DAÑOS,2020-07-30,2020,10:00,MAÑANA,JUEVES,CENTRO,CARRERA 27 CALLE 26,URBANA,TECNICO,3.52324,-76.29869,NO APLICA,NO APLICA,NO APLICA,CHOQUE,NO MANTENER DISTANCIA DE SEGURIDAD,NO APLICA 2020,NO APLICA,CAMIONETA,FORD,BOGOTA,PARTICULAR,NO APLICA
1259,DAÑOS,2020-07-29,2020,16:00,TARDE,MIERCOLES,SANTA BARBARA,CALLE 44 CARRERA 26-31,URBANA,TECNICO,3.53904,-76.29561,NO APLICA,NO APLICA,NO APLICA,CHOQUE,REVERSA INPRUDENTE,NO APLICA 2020,NO APLICA,AUTOMOVIL,MAZDA,BOGOTA,PARTICULAR,NO APLICA
1260,DAÑOS,2020-07-29,2020,16:00,TARDE,MIERCOLES,SANTA BARBARA,CALLE 44 CARRERA 26-31,URBANA,TECNICO,3.53904,-76.29561,NO APLICA,NO APLICA,NO APLICA,CHOQUE,REVERSA INPRUDENTE,NO APLICA 2020,NO APLICA,CAMIONETA,FOTON,RIVERA,PUBLICO,INVERSIONES MEGAMOTOR
1261,HERIDOS,2020-07-30,2020,14:30,TARDE,JUEVES,HACIENDA BUENOS AIRES,CALLE 35 CARRERA 5E,URBANA,TECNICO,3.53169,-76.27513,MOTOCICLISTA,1,NO APLICA,CHOQUE,DESOBEDECER SEÑALES,NO APLICA 2020,RAUL,MOTO,SUZUKI,BUENAVENTURA,PARTICULAR,NO APLICA
1262,HERIDOS,2020-07-30,2020,14:30,TARDE,JUEVES,HACIENDA BUENOS AIRES,CALLE 35 CARRERA 5E,URBANA,TECNICO,3.53169,-76.27513,NO APLICA,NO APLICA,NO APLICA,CHOQUE,DESOBEDECER SEÑALES,NO APLICA 2020,NO APLICA,AUTOMOVIL,CHEVROLET,CALI,PARTICULAR,NO APLICA
1263,HERIDOS,2020-07-31,2020,13:30,TARDE,VIERNES,SAMANES,CARRERA 28 CALLE 48,URBANA,TECNICO,3.54356,-76.29632,MOTOCICLISTA,1,NO APLICA,CHOQUE OBJETO FIJO,PERDIDA DEL CONTROL DEL VEHICULO,NO APLICA 2020,PALMA,MOTO,JIALING,FLORIDA,PARTICULAR,NO APLICA
1264,MUERTO,2020-07-30,2020,16:00,TARDE,JUEVES,VIA PALMIRA A LA BUITRERA,INMUEBLE 817,RURAL,TECNICO,3.50156,-76.22877,NO APLICA,NO APLICA,NO APLICA,ATROPELLO,POR ESTABLECER,NO APLICA 2020,NO APLICA,BICICLETA,NO APLICA,NO APLICA,PARTICULAR,NO APLICA
1265,HERIDOS,2020-07-30,2020,16:00,TARDE,JUEVES,VIA PALMIRA A LA BUITRERA,INMUEBLE 817,RURAL,TECNICO,3.50156,-76.22877,PEATON,NO APLICA,1,ATROPELLO,POR ESTABLECER,NO APLICA 2020,NO APLICA,NO APLICA,NO APLICA,NO APLICA,NO APLICA,NO APLICA
1266,DAÑOS,2020-08-01,2020,13:20,TARDE,SABADO,TRINIDAD,CALLE 28 CARRERA 24,URBANA,TECNICO,3.52481,-76.29579,NO APLICA,NO APLICA,NO APLICA,CHOQUE,DESOBEDECER SEÑALES,NO APLICA 2020,NO APLICA,CAMIONETA,SSANGYONG,CALI,PARTICULAR,NO APLICA
1267,DAÑOS,2020-08-01,2020,13:20,TARDE,SABADO,TRINIDAD,CALLE 28 CARRERA 24,URBANA,TECNICO,3.52481,-76.29579,NO APLICA,NO APLICA,NO APLICA,CHOQUE,DESOBEDECER SEÑALES,NO APLICA 2020,NO APLICA,MOTO,AUTECO,FLORIDA,PARTICULAR,NO APLICA
1268,DAÑOS,2020-08-01,2020,19:00,NOCHE,SABADO,NUEVO,CARRERA 31 CALLE 22,URBANA,TECNICO,3.52729,-76.29376,NO APLICA,NO APLICA,NO APLICA,CHOQUE,NO ESTAR PENDIENTE DE LA VIA,NO APLICA 2020,NO APLICA,MOTO,TVS,PRADERA,PARTICULAR,NO APLICA
1269,DAÑOS,2020-08-01,2020,19:00,NOCHE,SABADO,NUEVO,CARRERA 31 CALLE 22,URBANA,TECNICO,3.52729,-76.29376,NO APLICA,NO APLICA,NO APLICA,CHOQUE,NO ESTAR PENDIENTE DE LA VIA,NO APLICA 2020,NO APLICA,MOTO,HONDA,FLORIDA,PARTICULAR,NO APLICA
1270,HERIDOS,2020-08-01,2020,21:20,NOCHE,SABADO,FRAY LUIS AMIGO,CALLE 42 CARRERA 46,URBANA,TECNICO,3.53883,-76.31546,NO APLICA,NO APLICA,NO APLICA,CHOQUE,CAMBIAR DE CALZADA UTILIZANDO EL SEPARADOR,NO APLICA 2020,NO APLICA,AUTOMOVIL,RENAULT,CALI,PARTICULAR,NO APLICA
1271,HERIDOS,2020-08-01,2020,21:20,NOCHE,SABADO,FRAY LUIS AMIGO,CALLE 42 CARRERA 46,URBANA,TECNICO,3.53883,-76.31546,MOTOCICLISTA,1,NO APLICA,CHOQUE,CAMBIAR DE CALZADA UTILIZANDO EL SEPARADOR,NO APLICA 2020,NO APLICA,MOTO,KAWASAKI,PALMIRA,PARTICULAR,NO APLICA
1272,DAÑOS,2020-08-02,2020,18:20,NOCHE,DOMINGO,TRINIDAD,CALLE 29 CARRERA 24,URBANA,TECNICO,3.52564,-76.29569,NO APLICA,NO APLICA,NO APLICA,CHOQUE,DSEMAFORO EN ROJO,NO APLICA 2020,NO APLICA,AUTOMOVIL,CHEVROLET,PALMIRA,PARTICULAR,NO APLICA
1273,DAÑOS,2020-08-02,2020,18:20,NOCHE,DOMINGO,TRINIDAD,CALLE 29 CARRERA 24,URBANA,TECNICO,3.52564,-76.29569,NO APLICA,NO APLICA,NO APLICA,CHOQUE,DSEMAFORO EN ROJO,NO APLICA 2020,NO APLICA,MOTO,BAJAJ,FLORIDA,PARTICULAR,NO APLICA
1274,DAÑOS,2020-08-02,2020,05:30,MADRUGADA,DOMINGO,URIBE,CALLE 36 CARRERA 21-20,URBANA,TECNICO,3.53211,-76.29275,NO APLICA,NO APLICA,NO APLICA,CHOQUE MURO,PERDIDA DEL CONTROL,NO APLICA 2020,NO APLICA,AUTOMOVIL,CHEVROLET,PALMIRA,PUBLICO,TRANS UNION DE TAXIS
1275,HERIDOS,2020-08-03,2020,13:20,TARDE,LUNES,LA ITALIA,CALLE 5E CARRERA 26,URBANA,TECNICO,3.50365,-76.29755,NO APLICA,NO APLICA,NO APLICA,CHOQUE,DESOBEDECER SEÑALES,NO APLICA 2020,NO APLICA,CAMIONETA,RENAULT,PALMIRA,PARTICULAR,NO APLICA
1276,HERIDOS,2020-08-03,2020,13:20,TARDE,LUNES,LA ITALIA,CALLE 5E CARRERA 26,URBANA,TECNICO,3.50365,-76.29755,MOTOCICLISTA,1,NO APLICA,CHOQUE,DESOBEDECER SEÑALES,NO APLICA 2020,NO APLICA,MOTO,HONDA,FLORIDA,PARTICULAR,NO APLICA
1277,HERIDOS,2020-08-03,2020,13:20,TARDE,LUNES,LA ITALIA,CALLE 5E CARRERA 26,URBANA,TECNICO,3.50365,-76.29755,ACOMPAÑANTE MOTOCICLISTA,1,NO APLICA,CHOQUE,DESOBEDECER SEÑALES,NO APLICA 2020,NO APLICA,NO APLICA,NO APLICA,NO APLICA,NO APLICA,NO APLICA
1278,DAÑOS,2020-08-03,2020,09:20,MAÑANA,LUNES,NUEVO,CARRERA 32 CALLE 26,URBANA,TECNICO,3.52404,-76.30295,NO APLICA,NO APLICA,NO APLICA,CHOQUE,DESOBEDECER SEÑALES,NO APLICA 2020,NO APLICA,AUTOMOVIL,MAZDA,PEREIRA,PARTICULAR,NO APLICA
1279,DAÑOS,2020-08-03,2020,09:20,MAÑANA,LUNES,NUEVO,CARRERA 32 CALLE 26,URBANA,TECNICO,3.52404,-76.30295,NO APLICA,NO APLICA,NO APLICA,CHOQUE,DESOBEDECER SEÑALES,NO APLICA 2020,NO APLICA,AUTOMOVIL,KIA,PALMIRA,PARTICULAR,NO APLICA
1280,DAÑOS,2020-08-03,2020,10:40,MAÑANA,LUNES,CAMPESTRE,CALLE 42 CARRERA 12,URBANA,TECNICO,3.53695,-76.28494,NO APLICA,NO APLICA,NO APLICA,CHOQUE,NO MANTENER  DISTANCIA DE SEGURIDAD,NO APLICA 2020,NO APLICA,MOTO,AKT,GUACARI,PARTICULAR,NO APLICA
1281,DAÑOS,2020-08-03,2020,10:40,MAÑANA,LUNES,CAMPESTRE,CALLE 42 CARRERA 12,URBANA,TECNICO,3.53695,-76.28494,NO APLICA,NO APLICA,NO APLICA,CHOQUE,NO MANTENER  DISTANCIA DE SEGURIDAD,NO APLICA 2020,NO APLICA,AUTOMOVIL,KIA,CALI,PARTICULAR,NO APLICA
1282,DAÑOS,2020-08-03,2020,20:20,NOCHE,LUNES,CENTRO,CALLE 29 CARRERA 30,URBANA,TECNICO,3.52636,-76.30092,NO APLICA,NO APLICA,NO APLICA,CHOQUE,SEMAFORO EN ROJO,NO APLICA 2020,NO APLICA,CAMPERO,CHEVROLET,MANIZALES,PARTICULAR,NO APLICA
1283,DAÑOS,2020-08-03,2020,20:20,NOCHE,LUNES,CENTRO,CALLE 29 CARRERA 30,URBANA,TECNICO,3.52636,-76.30092,NO APLICA,NO APLICA,NO APLICA,CHOQUE,SEMAFORO EN ROJO,NO APLICA 2020,NO APLICA,AUTOMOVIL,KIA,CALI,PARTICULAR,NO APLICA
1284,DAÑOS,2020-08-03,2020,19:20,NOCHE,LUNES,INDUSTRIAL,CALE 42 CARRERA 34B-141SUR,URBANA,TECNICO,3.53857,-76.30405,NO APLICA,NO APLICA,NO APLICA,CHOQUE,ARRANCAR SIN PRECAUCION,NO APLICA 2020,NO APLICA,AUTOMOVIL,HYUNDAI,PALMIRA,PUBLICO,NO APLICA
1285,DAÑOS,2020-08-03,2020,19:20,NOCHE,LUNES,INDUSTRIAL,CALE 42 CARRERA 34B-141SUR,URBANA,TECNICO,3.53857,-76.30405,NO APLICA,NO APLICA,NO APLICA,CHOQUE,ARRANCAR SIN PRECAUCION,NO APLICA 2020,NO APLICA,AUTOMOVIL,KIA,PALMIRA,PARTICULAR,NO APLICA
1286,DAÑOS,2020-08-04,2020,15:10,TARDE,MARTES,COLOMBINA,CALLE 30 CARRERA 10 -31,URBANA,TECNICO,3.52436,-76.28457,NO APLICA,NO APLICA,NO APLICA,CHOQUE OBJETO FIJO,VEHICULO ESTACIONADO,NO APLICA 2020,NO APLICA,BUS,CHEVROLET,PALMIRA,PUBLICO,LINEAS DEL VALLE
1287,DAÑOS,2020-08-04,2020,15:10,TARDE,MARTES,COLOMBINA,CALLE 30 CARRERA 10 -31,URBANA,TECNICO,3.52436,-76.28457,NO APLICA,NO APLICA,NO APLICA,CHOQUE OBJETO FIJO,VEHICULO ESTACIONADO,NO APLICA 2020,NO APLICA,AUTOMOVIL,KIA,CALI,PARTICULAR,NO APLICA
1288,DAÑOS,2020-08-04,2020,18:30,NOCHE,MARTES,SAMANES,CALLE 47 CARRERA 28A-18,URBANA,TECNICO,3.54213,-76.29702,NO APLICA,NO APLICA,NO APLICA,CHOQUE,NO MANTENER  DISTANCIA DE SEGURIDAD,NO APLICA 2020,NO APLICA,CAMIONETA,HYUNDAI,PALMIRA,PARTICULAR,NO APLICA
1289,DAÑOS,2020-08-04,2020,18:30,NOCHE,MARTES,SAMANES,CALLE 47 CARRERA 28A-18,URBANA,TECNICO,3.54213,-76.29702,NO APLICA,NO APLICA,NO APLICA,CHOQUE,NO MANTENER  DISTANCIA DE SEGURIDAD,NO APLICA 2020,NO APLICA,AUTOMOVIL,CHEVROLET,PALMIRA,PUBLICO,TRANS UNION DE TAXIS
1290,DAÑOS,2020-08-03,2020,12:50,TARDE,LUNES,CENTRO,CARRERA 32 CALLE 29,URBANA,TECNICO,3.52658,-76.30256,NO APLICA,NO APLICA,NO APLICA,CHOQUE,POR ESTABLECER,NO APLICA 2020,NO APLICA,AUTOMOVIL,KIA,CALI,PARTICULAR,NO APLICA
1291,DAÑOS,2020-08-03,2020,12:50,TARDE,LUNES,CENTRO,CARRERA 32 CALLE 29,URBANA,TECNICO,3.52658,-76.30256,NO APLICA,NO APLICA,NO APLICA,CHOQUE,POR ESTABLECER,NO APLICA 2020,NO APLICA,MOTO,SUZUKI,CALI,PARTICULAR,NO APLICA
1292,DAÑOS,2020-08-04,2020,08:30,MAÑANA,MARTES,ZAMORANO,CARRERA 28 CALLE 65,URBANA,TECNICO,3.55226,-76.29355,NO APLICA,NO APLICA,NO APLICA,CHOQUE,NO MANTENER  DISTANCIA DE SEGURIDAD,NO APLICA 2020,NO APLICA,CAMIONETA,CHEVROLET,ENVIGADO,PARTICULAR,NO APLICA
1293,DAÑOS,2020-08-04,2020,08:30,MAÑANA,MARTES,ZAMORANO,CARRERA 28 CALLE 65,URBANA,TECNICO,3.55226,-76.29355,NO APLICA,NO APLICA,NO APLICA,CHOQUE,NO MANTENER  DISTANCIA DE SEGURIDAD,NO APLICA 2020,NO APLICA,CAMIONETA,FOTON,EL CERRITO,PARTICULAR,NO APLICA
1294,DAÑOS,2020-08-05,2020,18:30,NOCHE,MIERCOLES,OLIMPICO,CALLE 27 CARRERA 35,URBANA,TECNICO,3.52558,-76.30624,NO APLICA,NO APLICA,NO APLICA,CHOQUE,NO MANTENER  DISTANCIA DE SEGURIDAD,NO APLICA 2020,NO APLICA,CAMION,JAC,GUACARI,PUBLICO,NO APLICA
1295,DAÑOS,2020-08-05,2020,18:30,NOCHE,MIERCOLES,OLIMPICO,CALLE 27 CARRERA 35,URBANA,TECNICO,3.52558,-76.30624,NO APLICA,NO APLICA,NO APLICA,CHOQUE,NO MANTENER  DISTANCIA DE SEGURIDAD,NO APLICA 2020,NO APLICA,CAMIONETA,FORD,EL CERRITO,PARTICULAR,NO APLICA
1296,DAÑOS,2020-08-05,2020,16:30,TARDE,MIERCOLES,OBRERO,CARRERA 26 CALLE 34,URBANA,TECNICO,3.53083,-76.29652,NO APLICA,NO APLICA,NO APLICA,CHOQUE,DESOBEDECER SEÑALES,NO APLICA 2020,NO APLICA,AUTOMOVIL,KIA,PALMIRA,PARTICULAR,NO APLICA
1297,DAÑOS,2020-08-05,2020,16:30,TARDE,MIERCOLES,OBRERO,CARRERA 26 CALLE 34,URBANA,TECNICO,3.53083,-76.29652,NO APLICA,NO APLICA,NO APLICA,CHOQUE,DESOBEDECER SEÑALES,NO APLICA 2020,NO APLICA,MOTO,HONDA,PALMIRA,PARTICULAR,NO APLICA
1298,HERIDOS,2020-08-05,2020,20:05,NOCHE,MIERCOLES,VIA PALMIRA TABLONES,KM 10 + 200 MTS,RURAL,TECNICO,3.5848,-76.20976,NO APLICA,NO APLICA,NO APLICA,VOLCAMIENTO,IMPERICIA EN EL MANEJO,NO APLICA 2020,NO APLICA,MOTO,HONDA,MIRANDA,PARTICULAR,NO APLICA
1299,HERIDOS,2020-08-05,2020,20:05,NOCHE,MIERCOLES,VIA PALMIRA TABLONES,KM 10 + 200 MTS,RURAL,TECNICO,3.5848,-76.20976,ACOMPAÑANTE MOTOCICLISTA,1,NO APLICA,VOLCAMIENTO,IMPERICIA EN EL MANEJO,NO APLICA 2020,RAUL,NO APLICA,NO APLICA,NO APLICA,NO APLICA,NO APLICA
1300,DAÑOS,2020-08-07,2020,19:20,NOCHE,VIERNES,CENTRO POBLADO ROZO,CARRERA 9 CALLE 10,RURAL,TECNICO,3.61461,-76.3867,NO APLICA,NO APLICA,NO APLICA,CHOQUE,NO MANTENER  DISTANCIA DE SEGURIDAD,NO APLICA 2020,NO APLICA,CAMIONETA,SSANGYONG,CALI,PARTICULAR,NO APLICA
1301,DAÑOS,2020-08-07,2020,19:20,NOCHE,VIERNES,CENTRO POBLADO ROZO,CARRERA 9 CALLE 10,RURAL,TECNICO,3.61461,-76.3867,NO APLICA,NO APLICA,NO APLICA,CHOQUE,NO MANTENER  DISTANCIA DE SEGURIDAD,NO APLICA 2020,NO APLICA,AUTOMOVIL,MAZDA,BOGOTA,PARTICULAR,NO APLICA
1302,HERIDOS,2020-08-07,2020,18:45,NOCHE,VIERNES,CIUDAD DEL CAMPO,CALLE 100 CARRARA 28-27,RURAL,TECNICO,3.45689,-76.46582,NO APLICA,NO APLICA,NO APLICA,CHOQUE,TRANSITAR EN CONTRA VIA,NO APLICA 2020,NO APLICA,MOTO,YAMAHA,SANTANDER,PARTICULAR,NO APLICA
1303,HERIDOS,2020-08-07,2020,18:45,NOCHE,VIERNES,CIUDAD DEL CAMPO,CALLE 100 CARRARA 28-27,RURAL,TECNICO,3.45689,-76.46582,MOTOCICLISTA,1,NO APLICA,CHOQUE,TRANSITAR EN CONTRA VIA,NO APLICA 2020,CRISTO REY,MOTO,AKT,PRADERA,PARTICULAR,NO APLICA
1304,HERIDOS,2020-08-07,2020,18:45,NOCHE,VIERNES,CIUDAD DEL CAMPO,CALLE 100 CARRARA 28-27,RURAL,TECNICO,3.45689,-76.46582,ACOMPAÑANTE MOTOCICLISTA,1,NO APLICA,CHOQUE,TRANSITAR EN CONTRA VIA,NO APLICA 2020,CRISTO REY,NO APLICA,NO APLICA,NO APLICA,NO APLICA,NO APLICA
1305,DAÑOS,2020-08-08,2020,16:30,TARDE,SABADO,VIA PALMIRA QUISQINA,QUISQUINA,RURAL,TECNICO,3.58169,-76.20314,NO APLICA,NO APLICA,NO APLICA,CHOQUE,INVADIR CARRIL SENTIDO CONTRARIO,NO APLICA 2020,NO APLICA,CAMIONETA,CHEVROLET,BUGA,PARTICULAR,NO APLICA
1306,DAÑOS,2020-08-08,2020,16:30,TARDE,SABADO,VIA PALMIRA QUISQINA,QUISQUINA,RURAL,TECNICO,3.58169,-76.20314,NO APLICA,NO APLICA,NO APLICA,CHOQUE,INVADIR CARRIL SENTIDO CONTRARIO,NO APLICA 2020,NO APLICA,MOTO,TVS,CALI,PARTICULAR,NO APLICA