,GRAVEDAD,FECHA,AÑO,HORA,JORNADA,DIA_SEMANA,BARRIO-CORREGIMIENTO-VIA,DIRECCION,ZONA,AUTORIDAD,LAT,LONG,CONDICION_VICTIMA,LESIONADO,HOMICIDIOS,TIPO_ACCIDENTE,HIPOTESIS,GENERO,CLINICA,CLASE_VEHICULO,MARCA,MATRICULA,TIPO DE SERVICIO,EMPRESA
1307,HERIDOS,2020-08-09,2020,15:10,TARDE,DOMINGO,COLOMBIA,CALLE 35 CARRERA 33,URBANA,TECNICO,3.53263,-76.3028,NO APLICA,NO APLICA,NO APLICA,CHOQUE,DESOBEDECER SEÑALES,NO APLICA 2020,NO APLICA,CAMPERO,CHEVROLET,CALI,PARTICULAR,NO APLICA
1308,HERIDOS,2020-08-09,2020,15:10,TARDE,DOMINGO,COLOMBIA,CALLE 35 CARRERA 33,URBANA,TECNICO,3.53263,-76.3028,MOTOCICLISTA,1,NO APLICA,CHOQUE,DESOBEDECER SEÑALES,NO APLICA 2020,RAUL,MOTO,YAMAHA,PRADERA,PARTICULAR,NO APLICA
1309,HERIDOS,2020-08-09,2020,15:10,TARDE,DOMINGO,COLOMBIA,CALLE 35 CARRERA 33,URBANA,TECNICO,3.53263,-76.3028,ACOMPAÑANTE MOTOCICLISTA,1,NO APLICA,CHOQUE,DESOBEDECER SEÑALES,NO APLICA 2020,RAUL,NO APLICA,NO APLICA,NO APLICA,NO APLICA,NO APLICA
1310,HERIDOS,2020-08-09,2020,15:10,TARDE,DOMINGO,COLOMBIA,CALLE 35 CARRERA 33,URBANA,TECNICO,3.53263,-76.3028,ACOMPAÑANTE MOTOCICLISTA,1,NO APLICA,CHOQUE,DESOBEDECER SEÑALES,NO APLICA 2020,RAUL,NO APLICA,NO APLICA,NO APLICA,NO APLICA,NO APLICA
1311,HERIDOS,2020-08-09,2020,15:30,TARDE,DOMINGO,URIBE,CALLE 34 CARRERA 22,URBANA,TECNICO,3.53044,-76.29335,MOTOCICLISTA,1,NO APLICA,CHOQUE,DESOBEDECER SEÑALES,NO APLICA 2020,PALMIRA,MOTO,VICTORY,FLORIDA,PARTICULAR,NO APLICA
1312,HERIDOS,2020-08-09,2020,15:30,TARDE,DOMINGO,URIBE,CALLE 34 CARRERA 22,URBANA,TECNICO,3.53044,-76.29335,NO APLICA,NO APLICA,NO APLICA,CHOQUE,DESOBEDECER SEÑALES,NO APLICA 2020,NO APLICA,AUTOMOVIL,KIA,PALMIRA,PARTICULAR,NO APLICA
1313,HERIDOS,2020-08-09,2020,15:30,TARDE,DOMINGO,URIBE,CALLE 34 CARRERA 22,URBANA,TECNICO,3.53044,-76.29335,ACOMPAÑANTE MOTOCICLISTA,1,NO APLICA,CHOQUE,DESOBEDECER SEÑALES,NO APLICA 2020,PALMIRA,NO APLICA,NO APLICA,NO APLICA,NO APLICA,NO APLICA
1314,HERIDOS,2020-08-09,2020,17:20,TARDE,DOMINGO,ZAMORANO,CALLE 69 CARRERA 31,URBANA,TECNICO,3.55727,-76.29614,NO APLICA,NO APLICA,NO APLICA,CHOQUE,ADELANTAR EN ZONA PROHIBIDAD,NO APLICA 2020,NO APLICA,AUTOMOVIL,KIA,CALI,PARTICULAR,NO APLICA
1315,HERIDOS,2020-08-09,2020,17:20,TARDE,DOMINGO,ZAMORANO,CALLE 69 CARRERA 31,URBANA,TECNICO,3.55727,-76.29614,MOTOCICLISTA,1,NO APLICA,CHOQUE,ADELANTAR EN ZONA PROHIBIDAD,NO APLICA 2020,PALMIRA,MOTO,BAJAJ,CANDELARIA,PARTICULAR,NO APLICA
1316,HERIDOS,2020-08-06,2020,12:10,TARDE,JUEVES,RECREO,CALLE 18 CARRERA 30,URBANA,TECNICO,3.51694,-76.30255,NO APLICA,NO APLICA,NO APLICA,CHOQUE,DESOBEDECER SEÑALES,NO APLICA 2020,NO APLICA,MOTO,SUZUKI,PALMIRA,PARTICULAR,NO APLICA
1317,HERIDOS,2020-08-06,2020,12:10,TARDE,JUEVES,RECREO,CALLE 18 CARRERA 30,URBANA,TECNICO,3.51694,-76.30255,MOTOCICLISTA,1,NO APLICA,CHOQUE,DESOBEDECER SEÑALES,NO APLICA 2020,PALMIRA,MOTO,AKT,CALI,PARTICULAR,NO APLICA
1318,HERIDOS,2020-08-06,2020,12:10,TARDE,JUEVES,RECREO,CALLE 18 CARRERA 30,URBANA,TECNICO,3.51694,-76.30255,ACOMPAÑANTE MOTOCICLISTA,1,NO APLICA,CHOQUE,DESOBEDECER SEÑALES,NO APLICA 2020,PALMIRA,NO APLICA,NO APLICA,NO APLICA,NO APLICA,NO APLICA
1319,HERIDOS,2020-08-06,2020,09:05,MAÑANA,JUEVES,RECREO,CARRERA 27 CALLE 27,URBANA,TECNICO,3.52433,-76.29855,MOTOCICLISTA,1,NO APLICA,CHOQUE,DESOBEDECER SEÑALES,NO APLICA 2020,PALMIRA,MOTO,SUZUKI,PALMIRA,PARTICULAR,NO APLICA
1320,HERIDOS,2020-08-06,2020,09:05,MAÑANA,JUEVES,RECREO,CARRERA 27 CALLE 27,URBANA,TECNICO,3.52433,-76.29855,NO APLICA,NO APLICA,NO APLICA,CHOQUE,DESOBEDECER SEÑALES,NO APLICA 2020,NO APLICA,CAMION,FOTON,GUACARI,PUBLICO,NO APLICA
1321,HERIDOS,2020-08-07,2020,09:00,MAÑANA,VIERNES,AMERICAS,CARRERA 24 CALLE 15A,URBANA,TECNICO,3.51422,-76.29592,MOTOCICLISTA,1,NO APLICA,CHOQUE,ADELANTAR INVADIENDO CARRIL,NO APLICA 2020,RAUL,MOTO,BAJAJ,TOLIMA,PARTICULAR,NO APLICA
1322,HERIDOS,2020-08-07,2020,09:00,MAÑANA,VIERNES,AMERICAS,CARRERA 24 CALLE 15A,URBANA,TECNICO,3.51422,-76.29592,MOTOCICLISTA,1,NO APLICA,CHOQUE,ADELANTAR INVADIENDO CARRIL,NO APLICA 2020,PALMIRA,MOTO,YAMAHA,GUACARI,PARTICULAR,NO APLICA
1323,HERIDOS,2020-08-07,2020,09:00,MAÑANA,VIERNES,AMERICAS,CARRERA 24 CALLE 15A,URBANA,TECNICO,3.51422,-76.29592,ACOMPAÑANTE MOTOCICLISTA,1,NO APLICA,CHOQUE,ADELANTAR INVADIENDO CARRIL,NO APLICA 2020,RAUL,NO APLICA,NO APLICA,NO APLICA,NO APLICA,NO APLICA
1324,HERIDOS,2020-08-10,2020,11:30,MAÑANA,LUNES,MERCEDES,CALLE 57 DIAGONAL 28C,URBANA,TECNICO,3.54798,-76.29333,MOTOCICLISTA,1,NO APLICA,CHOQUE,PONER EN MARCHA UN VEHICULO SIN PRECAUCION,NO APLICA 2020,PALMA,MOTO,HONDA,PRADERA,PARTICULAR,NO APLICA
1325,HERIDOS,2020-08-10,2020,11:30,MAÑANA,LUNES,MERCEDES,CALLE 57 DIAGONAL 28C,URBANA,TECNICO,3.54798,-76.29333,NO APLICA,NO APLICA,NO APLICA,CHOQUE,PONER EN MARCHA UN VEHICULO SIN PRECAUCION,NO APLICA 2020,NO APLICA,AUTOMOVIL,CHEVROLET,CALI,PARTICULAR,NO APLICA
1326,DAÑOS,2020-08-10,2020,08:30,MAÑANA,LUNES,ITALIA,CALLE 5E CARRERA 29,URBANA,TECNICO,3.5034,-76.3018,NO APLICA,NO APLICA,NO APLICA,CHOQUE,REVERSA IMPRUDENTE,NO APLICA 2020,NO APLICA,CAMIONETA,CHEVROLET,BOGOTA,PARTICULAR,NO APLICA
1327,DAÑOS,2020-08-10,2020,08:30,MAÑANA,LUNES,ITALIA,CALLE 5E CARRERA 29,URBANA,TECNICO,3.5034,-76.3018,NO APLICA,NO APLICA,NO APLICA,CHOQUE,REVERSA IMPRUDENTE,NO APLICA 2020,NO APLICA,AUTOMOVIL,KIA,CALI,PARTICULAR,NO APLICA
1328,HERIDOS,2020-08-11,2020,13:10,TARDE,MARTES,RESERVAS ZAMORANO,CALLE 60 CARRERA 34A,URBANA,TECNICO,3.55047,-76.30508,MOTOCICLISTA,1,NO APLICA,CHOQUE,DESOBEDECER SEÑALES,NO APLICA 2020,FRACTURAS,MOTO,WYS,FLORIDA,PARTICULAR,NO APLICA
1329,HERIDOS,2020-08-11,2020,13:10,TARDE,MARTES,RESERVAS ZAMORANO,CALLE 60 CARRERA 34A,URBANA,TECNICO,3.55047,-76.30508,ACOMPAÑANTE MOTOCICLISTA,1,NO APLICA,CHOQUE,DESOBEDECER SEÑALES,NO APLICA 2020,FRACTURAS,NO APLICA,NO APLICA,NO APLICA,NO APLICA,NO APLICA
1330,HERIDOS,2020-08-11,2020,13:10,TARDE,MARTES,RESERVAS ZAMORANO,CALLE 60 CARRERA 34A,URBANA,TECNICO,3.55047,-76.30508,NO APLICA,NO APLICA,NO APLICA,CHOQUE,DESOBEDECER SEÑALES,NO APLICA 2020,NO APLICA,MOTO,SUZUKI,EL CERRITO,PARTICULAR,NO APLICA
1331,DAÑOS,2020-08-13,2020,09:10,MAÑANA,JUEVES,LORETO,CALLE 42 CARRERA 32B-05,URBANA,TECNICO,3.53843,-76.30178,NO APLICA,NO APLICA,NO APLICA,CHOQUE,NO MANTENER  DISTANCIA DE SEGURIDAD,NO APLICA 2020,NO APLICA,AUTOMOVIL,RENAULT,TULUA,PARTICULAR,NO APLICA
1332,DAÑOS,2020-08-13,2020,09:10,MAÑANA,JUEVES,LORETO,CALLE 42 CARRERA 32B-05,URBANA,TECNICO,3.53843,-76.30178,NO APLICA,NO APLICA,NO APLICA,CHOQUE,NO MANTENER  DISTANCIA DE SEGURIDAD,NO APLICA 2020,NO APLICA,CAMPERO,CHEVROLET,FUNZA,PARTICULAR,NO APLICA
1333,DAÑOS,2020-08-13,2020,09:10,MAÑANA,JUEVES,LORETO,CALLE 42 CARRERA 32B-05,URBANA,TECNICO,3.53843,-76.30178,NO APLICA,NO APLICA,NO APLICA,CHOQUE,NO MANTENER  DISTANCIA DE SEGURIDAD,NO APLICA 2020,NO APLICA,CAMPERO,MITSUBISHI,MANIZALES,PARTICULAR,NO APLICA
1334,DAÑOS,2020-08-11,2020,12:30,TARDE,MARTES,CORONADO,CALLE 57 CARRERA 41,URBANA,TECNICO,3.54783,-76.31196,NO APLICA,NO APLICA,NO APLICA,CHOQUE,DESOBEDECER SEÑALES,NO APLICA 2020,NO APLICA,AUTOMOVIL,HYUNDAI,PALMIRA,PUBLICO,NO APLICA
1335,DAÑOS,2020-08-11,2020,12:30,TARDE,MARTES,CORONADO,CALLE 57 CARRERA 41,URBANA,TECNICO,3.54783,-76.31196,NO APLICA,NO APLICA,NO APLICA,CHOQUE,DESOBEDECER SEÑALES,NO APLICA 2020,NO APLICA,AUTOMOVIL,RENAULT,BOGOTA,PARTICULAR,NO APLICA
1336,HERIDOS,2020-08-13,2020,08:40,MAÑANA,JUEVES,PRIMERO DE MAYO,CALLE 42 CARRERA 16-30,URBANA,TECNICO,3.53698,-76.28852,CONDUCTOR,1,NO APLICA,CHOQUE,ADELANTAR INVADIENDO CARRIL,NO APLICA 2020,NO APLICA,AUTOMOVIL,HONDA,BOGOTA,PARTICULAR,NO APLICA
1337,HERIDOS,2020-08-13,2020,08:40,MAÑANA,JUEVES,PRIMERO DE MAYO,CALLE 42 CARRERA 16-30,URBANA,TECNICO,3.53698,-76.28852,MOTOCICLISTA,1,NO APLICA,CHOQUE,ADELANTAR INVADIENDO CARRIL,NO APLICA 2020,NO APLICA,MOTO,BAJAJ,GINEBRA,PARTICULAR,NO APLICA
1338,DAÑOS,2020-08-12,2020,15:30,TARDE,MIERCOLES,SAMANES,CALLE 47 CARRERA 31 -113,URBANA,TECNICO,3.54228,-76.30009,NO APLICA,NO APLICA,NO APLICA,CHOQUE,IMPERICIA EN EL MANEJO,NO APLICA 2020,NO APLICA,AUTOMOVIL,CHERY,PALMIRA,PUBLICO,TRANS UNION DE TAXIS
1339,DAÑOS,2020-08-12,2020,15:30,TARDE,MIERCOLES,SAMANES,CALLE 47 CARRERA 31 -113,URBANA,TECNICO,3.54228,-76.30009,NO APLICA,NO APLICA,NO APLICA,CHOQUE,IMPERICIA EN EL MANEJO,NO APLICA 2020,NO APLICA,MOTO,AKT,PALMIRA,PARTICULAR,NO APLICA
1340,DAÑOS,2020-08-12,2020,16:45,TARDE,MIERCOLES,RECREO,CALLE 20 CARRERA 26,URBANA,TECNICO,3.51848,-76.29864,NO APLICA,NO APLICA,NO APLICA,CHOQUE,ARRANCAR SIN PRECAUCION,NO APLICA 2020,NO APLICA,AUTOMOVIL,CHEVROLET,CALI,PARTICULAR,NO APLICA
1341,DAÑOS,2020-08-12,2020,16:45,TARDE,MIERCOLES,RECREO,CALLE 20 CARRERA 26,URBANA,TECNICO,3.51848,-76.29864,NO APLICA,NO APLICA,NO APLICA,CHOQUE,ARRANCAR SIN PRECAUCION,NO APLICA 2020,NO APLICA,CAMIONETA,MAZDA,CALI,PARTICULAR,NO APLICA
1342,HERIDOS,2020-08-13,2020,13:10,TARDE,JUEVES,CENTRO,CALLE 29 CARRERA 33,URBANA,TECNICO,3.52671,-76.3034,CONDUCTOR,1,NO APLICA,CHOQUE,DESOBEDECER SEÑALES,NO APLICA 2020,PALMIRA,CAMIONETA,SUZUKI,GUACARI,PARTICULAR,NO APLICA
1343,HERIDOS,2020-08-13,2020,13:10,TARDE,JUEVES,CENTRO,CALLE 29 CARRERA 33,URBANA,TECNICO,3.52671,-76.3034,NO APLICA,NO APLICA,NO APLICA,CHOQUE,DESOBEDECER SEÑALES,NO APLICA 2020,NO APLICA,CAMIONETA,NISSAN,CALI,PARTICULAR,NO APLICA
1344,DAÑOS,2020-08-13,2020,15:40,TARDE,JUEVES,COLOMBIA,CALLE 33 CARRERA 29-46,URBANA,TECNICO,3.53055,-76.29987,NO APLICA,NO APLICA,NO APLICA,CHOQUE,ABRIRI PUERTA DEL ACOMPAÑANTE,NO APLICA 2020,NO APLICA,CAMIONETA,TOYOTA,CANDELARIA,PARTICULAR,NO APLICA
1345,DAÑOS,2020-08-13,2020,15:40,TARDE,JUEVES,COLOMBIA,CALLE 33 CARRERA 29-46,URBANA,TECNICO,3.53055,-76.29987,NO APLICA,NO APLICA,NO APLICA,CHOQUE,ABRIRI PUERTA DEL ACOMPAÑANTE,NO APLICA 2020,NO APLICA,MOTO,YAMAHA,GUACARI,PARTICULAR,NO APLICA
1346,DAÑOS,2020-08-14,2020,16:35,TARDE,VIERNES,OBRERO,CALLE 41 CARRERA 25,URBANA,TECNICO,3.53675,-76.29462,NO APLICA,NO APLICA,NO APLICA,CHOQUE,DESOBEDECER SEÑALES,NO APLICA 2020,NO APLICA,MOTO,KIMCO,GINEBRA,PARTICULAR,NO APLICA
1347,DAÑOS,2020-08-14,2020,16:35,TARDE,VIERNES,OBRERO,CALLE 41 CARRERA 25,URBANA,TECNICO,3.53675,-76.29462,NO APLICA,NO APLICA,NO APLICA,CHOQUE,DESOBEDECER SEÑALES,NO APLICA 2020,NO APLICA,AUTOMOVIL,CHEVROLET,PALMIRA,PARTICULAR,NO APLICA
1348,DAÑOS,2020-08-14,2020,16:05,TARDE,VIERNES,CORONADO,CARRERA 68 CALLE 62,URBANA,TECNICO,3.55297,-76.31241,NO APLICA,NO APLICA,NO APLICA,CHOQUE,ADELANTAR CERRANDO,NO APLICA 2020,NO APLICA,CAMPERO,CHEVROLET,BOGOTA,PARTICULAR,NO APLICA
1349,HERIDOS,2020-08-14,2020,10:50,MAÑANA,VIERNES,OBRERO,CALLE 38 CARRERA 26,URBANA,TECNICO,3.53455,-76.29594,MOTOCICLISTA,1,NO APLICA,CHOQUE,DESOBEDECER SEÑALES,NO APLICA 2020,PALMA,MOTO,HONDA,TULUA,PARTICULAR,NO APLICA
1350,HERIDOS,2020-08-14,2020,10:50,MAÑANA,VIERNES,OBRERO,CALLE 38 CARRERA 26,URBANA,TECNICO,3.53455,-76.29594,NO APLICA,NO APLICA,NO APLICA,CHOQUE,DESOBEDECER SEÑALES,NO APLICA 2020,NO APLICA,AUTOMOVIL,RENAULT,MANIZALES,PARTICULAR,NO APLICA
1351,MUERTO,2020-08-16,2020,04:55,MADRUGADA,DOMINGO,COLOMBINA,CALLE 29 CARRERA 13,URBANA,TECNICO,3.52458,-76.28661,MOTOCICLISTA,NO APLICA,1,CHOQUE,DESOBEDECER SEÑALES,NO APLICA 2020,NO APLICA,MOTO,BAJAJ,PALMIRA,PARTICULAR,NO APLICA
1352,MUERTO,2020-08-16,2020,04:55,MADRUGADA,DOMINGO,COLOMBINA,CALLE 29 CARRERA 13,URBANA,TECNICO,3.52458,-76.28661,NO APLICA,NO APLICA,NO APLICA,CHOQUE,DESOBEDECER SEÑALES,NO APLICA 2020,NO APLICA,BUS,CHEVROLET,PUERTO COLOMBIA,PUBLICO,BRASILIA
1353,DAÑOS,2020-08-15,2020,18:40,NOCHE,SABADO,CENTRO,CALLE 31 CARRERA 25,URBANA,TECNICO,3.52761,-76.2962,NO APLICA,NO APLICA,NO APLICA,CHOQUE,SEMAFORO EN ROJO,NO APLICA 2020,NO APLICA,MOTO,HONDA,GUACARI,PARTICULAR,NO APLICA
1354,DAÑOS,2020-08-15,2020,18:40,NOCHE,SABADO,CENTRO,CALLE 31 CARRERA 25,URBANA,TECNICO,3.52761,-76.2962,NO APLICA,NO APLICA,NO APLICA,CHOQUE,SEMAFORO EN ROJO,NO APLICA 2020,NO APLICA,AUTOMOVIL,CHEVROLET,PALMIRA,PUBLICO,FLOTA PALMIRA
1355,HERIDOS,2020-08-15,2020,15:30,TARDE,SABADO,ITALIA,CARRERA 24 CALLE 6,URBANA,TECNICO,3.5054,-76.29595,MOTOCICLISTA,1,NO APLICA,CHOQUE,IMPERICIA EN EL MANEJO,NO APLICA 2020,PALMA,MOTO,HONDA,GINEBRA,PARTICULAR,NO APLICA
1356,HERIDOS,2020-08-15,2020,15:30,TARDE,SABADO,ITALIA,CARRERA 24 CALLE 6,URBANA,TECNICO,3.5054,-76.29595,MOTOCICLISTA,1,NO APLICA,CHOQUE,IMPERICIA EN EL MANEJO,NO APLICA 2020,RAUL,MOTO,BAJAJ,CALI,PARTICULAR,NO APLICA
1357,HERIDOS,2020-08-15,2020,15:30,TARDE,SABADO,ITALIA,CARRERA 24 CALLE 6,URBANA,TECNICO,3.5054,-76.29595,ACOMPAÑANTE MOTOCICLISTA,1,NO APLICA,CHOQUE,IMPERICIA EN EL MANEJO,NO APLICA 2020,RAUL,NO APLICA,NO APLICA,NO APLICA,NO APLICA,NO APLICA
1358,DAÑOS,2020-08-15,2020,18:00,NOCHE,SABADO,URIBE,CARRERA 23 CALLE 32,URBANA,TECNICO,3.52828,-76.29449,NO APLICA,NO APLICA,NO APLICA,CHOQUE,DESOBEDECER SEÑALES,NO APLICA 2020,NO APLICA,AUTOMOVIL,KIA,CALI,PARTICULAR,NO APLICA
1359,DAÑOS,2020-08-15,2020,18:00,NOCHE,SABADO,URIBE,CARRERA 23 CALLE 32,URBANA,TECNICO,3.52828,-76.29449,NO APLICA,NO APLICA,NO APLICA,CHOQUE,DESOBEDECER SEÑALES,NO APLICA 2020,NO APLICA,AUTOMOVIL,CHEVROLET,BOGOTA,PARTICULAR,NO APLICA
1360,HERIDOS,2020-08-15,2020,19:00,NOCHE,SABADO,SANTA BARBARA,CALLE 31 CARRERA 37,URBANA,TECNICO,3.52919,-76.30722,MOTOCICLISTA,1,NO APLICA,OTRO,FALLAS EN LAS LLANTA,NO APLICA 2020,PALMIRA,MOTO,BAJAJ,FLORIDA,PARTICULAR,NO APLICA
1361,HERIDOS,2020-08-15,2020,19:00,NOCHE,SABADO,SANTA BARBARA,CALLE 31 CARRERA 37,URBANA,TECNICO,3.52919,-76.30722,NO APLICA,NO APLICA,NO APLICA,OTRO,FALLAS EN LAS LLANTA,NO APLICA 2020,NO APLICA,AUTOMOVIL,KIA,CALI,PARTICULAR,NO APLICA
1362,HERIDOS,2020-08-15,2020,19:00,NOCHE,SABADO,SANTA BARBARA,CALLE 31 CARRERA 37,URBANA,TECNICO,3.52919,-76.30722,ACOMPAÑANTE MOTOCICLISTA,1,NO APLICA,OTRO,FALLAS EN LAS LLANTA,NO APLICA 2020,PALMIRA,NO APLICA,NO APLICA,NO APLICA,NO APLICA,NO APLICA
1363,DAÑOS,2020-08-14,2020,13:20,TARDE,VIERNES,SAMANES,CALLE 47 CARRERA 28A-28,URBANA,TECNICO,3.54212,-76.2971,NO APLICA,NO APLICA,NO APLICA,CHOQUE,NO MANTENER  DISTANCIA DE SEGURIDAD,NO APLICA 2020,NO APLICA,AUTOMOVIL,FIAT,CALI,PARTICULAR,NO APLICA
1364,DAÑOS,2020-08-14,2020,13:20,TARDE,VIERNES,SAMANES,CALLE 47 CARRERA 28A-28,URBANA,TECNICO,3.54212,-76.2971,NO APLICA,NO APLICA,NO APLICA,CHOQUE,NO MANTENER  DISTANCIA DE SEGURIDAD,NO APLICA 2020,NO APLICA,CAMIONETA,NISSAN,CALI,PARTICULAR,NO APLICA
1365,HERIDOS,2020-08-16,2020,17:20,TARDE,DOMINGO,URIBE,CARRERA 23 CALLE 34,URBANA,TECNICO,3.53059,-76.29415,MOTOCICLISTA,1,NO APLICA,CHOQUE,DESOBEDECER SEÑALES,NO APLICA 2020,PALMA,MOTO,YAMAHA,PRADERA,PARTICULAR,NO APLICA
1366,HERIDOS,2020-08-16,2020,17:20,TARDE,DOMINGO,URIBE,CARRERA 23 CALLE 34,URBANA,TECNICO,3.53059,-76.29415,MOTOCICLISTA,1,NO APLICA,CHOQUE,DESOBEDECER SEÑALES,NO APLICA 2020,FRACTURAS,MOTO,HONDA,GUACARI,PARTICULAR,NO APLICA
1367,HERIDOS,2020-08-16,2020,20:00,NOCHE,DOMINGO,TREBOL,CALLE 26 CARRERA 18,URBANA,TECNICO,3.52258,-76.29091,MOTOCICLISTA,1,NO APLICA,CHOQUE,TRANSITAR EN CONTRA VIA,NO APLICA 2020,PALMIRA,MOTO,AKT,PRADERA,PARTICULAR,NO APLICA
1368,HERIDOS,2020-08-16,2020,20:00,NOCHE,DOMINGO,TREBOL,CALLE 26 CARRERA 18,URBANA,TECNICO,3.52258,-76.29091,NO APLICA,NO APLICA,NO APLICA,CHOQUE,TRANSITAR EN CONTRA VIA,NO APLICA 2020,NO APLICA,MOTO,HONDA,JAMUNDI,PARTICULAR,NO APLICA
1369,HERIDOS,2020-08-17,2020,18:00,NOCHE,LUNES,VIAL PALMIRA CANDELARIA,ENTRADA CEMENTERIO,URBANA,TECNICO,3.50293,-76.31644,CICLISTA,1,NO APLICA,CHOQUE,NO ESTAR PENDIENTE DE LA VIA,NO APLICA 2020,PALMIRA,BICICLETA,GM,NO APLICA,PARTICULAR,NO APLICA
1370,HERIDOS,2020-08-17,2020,18:00,NOCHE,LUNES,VIAL PALMIRA CANDELARIA,ENTRADA CEMENTERIO,URBANA,TECNICO,3.50293,-76.31644,NO APLICA,NO APLICA,NO APLICA,CHOQUE,NO ESTAR PENDIENTE DE LA VIA,NO APLICA 2020,NO APLICA,CAMIONETA,CHEVROLET,BOGOTA,PARTICULAR,NO APLICA
1371,HERIDOS,2020-08-18,2020,09:00,MAÑANA,MARTES,SESQUI,CARRERA 24 CALLE 10-11,URBANA,TECNICO,3.50881,-76.29591,NO APLICA,NO APLICA,NO APLICA,CHOQUE,GIRAR BRUSCAMENTE,NO APLICA 2020,NO APLICA,MOTO,HONDA,CAICEDONIA,PARTICULAR,NO APLICA
1372,HERIDOS,2020-08-18,2020,09:00,MAÑANA,MARTES,SESQUI,CARRERA 24 CALLE 10-11,URBANA,TECNICO,3.50881,-76.29591,CICLISTA,1,NO APLICA,CHOQUE,GIRAR BRUSCAMENTE,NO APLICA 2020,PALMIRA,BICICLETA,TURISMO,NO APLICA,PARTICULAR,NO APLICA
1373,DAÑOS,2020-08-15,2020,09:30,MAÑANA,SABADO,VIA PALMIRA BUITRERA,IRACALES KM 306 CASA,RURAL,TECNICO,3.50167,-76.22876,NO APLICA,NO APLICA,NO APLICA,CHOQUE,REVERSA IMPRUDENTE,NO APLICA 2020,NO APLICA,MAQUINARIA,CATERPILLAR,NO APLICA,OFICIAL,NO APLICA
1374,DAÑOS,2020-08-15,2020,09:30,MAÑANA,SABADO,VIA PALMIRA BUITRERA,IRACALES KM 306 CASA,RURAL,TECNICO,3.50167,-76.22876,NO APLICA,NO APLICA,NO APLICA,CHOQUE,REVERSA IMPRUDENTE,NO APLICA 2020,NO APLICA,CAMIONETA,RENAULT,CALI,PARTICULAR,NO APLICA
1375,HERIDOS,2020-08-20,2020,09:20,MAÑANA,JUEVES,MERCEDES,CARRERA 28 CALLE 57 - 58,URBANA,TECNICO,3.54768,-76.29527,CICLISTA,1,NO APLICA,CHOQUE,CAMBIO DE CARRIL CON O SIN INDICACION,NO APLICA 2020,PALMA,BICICLETA,BENOTTO,NO APLICA,PARTICULAR,NO APLICA
1376,HERIDOS,2020-08-20,2020,09:20,MAÑANA,JUEVES,MERCEDES,CARRERA 28 CALLE 57 - 58,URBANA,TECNICO,3.54768,-76.29527,MOTOCICLISTA,1,NO APLICA,CHOQUE,CAMBIO DE CARRIL CON O SIN INDICACION,NO APLICA 2020,PALMA,MOTO,HONDA,FLORIDA,PARTICULAR,NO APLICA
1377,DAÑOS,2020-08-20,2020,11:50,MAÑANA,JUEVES,MIRRIÑAO,CARRERA28 CALLE 65A-70,URBANA,TECNICO,3.55299,-76.29318,NO APLICA,NO APLICA,NO APLICA,CHOQUE,POR ESTABLECER,NO APLICA 2020,NO APLICA,MOTO,HONDA,MIRANDA,PARTICULAR,NO APLICA
1378,DAÑOS,2020-08-20,2020,11:50,MAÑANA,JUEVES,MIRRIÑAO,CARRERA28 CALLE 65A-70,URBANA,TECNICO,3.55299,-76.29318,NO APLICA,NO APLICA,NO APLICA,CHOQUE,POR ESTABLECER,NO APLICA 2020,NO APLICA,TRACTO CAMION,INTERNATIONAL,FUNZA,PUBLICO,NO APLICA
1379,HERIDOS,2020-08-20,2020,13:15,TARDE,JUEVES,CHAPINERO,CARRERA 31 CALLE 18,URBANA,TECNICO,3.51708,-76.30349,NO APLICA,NO APLICA,NO APLICA,CHOQUE,DESOBEDECER SEÑALES,NO APLICA 2020,NO APLICA,CAMIONETA,KIA,CALI,PARTICULAR,NO APLICA
1380,HERIDOS,2020-08-20,2020,13:15,TARDE,JUEVES,CHAPINERO,CARRERA 31 CALLE 18,URBANA,TECNICO,3.51708,-76.30349,MOTOCICLISTA,1,NO APLICA,CHOQUE,DESOBEDECER SEÑALES,NO APLICA 2020,PALMIRA,MOTO,BAJAJ,PALMIRA,PARTICULAR,NO APLICA
1381,HERIDOS,2020-08-20,2020,13:15,TARDE,JUEVES,CHAPINERO,CARRERA 31 CALLE 18,URBANA,TECNICO,3.51708,-76.30349,ACOMPAÑANTE MOTOCICLISTA,1,NO APLICA,CHOQUE,DESOBEDECER SEÑALES,NO APLICA 2020,PALMIRA,NO APLICA,NO APLICA,NO APLICA,NO APLICA,NO APLICA
1382,DAÑOS,2020-08-20,2020,22:40,NOCHE,JUEVES,NUEVO,CARRERA 32 CALLE 20,URBANA,TECNICO,3.51905,-76.30382,NO APLICA,NO APLICA,NO APLICA,CHOQUE,SEMAFORO EN ROJO,NO APLICA 2020,NO APLICA,AUTOMOVIL,KIA,CANDELARIA,PARTICULAR,NO APLICA
1383,DAÑOS,2020-08-20,2020,22:40,NOCHE,JUEVES,NUEVO,CARRERA 32 CALLE 20,URBANA,TECNICO,3.51905,-76.30382,NO APLICA,NO APLICA,NO APLICA,CHOQUE,SEMAFORO EN ROJO,NO APLICA 2020,NO APLICA,AUTOMOVIL,CHEVROLET,CALI,PARTICULAR,NO APLICA