,GRAVEDAD,FECHA,AÑO,HORA,JORNADA,DIA_SEMANA,BARRIO-CORREGIMIENTO-VIA,DIRECCION,ZONA,AUTORIDAD,LAT,LONG,CONDICION_VICTIMA,LESIONADO,HOMICIDIOS,TIPO_ACCIDENTE,HIPOTESIS,GENERO,CLINICA,CLASE_VEHICULO,MARCA,MATRICULA,TIPO DE SERVICIO,EMPRESA
1537,DAÑOS,2020-09-14,2020,06:40,MAÑANA,LUNES,VERSALLES,CALLE 42 CARRERA 29 -28,URBANA,TECNICO,3.53812,-76.29846,NO APLICA,NO APLICA,NO APLICA,CHOQUE,INVADIR CARRIL SENTIDO CONTRARIO,NO APLICA 2020,NO APLICA,VOLQUETA,CHEVROLET,CALI,PARTICULAR,NO APLICA
1538,DAÑOS,2020-09-12,2020,15:10,TARDE,SABADO,SANTA RITA,CALLE 41 CARRERA 27-28,URBANA,TECNICO,3.53711,-76.2968,NO APLICA,NO APLICA,NO APLICA,CHOQUE,NO ESTAR PENDIENTE DE LA VIA,NO APLICA 2020,NO APLICA,TRACTO CAMION,KENWORTH,MEDELLIN,PARTICULAR,NO APLICA
1539,DAÑOS,2020-09-12,2020,15:10,TARDE,SABADO,SANTA RITA,CALLE 41 CARRERA 27-28,URBANA,TECNICO,3.53711,-76.2968,NO APLICA,NO APLICA,NO APLICA,CHOQUE,NO ESTAR PENDIENTE DE LA VIA,NO APLICA 2020,NO APLICA,AUTOMOVIL,RENAULT,PALMIRA,PARTICULAR,NO APLICA
1540,DAÑOS,2020-09-12,2020,11:20,MAÑANA,SABADO,SAN CAYETANO,CALLE 42 CARRERA 25,URBANA,TECNICO,3.53761,-76.29451,NO APLICA,NO APLICA,NO APLICA,CHOQUE,POR ESTABLECER,NO APLICA 2020,NO APLICA,CAMIONETA,WALL,POPAYAN,PARTICULAR,NO APLICA
1541,DAÑOS,2020-09-12,2020,11:20,MAÑANA,SABADO,SAN CAYETANO,CALLE 42 CARRERA 25,URBANA,TECNICO,3.53761,-76.29451,NO APLICA,NO APLICA,NO APLICA,CHOQUE,POR ESTABLECER,NO APLICA 2020,NO APLICA,MOTO,BAJAJ,GINEBRA,PARTICULAR,NO APLICA
1542,HERIDOS,2020-09-16,2020,12:20,TARDE,MIERCOLES,PRIMERO DE MAYO,CALLE 42 CARRERA 14-05,URBANA,TECNICO,3.53708,-76.28727,NO APLICA,NO APLICA,NO APLICA,CHOQUE,NO ESTAR PENDIENTE DE LA VIA,NO APLICA 2020,NO APLICA,AUTOMOVIL,HYUNDAI,CALI,PARTICULAR,NO APLICA
1543,HERIDOS,2020-09-16,2020,12:20,TARDE,MIERCOLES,PRIMERO DE MAYO,CALLE 42 CARRERA 14-05,URBANA,TECNICO,3.53708,-76.28727,MOTOCICLISTA,1,NO APLICA,CHOQUE,NO ESTAR PENDIENTE DE LA VIA,NO APLICA 2020,PALMIRA,MOTO,BAJAJ,SABANETA,PARTICULAR,NO APLICA
1544,HERIDOS,2020-09-16,2020,12:20,TARDE,MIERCOLES,CENTRO,CALLE 28 CARRERA 29-64,URBANA,TECNICO,3.52491,-76.3001,MOTOCICLISTA,1,NO APLICA,CHOQUE,SEMAFORO EN ROJO,NO APLICA 2020,PALMIRA,MOTO,YAMAHA,PRADERA,PARTICULAR,NO APLICA
1545,HERIDOS,2020-09-16,2020,12:20,TARDE,MIERCOLES,CENTRO,CALLE 28 CARRERA 29-64,URBANA,TECNICO,3.52491,-76.3001,MOTOCICLISTA,1,NO APLICA,CHOQUE,SEMAFORO EN ROJO,NO APLICA 2020,PALMIRA,MOTO,HERO,FLORIDA,PARTICULAR,NO APLICA
1546,HERIDOS,2020-09-16,2020,12:20,TARDE,MIERCOLES,CENTRO,CALLE 28 CARRERA 29-64,URBANA,TECNICO,3.52491,-76.3001,ACOMPAÑANTE MOTOCICLISTA,1,NO APLICA,CHOQUE,SEMAFORO EN ROJO,NO APLICA 2020,PALMIRA,NO APLICA,NO APLICA,NO APLICA,NO APLICA,NO APLICA
1547,HERIDOS,2020-09-15,2020,18:00,NOCHE,MARTES,COLOMBIA,CARRERA 30 CALLE 36,URBANA,TECNICO,3.53305,-76.29966,MOTOCICLISTA,1,NO APLICA,CHOQUE,SEMAFORO EN ROJO,NO APLICA 2020,PALMA,MOTO,AKT,PRADERA,PARTICULAR,NO APLICA
1548,HERIDOS,2020-09-15,2020,18:00,NOCHE,MARTES,COLOMBIA,CARRERA 30 CALLE 36,URBANA,TECNICO,3.53305,-76.29966,MOTOCICLISTA,1,NO APLICA,CHOQUE,SEMAFORO EN ROJO,NO APLICA 2020,PALMA,MOTO,AKT,PRADERA,PARTICULAR,NO APLICA
1549,HERIDOS,2020-09-15,2020,18:00,NOCHE,MARTES,COLOMBIA,CARRERA 30 CALLE 36,URBANA,TECNICO,3.53305,-76.29966,ACOMPAÑANTE MOTOCICLISTA,1,NO APLICA,CHOQUE,SEMAFORO EN ROJO,NO APLICA 2020,PALMA,NO APLICA,NO APLICA,NO APLICA,NO APLICA,NO APLICA
1550,DAÑOS,2020-09-16,2020,16:00,TARDE,MIERCOLES,NUEVO,CARRERA 32 CALLE 22-56,URBANA,TECNICO,3.52077,-76.30379,NO APLICA,NO APLICA,NO APLICA,CHOQUE,ARRANCAR SIN PRECAUCION,NO APLICA 2020,NO APLICA,CAMION,MERCEDES BENZ,PRADERA,PUBLICO,VEOLIA
1551,DAÑOS,2020-09-16,2020,16:00,TARDE,MIERCOLES,NUEVO,CARRERA 32 CALLE 22-56,URBANA,TECNICO,3.52077,-76.30379,NO APLICA,NO APLICA,NO APLICA,CHOQUE,ARRANCAR SIN PRECAUCION,NO APLICA 2020,NO APLICA,AUTOMOVIL,CHEVROLET,ALVARADO,PARTICULAR,NO APLICA
1552,HERIDOS,2020-09-18,2020,07:40,MAÑANA,VIERNES,CENTRO,CALLE 31 CARRERA 31,URBANA,TECNICO,3.52832,-76.30146,MOTOCICLISTA,1,NO APLICA,CHOQUE,DESOBEDECER SEÑALES,NO APLICA 2020,PALMIRA,MOTO,AKT,PALMIRA,PARTICULAR,NO APLICA
1553,HERIDOS,2020-09-18,2020,07:40,MAÑANA,VIERNES,CENTRO,CALLE 31 CARRERA 31,URBANA,TECNICO,3.52832,-76.30146,MOTOCICLISTA,1,NO APLICA,CHOQUE,DESOBEDECER SEÑALES,NO APLICA 2020,PALMIRA,MOTO,BAJAJ,FLORIDA,PARTICULAR,NO APLICA
1554,HERIDOS,2020-09-18,2020,08:50,MAÑANA,VIERNES,COLOMBIA,CARRERA 32 CALLE 37 -82,URBANA,TECNICO,3.53457,-76.3014,MOTOCICLISTA,1,NO APLICA,CHOQUE,ARRANCAR SIN PRECAUCION,NO APLICA 2020,PALMA,MOTO,AKT,PRADERA,PARTICULAR,NO APLICA
1555,HERIDOS,2020-09-18,2020,08:50,MAÑANA,VIERNES,COLOMBIA,CARRERA 32 CALLE 37 -82,URBANA,TECNICO,3.53457,-76.3014,NO APLICA,NO APLICA,NO APLICA,CHOQUE,ARRANCAR SIN PRECAUCION,NO APLICA 2020,NO APLICA,AUTOMOVIL,RENAULT,CALI,PARTICULAR,NO APLICA
1556,HERIDOS,2020-09-18,2020,08:50,MAÑANA,VIERNES,INDUSTRIAL,CALE 42 CARRERA 33A -33,URBANA,TECNICO,3.53839,-76.30125,NO APLICA,NO APLICA,NO APLICA,CHOQUE,POR ESTABLECER,NO APLICA 2020,NO APLICA,MOTO,VICTORY,PALMIRA,PARTICULAR,NO APLICA
1557,HERIDOS,2020-09-18,2020,08:50,MAÑANA,VIERNES,INDUSTRIAL,CALE 42 CARRERA 33A -33,URBANA,TECNICO,3.53839,-76.30125,CICLISTA,NO APLICA,1,CHOQUE,POR ESTABLECER,NO APLICA 2020,PALMA,BICICLETA,NO APLICA,NO APLICA,PARTICULAR,NO APLICA
1558,DAÑOS,2020-09-11,2020,19:00,NOCHE,VIERNES,ZAMORANO,CALLE 66 CARRERA 31,URBANA,TECNICO,3.5555,-76.29708,NO APLICA,NO APLICA,NO APLICA,CHOQUE,NO ESTAR PENDIENTE DE LA VIA,NO APLICA 2020,NO APLICA,AUTOMOVIL,SUZUKI,CALI,PARTICULAR,NO APLICA
1559,HERIDOS,2020-09-11,2020,21:20,NOCHE,VIERNES,VIA PALMIRA CANDELARIA,KM 1,RURAL,TECNICO,3.4986,-76.31963,MOTOCICLISTA,1,NO APLICA,CHOQUE,NO UTILIZAR DISPOSITIVOS LUMINOSOS,NO APLICA 2020,PALMA,MOTO,YAMAHA,GUACARI,PARTICULAR,NO APLICA
1560,HERIDOS,2020-09-11,2020,21:20,NOCHE,VIERNES,VIA PALMIRA CANDELARIA,KM 1,RURAL,TECNICO,3.4986,-76.31963,CICLISTA,1,NO APLICA,CHOQUE,NO UTILIZAR DISPOSITIVOS LUMINOSOS,NO APLICA 2020,PALMA,BICICLETA,NO APLICA,NO APLICA,PARTICULAR,NO APLICA
1561,DAÑOS,2020-09-13,2020,14:20,TARDE,DOMINGO,VIA PALMIRA TIENDA NUEVA,KM 3,RURAL,TECNICO,3.54778,-76.25768,NO APLICA,NO APLICA,NO APLICA,CHOQUE,POR ESTABLECER,NO APLICA 2020,NO APLICA,AUTOMOVIL,CHEVROLET,PRADERA,PARTICULAR,NO APLICA
1562,HERIDOS,2020-09-16,2020,14:40,TARDE,MIERCOLES,LA ITALIA,CALLE 6 DIAGOINAL 28,URBANA,TECNICO,3.5055,-76.29885,NO APLICA,NO APLICA,NO APLICA,CHOQUE,DESOBEDECER SEÑALES,NO APLICA 2020,NO APLICA,MOTO,HONDA,CALI,PARTICULAR,NO APLICA
1563,HERIDOS,2020-09-16,2020,14:40,TARDE,MIERCOLES,LA ITALIA,CALLE 6 DIAGOINAL 28,URBANA,TECNICO,3.5055,-76.29885,MOTOCICLISTA,1,NO APLICA,CHOQUE,DESOBEDECER SEÑALES,NO APLICA 2020,PALMIRA,MOTO,AKT,PRADERA,PARTICULAR,NO APLICA
1564,HERIDOS,2020-09-16,2020,14:40,TARDE,MIERCOLES,LA ITALIA,CALLE 6 DIAGOINAL 28,URBANA,TECNICO,3.5055,-76.29885,ACOMPAÑANTE MOTOCICLISTA,1,NO APLICA,CHOQUE,DESOBEDECER SEÑALES,NO APLICA 2020,PALMIRA,NO APLICA,NO APLICA,NO APLICA,NO APLICA,NO APLICA
1565,HERIDOS,2020-09-16,2020,17:15,TARDE,MIERCOLES,URIBE,CALLE 36 CARRERA 23,URBANA,TECNICO,3.53231,-76.29386,NO APLICA,NO APLICA,NO APLICA,CHOQUE,DESOBEDECER SEÑALES,NO APLICA 2020,NO APLICA,AUTOMOVIL,CHEVROLET,CALI,PARTICULAR,NO APLICA
1566,HERIDOS,2020-09-16,2020,17:15,TARDE,MIERCOLES,URIBE,CALLE 36 CARRERA 23,URBANA,TECNICO,3.53231,-76.29386,MOTOCICLISTA,1,NO APLICA,CHOQUE,DESOBEDECER SEÑALES,NO APLICA 2020,NO APLICA,MOTO,AUTECO,BUGA,PARTICULAR,NO APLICA
1567,HERIDOS,2020-09-16,2020,17:15,TARDE,MIERCOLES,URIBE,CALLE 36 CARRERA 23,URBANA,TECNICO,3.53231,-76.29386,ACOMPAÑANTE MOTOCICLISTA,1,NO APLICA,CHOQUE,DESOBEDECER SEÑALES,NO APLICA 2020,NO APLICA,NO APLICA,NO APLICA,NO APLICA,NO APLICA,NO APLICA
1568,DAÑOS,2020-09-19,2020,10:50,MAÑANA,SABADO,CENTRO,CARRERA 33A CALLE 29-30,URBANA,TECNICO,3.52715,-76.30337,NO APLICA,NO APLICA,NO APLICA,CHOQUE,PERDIDA DEL CONTROL,NO APLICA 2020,NO APLICA,CAMIONETA,KIA,BUGA,PARTICULAR,NO APLICA
1569,HERIDOS,2020-09-20,2020,18:30,NOCHE,DOMINGO,SANTA MARIA,CALLE 44 CARRERA 2,URBANA,TECNICO,3.54066,-76.27913,MOTOCICLISTA,1,NO APLICA,CHOQUE,NO ESTAR PENDIENTE DE LA VIA,NO APLICA 2020,PALMIRA,MOTO,HONDA,GUACARI,PARTICULAR,NO APLICA
1570,HERIDOS,2020-09-20,2020,18:30,NOCHE,DOMINGO,SANTA MARIA,CALLE 44 CARRERA 2,URBANA,TECNICO,3.54066,-76.27913,NO APLICA,NO APLICA,NO APLICA,CHOQUE,NO ESTAR PENDIENTE DE LA VIA,NO APLICA 2020,NO APLICA,MOTO,HONDA,GUACARI,PARTICULAR,NO APLICA
1571,HERIDOS,2020-09-20,2020,18:30,NOCHE,DOMINGO,SANTA MARIA,CALLE 44 CARRERA 2,URBANA,TECNICO,3.54066,-76.27913,ACOMPAÑANTE MOTOCICLISTA,1,NO APLICA,CHOQUE,NO ESTAR PENDIENTE DE LA VIA,NO APLICA 2020,PALMA,NO APLICA,NO APLICA,NO APLICA,NO APLICA,NO APLICA
1572,HERIDOS,2020-09-19,2020,22:20,NOCHE,SABADO,CENTRO,CALLE 28 CARRERA 27,URBANA,TECNICO,3.52515,-76.29834,NO APLICA,NO APLICA,NO APLICA,CHOQUE,SEMAFORO EN ROJO,NO APLICA 2020,NO APLICA,AUTOMOVIL,CHEVROLET,CALI,PARTICULAR,NO APLICA
1573,HERIDOS,2020-09-21,2020,14:40,TARDE,LUNES,CAMPESTRE,CALLE 40 CARRERA 1,URBANA,TECNICO,3.53583,-76.27736,MOTOCICLISTA,1,NO APLICA,ATROPELLO,NO ESTAR PENDIENTE DE LA VIA,NO APLICA 2020,PALMA,MOTO,SUZUKI,PALMIRA,PARTICULAR,NO APLICA
1574,HERIDOS,2020-09-21,2020,14:40,TARDE,LUNES,CAMPESTRE,CALLE 40 CARRERA 1,URBANA,TECNICO,3.53583,-76.27736,PEATON,1,NO APLICA,ATROPELLO,NO ESTAR PENDIENTE DE LA VIA,NO APLICA 2020,PALMA,NO APLICA,NO APLICA,NO APLICA,NO APLICA,NO APLICA
1575,HERIDOS,2020-09-21,2020,14:40,TARDE,LUNES,CAMPESTRE,CALLE 40 CARRERA 1,URBANA,TECNICO,3.53583,-76.27736,ACOMPAÑANTE MOTOCICLISTA,1,NO APLICA,ATROPELLO,NO ESTAR PENDIENTE DE LA VIA,NO APLICA 2020,PALMA,NO APLICA,NO APLICA,NO APLICA,NO APLICA,NO APLICA
1576,HERIDOS,2020-09-19,2020,22:20,NOCHE,SABADO,CENTRO,CALLE 28 CARRERA 27,URBANA,TECNICO,3.52515,-76.29834,MOTOCICLISTA,1,NO APLICA,CHOQUE,SEMAFORO EN ROJO,NO APLICA 2020,PALMIRA,MOTO,HONDA,FLORIDA,PARTICULAR,NO APLICA
1577,HERIDOS,2020-09-19,2020,22:20,NOCHE,SABADO,CENTRO,CALLE 28 CARRERA 27,URBANA,TECNICO,3.52515,-76.29834,ACOMPAÑANTE MOTOCICLISTA,1,NO APLICA,CHOQUE,SEMAFORO EN ROJO,NO APLICA 2020,PALMIRA,NO APLICA,NO APLICA,NO APLICA,NO APLICA,NO APLICA
1578,HERIDOS,2020-09-20,2020,22:20,NOCHE,DOMINGO,LA EMILIA,CARRERA 39 CALLE 36-21,URBANA,TECNICO,3.5339,-76.30909,NO APLICA,NO APLICA,NO APLICA,CHOQUE,EMBRIAGUEZ,NO APLICA 2020,NO APLICA,AUTOMOVIL,DAEWOO,CALI,PARTICULAR,NO APLICA
1579,HERIDOS,2020-09-20,2020,22:20,NOCHE,DOMINGO,LA EMILIA,CARRERA 39 CALLE 36-21,URBANA,TECNICO,3.5339,-76.30909,NO APLICA,NO APLICA,NO APLICA,CHOQUE,EMBRIAGUEZ,NO APLICA 2020,NO APLICA,MOTO,SUZUKI,PRADERA,PARTICULAR,NO APLICA
1580,HERIDOS,2020-09-20,2020,22:20,NOCHE,DOMINGO,LA EMILIA,CARRERA 39 CALLE 36-21,URBANA,TECNICO,3.5339,-76.30909,PEATON,1,NO APLICA,CHOQUE,EMBRIAGUEZ,NO APLICA 2020,PALMA,NO APLICA,NO APLICA,NO APLICA,NO APLICA,NO APLICA
1581,HERIDOS,2020-09-20,2020,22:20,NOCHE,DOMINGO,LA EMILIA,CARRERA 39 CALLE 36-21,URBANA,TECNICO,3.5339,-76.30909,PEATON,1,NO APLICA,CHOQUE,EMBRIAGUEZ,NO APLICA 2020,PALMA,NO APLICA,NO APLICA,NO APLICA,NO APLICA,NO APLICA
1582,HERIDOS,2020-09-22,2020,00:05,MADRUGADA,MARTES,NUEVO,CARRERA 31 CALLE 27,URBANA,TECNICO,3.52784,-76.29787,CONDUCTOR,1,NO APLICA,CHOQUE,DESOBEDECER SEÑALES,NO APLICA 2020,PALMIRA,AUTOMOVIL,CHEVROLET,RICAURTE,PARTICULAR,NO APLICA
1583,HERIDOS,2020-09-22,2020,00:05,MADRUGADA,MARTES,NUEVO,CARRERA 31 CALLE 27,URBANA,TECNICO,3.52784,-76.29787,NO APLICA,NO APLICA,NO APLICA,CHOQUE,DESOBEDECER SEÑALES,NO APLICA 2020,NO APLICA,CAMION,CHEVROLET,IPIALES,PUBLICO,NO APLICA
1584,HERIDOS,2020-09-22,2020,00:05,MADRUGADA,MARTES,NUEVO,CARRERA 31 CALLE 27,URBANA,TECNICO,3.52784,-76.29787,ACOMPAÑANTE CONDUCTOR,1,NO APLICA,CHOQUE,DESOBEDECER SEÑALES,NO APLICA 2020,PALMIRA,NO APLICA,NO APLICA,NO APLICA,NO APLICA,NO APLICA
1585,HERIDOS,2020-09-22,2020,00:05,MADRUGADA,MARTES,NUEVO,CARRERA 31 CALLE 27,URBANA,TECNICO,3.52784,-76.29787,ACOMPAÑANTE CONDUCTOR,1,NO APLICA,CHOQUE,DESOBEDECER SEÑALES,NO APLICA 2020,PALMIRA,NO APLICA,NO APLICA,NO APLICA,NO APLICA,NO APLICA
1586,HERIDOS,2020-09-18,2020,20:10,NOCHE,VIERNES,OBRERO,CARRERA 25 CALLE 39,URBANA,TECNICO,3.53521,-76.2949,MOTOCICLISTA,1,NO APLICA,CHOQUE,DESOBEDECER SEÑALES,NO APLICA 2020,PALMA,MOTO,HONDA,ZARZAL,PARTICULAR,NO APLICA
1587,HERIDOS,2020-09-18,2020,20:10,NOCHE,VIERNES,OBRERO,CARRERA 25 CALLE 39,URBANA,TECNICO,3.53521,-76.2949,NO APLICA,NO APLICA,NO APLICA,CHOQUE,DESOBEDECER SEÑALES,NO APLICA 2020,NO APLICA,AUTOMOVIL,RENAULT,PALMIRA,PARTICULAR,NO APLICA
1588,HERIDOS,2020-09-20,2020,11:20,MAÑANA,DOMINGO,SAN CAYETANO,CALLE 39 CARRERA 21,URBANA,TECNICO,3.53483,-76.29194,MOTOCICLISTA,1,NO APLICA,CHOQUE,DESOBEDECER SEÑALES,NO APLICA 2020,FRACTURAS,MOTO,AKT,PRADERA,PARTICULAR,NO APLICA
1589,HERIDOS,2020-09-20,2020,11:20,MAÑANA,DOMINGO,SAN CAYETANO,CALLE 39 CARRERA 21,URBANA,TECNICO,3.53483,-76.29194,NO APLICA,NO APLICA,NO APLICA,CHOQUE,DESOBEDECER SEÑALES,NO APLICA 2020,NO APLICA,AUTOMOVIL,NISSAN,MANIZALES,PARTICULAR,NO APLICA
1590,DAÑOS,2020-09-21,2020,11:15,MAÑANA,LUNES,CENTRO,CARRERA 24 CALLE 31-52,URBANA,TECNICO,3.52768,-76.29545,NO APLICA,NO APLICA,NO APLICA,CHOQUE,ADELANTAR EN ZONA PROHIBIDAD,NO APLICA 2020,NO APLICA,CAMIONETA,CHEVROLET,CALI,PARTICULAR,NO APLICA
1591,DAÑOS,2020-09-21,2020,11:15,MAÑANA,LUNES,CENTRO,CARRERA 24 CALLE 31-52,URBANA,TECNICO,3.52768,-76.29545,NO APLICA,NO APLICA,NO APLICA,CHOQUE,ADELANTAR EN ZONA PROHIBIDAD,NO APLICA 2020,NO APLICA,CAMIONETA,JAC,GUACARI,PUBLICO,NO APLICA
1592,DAÑOS,2020-09-22,2020,14:35,TARDE,MARTES,CENTRO,CALLE 31 CARRERA 33A,URBANA,TECNICO,3.52876,-76.3043,NO APLICA,NO APLICA,NO APLICA,CHOQUE,NO ESTAR PENDIENTE DE LA VIA,NO APLICA 2020,NO APLICA,MOTO,YAMAHA,PALMIRA,PARTICULAR,NO APLICA
1593,DAÑOS,2020-09-22,2020,14:35,TARDE,MARTES,CENTRO,CALLE 31 CARRERA 33A,URBANA,TECNICO,3.52876,-76.3043,NO APLICA,NO APLICA,NO APLICA,CHOQUE,NO ESTAR PENDIENTE DE LA VIA,NO APLICA 2020,NO APLICA,AUTOMOVIL,HYUNDAI,PALMIRA,PUBLICO,NO APLICA
1594,HERIDOS,2020-09-22,2020,14:50,TARDE,MARTES,SAN PEDRO,CALLE 34A CARRERA 17,URBANA,TECNICO,3.53004,-76.28865,NO APLICA,NO APLICA,NO APLICA,CHOQUE,DESOBEDECER SEÑALES,NO APLICA 2020,NO APLICA,CAMIONETA,JAC,PALMIRA,PARTICULAR,NO APLICA
1595,HERIDOS,2020-09-22,2020,14:50,TARDE,MARTES,SAN PEDRO,CALLE 34A CARRERA 17,URBANA,TECNICO,3.53004,-76.28865,MOTOCICLISTA,1,NO APLICA,CHOQUE,DESOBEDECER SEÑALES,NO APLICA 2020,PALMIRA,MOTO,JIALING,GUACARI,PARTICULAR,NO APLICA
1596,HERIDOS,2020-09-22,2020,16:30,TARDE,MARTES,TULIPANES,TRASVERSAL 8 DIAGONAL 29,URBANA,TECNICO,3.508,-76.30254,MOTOCICLISTA,1,NO APLICA,CHOQUE,NO ESTAR PENDIENTE DE LA VIA,NO APLICA 2020,PALMA,MOTO,YAMAHA,PALMIRA,PARTICULAR,NO APLICA
1597,HERIDOS,2020-09-22,2020,16:30,TARDE,MARTES,TULIPANES,TRASVERSAL 8 DIAGONAL 29,URBANA,TECNICO,3.508,-76.30254,MOTOCICLISTA,1,NO APLICA,CHOQUE,NO ESTAR PENDIENTE DE LA VIA,NO APLICA 2020,PALMA,MOTO,BAJAJ,FLORIDA,PARTICULAR,NO APLICA
1598,HERIDOS,2020-09-22,2020,16:30,TARDE,MARTES,TULIPANES,TRASVERSAL 8 DIAGONAL 29,URBANA,TECNICO,3.508,-76.30254,ACOMPAÑANTE MOTOCICLISTA,1,NO APLICA,CHOQUE,NO ESTAR PENDIENTE DE LA VIA,NO APLICA 2020,PALMA,NO APLICA,NO APLICA,NO APLICA,NO APLICA,NO APLICA
1599,HERIDOS,2020-09-22,2020,17:30,TARDE,MARTES,DELICIAS,CALLE 27 CARRERA 23,URBANA,TECNICO,3.52387,-76.29507,MOTOCICLISTA,1,NO APLICA,CHOQUE,NO ESTAR PENDIENTE DE LA VIA,NO APLICA 2020,PALMA,MOTO,YAMAHA,FLORIDA,PARTICULAR,NO APLICA
1600,HERIDOS,2020-09-22,2020,17:30,TARDE,MARTES,DELICIAS,CALLE 27 CARRERA 23,URBANA,TECNICO,3.52387,-76.29507,MOTOCICLISTA,1,NO APLICA,CHOQUE,NO ESTAR PENDIENTE DE LA VIA,NO APLICA 2020,PALMA,MOTO,AKT,PALMIRA,PARTICULAR,NO APLICA
1601,DAÑOS,2020-09-22,2020,06:10,MAÑANA,MARTES,INDUSTRIAL,CARRERA 35 CALLE 42,URBANA,TECNICO,3.53896,-76.30654,NO APLICA,NO APLICA,NO APLICA,CHOQUE,PONER EN MARCHA VEHICULO SIN PRECAUCION,NO APLICA 2020,NO APLICA,AUTOMOVIL,CHEVROLET,PEREIRA,PARTICULAR,NO APLICA
1602,DAÑOS,2020-09-22,2020,06:10,MAÑANA,MARTES,INDUSTRIAL,CARRERA 35 CALLE 42,URBANA,TECNICO,3.53896,-76.30654,NO APLICA,NO APLICA,NO APLICA,CHOQUE,PONER EN MARCHA VEHICULO SIN PRECAUCION,NO APLICA 2020,NO APLICA,CAMION,KIA,GUACARI,PUBLICO,NO APLICA
1603,HERIDOS,2020-09-23,2020,15:00,TARDE,MIERCOLES,CENTRO,CARRERA 31 CALLE 29,URBANA,TECNICO,3.52811,-76.29965,MOTOCICLISTA,1,NO APLICA,CHOQUE,SEMAFORO EN ROJO,NO APLICA 2020,PALMA,MOTO,SUZUKI,EL CERRITO,PARTICULAR,NO APLICA
1604,HERIDOS,2020-09-23,2020,15:00,TARDE,MIERCOLES,CENTRO,CARRERA 31 CALLE 29,URBANA,TECNICO,3.52811,-76.29965,NO APLICA,NO APLICA,NO APLICA,CHOQUE,SEMAFORO EN ROJO,NO APLICA 2020,NO APLICA,AUTOMOVIL,RENAULT,YUMBO,PARTICULAR,NO APLICA
1605,HERIDOS,2020-09-23,2020,15:00,TARDE,MIERCOLES,CENTRO,CARRERA 31 CALLE 29,URBANA,TECNICO,3.52811,-76.29965,ACOMPAÑANTE MOTOCICLISTA,1,NO APLICA,CHOQUE,SEMAFORO EN ROJO,NO APLICA 2020,PALMA,NO APLICA,NO APLICA,NO APLICA,NO APLICA,NO APLICA
1606,DAÑOS,2020-09-23,2020,15:30,TARDE,MIERCOLES,BIZERTA,CALLE 37 CARRERA 22,URBANA,TECNICO,3.53299,-76.293,NO APLICA,NO APLICA,NO APLICA,CHOQUE,DESOBEDECER SEÑALES,NO APLICA 2020,NO APLICA,AUTOMOVIL,KIA,PALMIRA,PUBLICO,NO APLICA
1607,DAÑOS,2020-09-23,2020,15:30,TARDE,MIERCOLES,BIZERTA,CALLE 37 CARRERA 22,URBANA,TECNICO,3.53299,-76.293,NO APLICA,NO APLICA,NO APLICA,CHOQUE,DESOBEDECER SEÑALES,NO APLICA 2020,NO APLICA,AUTOMOVIL,RENAULT,PALMIRA,PARTICULAR,NO APLICA
1608,HERIDOS,2020-09-21,2020,00:10,MADRUGADA,LUNES,BUENOS AIRES,CALLE 35 CARRERA 5EB,URBANA,TECNICO,3.53148,-76.27415,MOTOCICLISTA,1,NO APLICA,CHOQUE,DESOBEDECER SEÑALES,NO APLICA 2020,RAUL,MOTO,SUZUKI,TULUA,PARTICULAR,NO APLICA
1609,HERIDOS,2020-09-23,2020,18:50,NOCHE,MIERCOLES,RIVERA ESCOBAR,CALLE 31 CARRERA 35,URBANA,TECNICO,3.52898,-76.30576,NO APLICA,NO APLICA,NO APLICA,CHOQUE,SEMAFORO EN ROJO,NO APLICA 2020,NO APLICA,MOTO,YAMAHA,GUACARI,PARTICULAR,NO APLICA
1610,HERIDOS,2020-09-23,2020,18:50,NOCHE,MIERCOLES,RIVERA ESCOBAR,CALLE 31 CARRERA 35,URBANA,TECNICO,3.52898,-76.30576,CICLISTA,1,NO APLICA,CHOQUE,SEMAFORO EN ROJO,NO APLICA 2020,PALMIRA,BICICLETA,NO APLICA,NO APLICA,PARTICULAR,NO APLICA
1611,HERIDOS,2020-09-24,2020,14:45,TARDE,JUEVES,OBRERO,CALE 37CARRERA 26,URBANA,TECNICO,3.53333,-76.29616,MOTOCICLISTA,1,NO APLICA,CHOQUE,DESOBEDECER SEÑALES,NO APLICA 2020,PALMA,MOTO,HONDA,FLORIDA,PARTICULAR,NO APLICA
1612,HERIDOS,2020-09-24,2020,14:45,TARDE,JUEVES,OBRERO,CALE 37CARRERA 26,URBANA,TECNICO,3.53333,-76.29616,MOTOCICLISTA,1,NO APLICA,CHOQUE,DESOBEDECER SEÑALES,NO APLICA 2020,RAUL,MOTO,HONDA,FLORIDA,PARTICULAR,NO APLICA
1613,MUERTO,2020-09-25,2020,21:50,NOCHE,VIERNES,CENTRO POBLADO GUANABANAL,CARRERA 10 N 2-26,RURAL,TECNICO,3.48507,-76.4225,MOTOCICLISTA,NO APLICA,1,CHOQUE,POR ESTABLECER,NO APLICA 2020,NO APLICA,MOTO,HONDA,BUGA,PARTICULAR,NO APLICA