,GRAVEDAD,FECHA,AÑO,HORA,JORNADA,DIA_SEMANA,BARRIO-CORREGIMIENTO-VIA,DIRECCION,ZONA,AUTORIDAD,LAT,LONG,CONDICION_VICTIMA,LESIONADO,HOMICIDIOS,TIPO_ACCIDENTE,HIPOTESIS,GENERO,CLINICA,CLASE_VEHICULO,MARCA,MATRICULA,TIPO DE SERVICIO,EMPRESA
1614,HERIDOS,2020-09-24,2020,19:15,NOCHE,JUEVES,TRINIDAD,CALLE 28 CARRERA 23,URBANA,TECNICO,3.52473,-76.295,MOTOCICLISTA,1,NO APLICA,CHOQUE,DESOBEDECER SEÑALES,NO APLICA 2020,PALMA,MOTO,KIMCO,PALMIRA,PARTICULAR,NO APLICA
1615,HERIDOS,2020-09-24,2020,19:15,NOCHE,JUEVES,TRINIDAD,CALLE 28 CARRERA 23,URBANA,TECNICO,3.52473,-76.295,NO APLICA,NO APLICA,NO APLICA,CHOQUE,DESOBEDECER SEÑALES,NO APLICA 2020,NO APLICA,AUTOMOVIL,RENAULT,PALMIRA,PARTICULAR,NO APLICA
1616,HERIDOS,2020-09-24,2020,15:00,TARDE,JUEVES,SEMBRADOR,CARRERA 19 CALLE 21,URBANA,TECNICO,3.51881,-76.29094,NO APLICA,NO APLICA,NO APLICA,ATROPELLO,CRUZAR SIN OBSERVAR,NO APLICA 2020,NO APLICA,MOTO,YAMAHA,BOGOTA,PARTICULAR,NO APLICA
1617,HERIDOS,2020-09-24,2020,15:00,TARDE,JUEVES,SEMBRADOR,CARRERA 19 CALLE 21,URBANA,TECNICO,3.51881,-76.29094,PEATON,1,NO APLICA,ATROPELLO,CRUZAR SIN OBSERVAR,NO APLICA 2020,RAUL,NO APLICA,NO APLICA,NO APLICA,NO APLICA,NO APLICA
1618,HERIDOS,2020-09-25,2020,15:00,TARDE,VIERNES,INDUSTRIAL,CALLE 42 CARRERA 35 NORTE,URBANA,TECNICO,3.53899,-76.30662,NO APLICA,NO APLICA,NO APLICA,CHOQUE,LLEVAR ELEMENTO QUE INCOMEDEN LA VISIBILIDAD,NO APLICA 2020,NO APLICA,AUTOMOVIL,KIA,PALMIRA,PARTICULAR,NO APLICA
1619,HERIDOS,2020-09-25,2020,15:00,TARDE,VIERNES,INDUSTRIAL,CALLE 42 CARRERA 35 NORTE,URBANA,TECNICO,3.53899,-76.30662,MOTOCICLISTA,1,NO APLICA,CHOQUE,LLEVAR ELEMENTO QUE INCOMEDEN LA VISIBILIDAD,NO APLICA 2020,FRACTURAS,MOTO,HONDA,ROLDANILLO,PARTICULAR,NO APLICA
1620,HERIDOS,2020-09-25,2020,14:45,TARDE,VIERNES,ALAMEDA,CALLE 70 CARRERA 26,URBANA,TECNICO,3.55663,-76.28854,MOTOCICLISTA,1,NO APLICA,CHOQUE,DESOBEDECER SEÑALES,NO APLICA 2020,PALMA,MOTO,SUZUKI,PALMIRA,PARTICULAR,NO APLICA
1621,HERIDOS,2020-09-25,2020,14:45,TARDE,VIERNES,ALAMEDA,CALLE 70 CARRERA 26,URBANA,TECNICO,3.55663,-76.28854,MOTOCICLISTA,1,NO APLICA,CHOQUE,DESOBEDECER SEÑALES,NO APLICA 2020,PALMA,MOTO,AKT,GUACARI,PARTICULAR,NO APLICA
1622,DAÑOS,2020-09-25,2020,16:20,TARDE,VIERNES,SAMANES,CALLE 47 CARRERA 28,URBANA,TECNICO,3.54223,-76.2966,NO APLICA,NO APLICA,NO APLICA,CHOQUE,TRANSITAR ENTRE VEHICULOS,NO APLICA 2020,NO APLICA,CAMIONETA,NISSAN,PALMIRA,PARTICULAR,NO APLICA
1623,DAÑOS,2020-09-25,2020,16:20,TARDE,VIERNES,SAMANES,CALLE 47 CARRERA 28,URBANA,TECNICO,3.54223,-76.2966,NO APLICA,NO APLICA,NO APLICA,CHOQUE,TRANSITAR ENTRE VEHICULOS,NO APLICA 2020,NO APLICA,MOTO,HONDA,CALI,PARTICULAR,NO APLICA
1624,DAÑOS,2020-09-25,2020,16:20,TARDE,VIERNES,SAMANES,CALLE 47 CARRERA 28,URBANA,TECNICO,3.54223,-76.2966,NO APLICA,NO APLICA,NO APLICA,CHOQUE,TRANSITAR ENTRE VEHICULOS,NO APLICA 2020,NO APLICA,AUTOMOVIL,KIA,FUNZA,PARTICULAR,NO APLICA
1625,DAÑOS,2020-09-26,2020,11:00,MAÑANA,SABADO,BERLIN,CALLE 43A CARRERA 29,URBANA,TECNICO,3.53902,-76.29784,NO APLICA,NO APLICA,NO APLICA,CHOQUE,PONER EN MARCHA VEHICULO SIN PRECAUCION,NO APLICA 2020,NO APLICA,AUTOMOVIL,CHEVROLET,BOGOTA,PARTICULAR,NO APLICA
1626,DAÑOS,2020-09-26,2020,11:00,MAÑANA,SABADO,BERLIN,CALLE 43A CARRERA 29,URBANA,TECNICO,3.53902,-76.29784,NO APLICA,NO APLICA,NO APLICA,CHOQUE,PONER EN MARCHA VEHICULO SIN PRECAUCION,NO APLICA 2020,NO APLICA,CAMIONETA,CHEVROLET,CALI,PARTICULAR,NO APLICA
1627,DAÑOS,2020-09-26,2020,06:10,MAÑANA,SABADO,OLIMPICO,CALLE23 CARRERA 36A,URBANA,TECNICO,3.52169,-76.30859,NO APLICA,NO APLICA,NO APLICA,CHOQUE,NO RESPETAR PRELACION,NO APLICA 2020,NO APLICA,CAMION,INTERNATIONAL,GUACARI,PUBLICO,NO APLICA
1628,DAÑOS,2020-09-26,2020,06:10,MAÑANA,SABADO,OLIMPICO,CALLE23 CARRERA 36A,URBANA,TECNICO,3.52169,-76.30859,NO APLICA,NO APLICA,NO APLICA,CHOQUE,NO RESPETAR PRELACION,NO APLICA 2020,NO APLICA,AUTOMOVIL,CHEVROLET,CALI,PARTICULAR,NO APLICA
1629,DAÑOS,2020-09-26,2020,17:50,TARDE,SABADO,URIBE,CARRERA23 CALLE 34,URBANA,TECNICO,3.53056,-76.29412,NO APLICA,NO APLICA,NO APLICA,CHOQUE,DESOBEDECER SEÑALES,NO APLICA 2020,NO APLICA,AUTOMOVIL,KIA,PALMIRA,PUBLICO,COOP TRANS PALMERAS
1630,DAÑOS,2020-09-26,2020,17:50,TARDE,SABADO,URIBE,CARRERA23 CALLE 34,URBANA,TECNICO,3.53056,-76.29412,NO APLICA,NO APLICA,NO APLICA,CHOQUE,DESOBEDECER SEÑALES,NO APLICA 2020,NO APLICA,CAMIONETA,NISSAN,CALI,PARTICULAR,NO APLICA
1631,DAÑOS,2020-09-25,2020,06:00,MAÑANA,VIERNES,INDUSTRIAL,CALLE 42 CARRERA 35 NORTE,URBANA,TECNICO,3.539,-76.30667,NO APLICA,NO APLICA,NO APLICA,CHOQUE,GIRAR BRUSCAMENTE,NO APLICA 2020,NO APLICA,CAMIONETA,HYUNDAI,PALMIRA,PARTICULAR,NO APLICA
1632,DAÑOS,2020-09-25,2020,06:00,MAÑANA,VIERNES,INDUSTRIAL,CALLE 42 CARRERA 35 NORTE,URBANA,TECNICO,3.539,-76.30667,NO APLICA,NO APLICA,NO APLICA,CHOQUE,GIRAR BRUSCAMENTE,NO APLICA 2020,NO APLICA,CAMPERO,KIA,EL CERRITO,PARTICULAR,NO APLICA
1633,DAÑOS,2020-09-25,2020,09:30,MAÑANA,VIERNES,CENTRO,CALLE 31 CARRERA 29-14,URBANA,TECNICO,3.52809,-76.30004,NO APLICA,NO APLICA,NO APLICA,CHOQUE,NO ESTAR PENDIENTE DE LA VIA,NO APLICA 2020,NO APLICA,CAMIONETA,MAZDA,EL CERRITO,PARTICULAR,NO APLICA
1634,DAÑOS,2020-09-25,2020,09:30,MAÑANA,VIERNES,CENTRO,CALLE 31 CARRERA 29-14,URBANA,TECNICO,3.52809,-76.30004,NO APLICA,NO APLICA,NO APLICA,CHOQUE,NO ESTAR PENDIENTE DE LA VIA,NO APLICA 2020,NO APLICA,MOTO,HONDA,PRADERA,PARTICULAR,NO APLICA
1635,HERIDOS,2020-09-25,2020,11:30,MAÑANA,VIERNES,SANTA RITA,CALLE 33 CARRERA 26,URBANA,TECNICO,3.53008,-76.29667,MOTOCICLISTA,1,NO APLICA,CHOQUE,DESOBEDECER SEÑALES,NO APLICA 2020,PALMIRA,MOTO,KIMCO,PALMIRA,PARTICULAR,NO APLICA
1636,HERIDOS,2020-09-25,2020,11:30,MAÑANA,VIERNES,SANTA RITA,CALLE 33 CARRERA 26,URBANA,TECNICO,3.53008,-76.29667,MOTOCICLISTA,1,NO APLICA,CHOQUE,DESOBEDECER SEÑALES,NO APLICA 2020,PALMIRA,MOTO,KIMCO,PALMIRA,PARTICULAR,NO APLICA
1637,HERIDOS,2020-09-25,2020,11:30,MAÑANA,VIERNES,SANTA RITA,CALLE 33 CARRERA 26,URBANA,TECNICO,3.53008,-76.29667,ACOMPAÑANTE MOTOCICLISTA,1,NO APLICA,CHOQUE,DESOBEDECER SEÑALES,NO APLICA 2020,PALMIRA,NO APLICA,NO APLICA,NO APLICA,NO APLICA,NO APLICA
1638,HERIDOS,2020-09-27,2020,16:50,TARDE,DOMINGO,VIA TIENDA NUEVA POTRERILLO,KM 1,RURAL,TECNICO,3.54365,-76.27109,NO APLICA,NO APLICA,NO APLICA,CHOQUE,NO MANTENER DISTANCIA DE SEGURIDAD,NO APLICA 2020,NO APLICA,AUTOMOVIL,KIA,CALI,PARTICULAR,NO APLICA
1639,HERIDOS,2020-09-27,2020,16:50,TARDE,DOMINGO,VIA TIENDA NUEVA POTRERILLO,KM 1,RURAL,TECNICO,3.54365,-76.27109,NO APLICA,NO APLICA,NO APLICA,CHOQUE,NO MANTENER DISTANCIA DE SEGURIDAD,NO APLICA 2020,NO APLICA,CAMPERO,AMERICAN,ANTIOQUIA,PARTICULAR,NO APLICA
1640,DAÑOS,2020-09-27,2020,16:10,TARDE,DOMINGO,MERCEDES,CALLE 59 CARRERA 26,URBANA,TECNICO,3.5493,-76.29063,NO APLICA,NO APLICA,NO APLICA,CHOQUE,DESOBEDECER SEÑALES,NO APLICA 2020,NO APLICA,CAMIONETA,KIA,PALMIRA,PARTICULAR,NO APLICA
1641,DAÑOS,2020-09-27,2020,16:10,TARDE,DOMINGO,MERCEDES,CALLE 59 CARRERA 26,URBANA,TECNICO,3.5493,-76.29063,NO APLICA,NO APLICA,NO APLICA,CHOQUE,DESOBEDECER SEÑALES,NO APLICA 2020,NO APLICA,MOTO,HONDA,GUACARI,PARTICULAR,NO APLICA
1642,DAÑOS,2020-09-27,2020,10:00,MAÑANA,DOMINGO,SESQUI,CALLE 11 CARRERA 28S,URBANA,TECNICO,3.5104,-76.30071,NO APLICA,NO APLICA,NO APLICA,CHOQUE,GIRAR BRUSCAMENTE,NO APLICA 2020,NO APLICA,MOTO,HONDA,CALI,PARTICULAR,NO APLICA
1643,DAÑOS,2020-09-27,2020,10:00,MAÑANA,DOMINGO,SESQUI,CALLE 11 CARRERA 28S,URBANA,TECNICO,3.5104,-76.30071,NO APLICA,NO APLICA,NO APLICA,CHOQUE,GIRAR BRUSCAMENTE,NO APLICA 2020,NO APLICA,AUTOMOVIL,CHEVROLET,PALMIRA,PARTICULAR,NO APLICA
1644,HERIDOS,2020-09-28,2020,05:40,MADRUGADA,LUNES,CAMPESTRE,CALLE 42 CARRERA 1,URBANA,TECNICO,3.53651,-76.2776,MOTOCICLISTA,1,NO APLICA,VOLCAMIENTO,PERDIDA DEL CONTROL,NO APLICA 2020,PALMA,MOTO,YAMAHA,PRADERA,PARTICULAR,NO APLICA
1645,HERIDOS,2020-09-28,2020,05:40,MADRUGADA,LUNES,CAMPESTRE,CALLE 42 CARRERA 1,URBANA,TECNICO,3.53651,-76.2776,ACOMPAÑANTE MOTOCICLISTA,1,NO APLICA,VOLCAMIENTO,PERDIDA DEL CONTROL,NO APLICA 2020,PALMA,NO APLICA,NO APLICA,NO APLICA,NO APLICA,NO APLICA
1646,DAÑOS,2020-09-28,2020,08:15,MAÑANA,LUNES,SESQUI,CARRERA 32 CALLE 10,URBANA,TECNICO,3.50956,-76.30772,NO APLICA,NO APLICA,NO APLICA,CHOQUE,ARRANCAR SIN PRECAUCION,NO APLICA 2020,NO APLICA,AUTOMOVIL,RENAULT,PALMIRA,PARTICULAR,NO APLICA
1647,DAÑOS,2020-09-28,2020,08:15,MAÑANA,LUNES,SESQUI,CARRERA 32 CALLE 10,URBANA,TECNICO,3.50956,-76.30772,NO APLICA,NO APLICA,NO APLICA,CHOQUE,ARRANCAR SIN PRECAUCION,NO APLICA 2020,NO APLICA,AUTOMOVIL,MAZDA,PEREIRA,PARTICULAR,NO APLICA
1648,DAÑOS,2020-09-28,2020,18:40,NOCHE,LUNES,URIBE,CARRERA 22 CALLE 34-52,URBANA,TECNICO,3.531,-76.29331,NO APLICA,NO APLICA,NO APLICA,CHOQUE,NO ESTAR PENDIENTE DE LA VIA,NO APLICA 2020,NO APLICA,AUTOMOVIL,RENAULT,CALI,PARTICULAR,NO APLICA
1649,DAÑOS,2020-09-28,2020,18:40,NOCHE,LUNES,URIBE,CARRERA 22 CALLE 34-52,URBANA,TECNICO,3.531,-76.29331,NO APLICA,NO APLICA,NO APLICA,CHOQUE,NO ESTAR PENDIENTE DE LA VIA,NO APLICA 2020,NO APLICA,MOTO,HONDA,PALMIRA,PARTICULAR,NO APLICA
1650,DAÑOS,2020-09-28,2020,13:30,TARDE,LUNES,COLOMBIA,CARRERA 32 CALLE 33,URBANA,TECNICO,3.5309,-76.30203,NO APLICA,NO APLICA,NO APLICA,CHOQUE,NO ESTAR PENDIENTE DE LA VIA,NO APLICA 2020,NO APLICA,AUTOMOVIL,HYUNDAI,PALMIRA,PUBLICO,NO APLICA
1651,DAÑOS,2020-09-28,2020,13:30,TARDE,LUNES,COLOMBIA,CARRERA 32 CALLE 33,URBANA,TECNICO,3.5309,-76.30203,NO APLICA,NO APLICA,NO APLICA,CHOQUE,NO ESTAR PENDIENTE DE LA VIA,NO APLICA 2020,NO APLICA,MOTO,YAMAHA,BUENAVENTURA,PARTICULAR,NO APLICA
1652,HERIDOS,2020-09-30,2020,13:00,TARDE,MIERCOLES,COLOMBIA,CALLE 35 CARRERA 32,URBANA,TECNICO,3.53249,-76.3017,MOTOCICLISTA,1,NO APLICA,CHOQUE,DESOBEDECER SEÑALES,NO APLICA 2020,PALMIRA,MOTO,JIALING,GUACARI,PARTICULAR,NO APLICA
1653,HERIDOS,2020-09-30,2020,13:00,TARDE,MIERCOLES,COLOMBIA,CALLE 35 CARRERA 32,URBANA,TECNICO,3.53249,-76.3017,NO APLICA,NO APLICA,NO APLICA,CHOQUE,DESOBEDECER SEÑALES,NO APLICA 2020,NO APLICA,AUTOMOVIL,RENAULT,CALI,PARTICULAR,NO APLICA
1654,HERIDOS,2020-09-29,2020,19:10,NOCHE,MARTES,CENTRO,CALLE 28 CARRERA 33,URBANA,TECNICO,3.52594,-76.30346,MOTOCICLISTA,1,NO APLICA,CHOQUE,DESOBEDECER SEÑALES,NO APLICA 2020,PALMIRA,MOTO,HONDA,GUACARI,PARTICULAR,NO APLICA
1655,HERIDOS,2020-09-29,2020,19:10,NOCHE,MARTES,CENTRO,CALLE 28 CARRERA 33,URBANA,TECNICO,3.52594,-76.30346,NO APLICA,NO APLICA,NO APLICA,CHOQUE,DESOBEDECER SEÑALES,NO APLICA 2020,NO APLICA,MOTO,BAJAJ,FLORIDA,PARTICULAR,NO APLICA
1656,HERIDOS,2020-09-29,2020,19:10,NOCHE,MARTES,CENTRO,CALLE 28 CARRERA 33,URBANA,TECNICO,3.52594,-76.30346,ACOMPAÑANTE MOTOCICLISTA,1,NO APLICA,CHOQUE,DESOBEDECER SEÑALES,NO APLICA 2020,PALMIRA,NO APLICA,NO APLICA,NO APLICA,NO APLICA,NO APLICA
1657,HERIDOS,2020-09-29,2020,20:50,NOCHE,MARTES,SAN CAYETANO,CARRERA 23 CALLE 39,URBANA,TECNICO,3.52552,-76.29489,MOTOCICLISTA,1,NO APLICA,CHOQUE,DESOBEDECER SEÑALES,NO APLICA 2020,PALMA,MOTO,SUZUKI,FLORIDA,PARTICULAR,NO APLICA
1658,HERIDOS,2020-09-29,2020,20:50,NOCHE,MARTES,SAN CAYETANO,CARRERA 23 CALLE 39,URBANA,TECNICO,3.52552,-76.29489,CONDUCTOR,1,NO APLICA,CHOQUE,DESOBEDECER SEÑALES,NO APLICA 2020,PALMA,AUTOMOVIL,RENAULT,CALI,PARTICULAR,NO APLICA
1659,HERIDOS,2020-09-28,2020,03:45,MADRUGADA,LUNES,MIRRIÑAO,CARRERA 28 CALLE 52-53,URBANA,TECNICO,3.54569,-76.29611,MOTOCICLISTA,1,NO APLICA,VOLCAMIENTO,EMBRIAGUEZ,NO APLICA 2020,RAUL,MOTO,HONDA,MONTERIA,PARTICULAR,NO APLICA
1660,DAÑOS,2020-09-30,2020,14:00,TARDE,MIERCOLES,RIVERA ESCOBAR,CALLE 31 CARRERA 34-18,URBANA,TECNICO,3.52877,-76.30447,NO APLICA,NO APLICA,NO APLICA,CHOQUE,NO ESTAR PENDIENTE DE LA VIA,NO APLICA 2020,NO APLICA,CAMIONETA,NISSAN,BOGOTA,PARTICULAR,NO APLICA
1661,DAÑOS,2020-09-30,2020,14:00,TARDE,MIERCOLES,RIVERA ESCOBAR,CALLE 31 CARRERA 34-18,URBANA,TECNICO,3.52877,-76.30447,NO APLICA,NO APLICA,NO APLICA,CHOQUE,NO ESTAR PENDIENTE DE LA VIA,NO APLICA 2020,NO APLICA,AUTOMOVIL,SUZUKI,BUGA,PARTICULAR,NO APLICA
1662,DAÑOS,2020-09-30,2020,14:00,TARDE,MIERCOLES,RIVERA ESCOBAR,CALLE 31 CARRERA 34-18,URBANA,TECNICO,3.52877,-76.30447,NO APLICA,NO APLICA,NO APLICA,CHOQUE,NO ESTAR PENDIENTE DE LA VIA,NO APLICA 2020,NO APLICA,AUTOMOVIL,CHEVROLET,CALI,PARTICULAR,NO APLICA
1663,DAÑOS,2020-09-30,2020,12:30,TARDE,MIERCOLES,MUNICIPAL,CALLE 32A CARRERA 1-05,URBANA,TECNICO,3.52782,-76.27741,NO APLICA,NO APLICA,NO APLICA,CHOQUE,ADELANTAR INVADIENDO CARRIL,NO APLICA 2020,NO APLICA,MOTO,YAMAHA,GIUACARI,PARTICULAR,NO APLICA
1664,DAÑOS,2020-09-30,2020,12:30,TARDE,MIERCOLES,MUNICIPAL,CALLE 32A CARRERA 1-05,URBANA,TECNICO,3.52782,-76.27741,NO APLICA,NO APLICA,NO APLICA,CHOQUE,ADELANTAR INVADIENDO CARRIL,NO APLICA 2020,NO APLICA,MOTO,YAMAHA,PRADERA,PARTICULAR,NO APLICA
1665,DAÑOS,2020-10-01,2020,15:00,TARDE,JUEVES,CENTRO,CARRERA 33A CALLE 29-30,URBANA,TECNICO,3.52697,-76.3044,NO APLICA,NO APLICA,NO APLICA,CHOQUE,NO ESTAR PENDIENTE DE LA VIA,NO APLICA 2020,NO APLICA,AUTOMOVIL,HYUNDAI,PALMIRA,PUBLICO,FLOTA PALMIRA
1666,DAÑOS,2020-10-01,2020,15:00,TARDE,JUEVES,CENTRO,CARRERA 33A CALLE 29-30,URBANA,TECNICO,3.52697,-76.3044,NO APLICA,NO APLICA,NO APLICA,CHOQUE,NO ESTAR PENDIENTE DE LA VIA,NO APLICA 2020,NO APLICA,MOTO,HONDA,FLORIDA,PARTICULAR,NO APLICA
1667,HERIDOS,2020-10-01,2020,17:30,TARDE,JUEVES,PRADO,CALLE 42 CARRERA 44-41 NORTE,URBANA,TECNICO,3.53888,-76.31401,NO APLICA,NO APLICA,NO APLICA,ATROPELLO,CRUZAR SIN OBSERVAR,NO APLICA 2020,NO APLICA,AUTOMOVIL,CHEVROLET,EL CERRITO,PARTICULAR,NO APLICA
1668,HERIDOS,2020-10-01,2020,17:30,TARDE,JUEVES,PRADO,CALLE 42 CARRERA 44-41 NORTE,URBANA,TECNICO,3.53888,-76.31401,PEATON,1,NO APLICA,ATROPELLO,CRUZAR SIN OBSERVAR,NO APLICA 2020,PALMA,NO APLICA,NO APLICA,NO APLICA,NO APLICA,NO APLICA
1669,HERIDOS,2020-10-02,2020,13:20,TARDE,VIERNES,COLOMBINA,CALLE 30 CARRERA 18,URBANA,TECNICO,3.52591,-76.29051,NO APLICA,NO APLICA,NO APLICA,CHOQUE,SEMAFORO EN ROJO,NO APLICA 2020,NO APLICA,CAMION,MAZDA,ANDALUCIA,PARTICULAR,NO APLICA
1670,HERIDOS,2020-10-02,2020,13:20,TARDE,VIERNES,COLOMBINA,CALLE 30 CARRERA 18,URBANA,TECNICO,3.52591,-76.29051,MOTOCICLISTA,1,NO APLICA,CHOQUE,SEMAFORO EN ROJO,NO APLICA 2020,PALMIRA,MOTO,HONDA,GUACARI,PARTICULAR,NO APLICA
1671,DAÑOS,2020-10-01,2020,13:00,TARDE,JUEVES,CENTRO,CALLE 31 CARRERA 28,URBANA,TECNICO,3.52796,-76.29881,NO APLICA,NO APLICA,NO APLICA,OTRO,CON CALCULAR LA ALTURA,NO APLICA 2020,NO APLICA,CAMION,MERCEDES BENZ,CUNDINAMARCA,PUBLICO,NO APLICA
1672,DAÑOS,2020-10-01,2020,10:40,MAÑANA,JUEVES,VIA PALMIRA GUAYABAL,KM 9,RURAL,TECNICO,3.54459,-76.26698,NO APLICA,NO APLICA,NO APLICA,CHOQUE,ADELANTAR LINEA CONTINUA,NO APLICA 2020,NO APLICA,AUTOMOVIL,RENAULT,PALMIRA,PARTICULAR,NO APLICA
1673,DAÑOS,2020-10-01,2020,10:40,MAÑANA,JUEVES,VIA PALMIRA GUAYABAL,KM 9,RURAL,TECNICO,3.54459,-76.26698,NO APLICA,NO APLICA,NO APLICA,CHOQUE,ADELANTAR LINEA CONTINUA,NO APLICA 2020,NO APLICA,MOTO,SUZUKI,PALMIRA,PARTICULAR,NO APLICA
1674,HERIDOS,2020-10-02,2020,08:30,MAÑANA,VIERNES,CENTRO,CALLE 27 CARRERA 33,URBANA,TECNICO,3.52506,-76.30357,NO APLICA,NO APLICA,NO APLICA,CHOQUE,DESOBEDECER SEÑALES,NO APLICA 2020,NO APLICA,MOTO,SUZUKI,GUACARI,PARTICULAR,NO APLICA
1675,HERIDOS,2020-10-02,2020,08:30,MAÑANA,VIERNES,CENTRO,CALLE 27 CARRERA 33,URBANA,TECNICO,3.52506,-76.30357,MOTOCICLISTA,1,NO APLICA,CHOQUE,DESOBEDECER SEÑALES,NO APLICA 2020,PALMA,MOTO,BAJAJ,FLORIDA,PARTICULAR,NO APLICA
1676,HERIDOS,2020-10-03,2020,07:50,MAÑANA,SABADO,ALTAMIRA,CALLE 47 CARRERA 27,URBANA,TECNICO,3.54209,-76.29559,MOTOCICLISTA,1,NO APLICA,CHOQUE,SEMAFORO EN ROJO,NO APLICA 2020,PALMA,MOTO,HERO,FLORIDA,PARTICULAR,NO APLICA
1677,HERIDOS,2020-10-03,2020,07:50,MAÑANA,SABADO,ALTAMIRA,CALLE 47 CARRERA 27,URBANA,TECNICO,3.54209,-76.29559,NO APLICA,NO APLICA,NO APLICA,CHOQUE,SEMAFORO EN ROJO,NO APLICA 2020,NO APLICA,CAMIONETA,FORD,BUGA,PARTICULAR,NO APLICA
1678,HERIDOS,2020-10-03,2020,10:10,MAÑANA,SABADO,RESERVAS ZAMORANO,CARRERA 34 CALLE 60 A,URBANA,TECNICO,3.55121,-76.3043,NO APLICA,NO APLICA,NO APLICA,CHOQUE,NO ESTAR PENDIENTE DE LA VIA,NO APLICA 2020,NO APLICA,AUTOMOVIL,KIA,PALMIRA,PUBLICO,COOP TRANS PALMERAS
1679,HERIDOS,2020-10-03,2020,10:10,MAÑANA,SABADO,RESERVAS ZAMORANO,CARRERA 34 CALLE 60 A,URBANA,TECNICO,3.55121,-76.3043,NO APLICA,NO APLICA,NO APLICA,CHOQUE,NO ESTAR PENDIENTE DE LA VIA,NO APLICA 2020,NO APLICA,MOTO,YAMAHA,FLORIDA,PARTICULAR,NO APLICA
1680,HERIDOS,2020-10-03,2020,10:10,MAÑANA,SABADO,RESERVAS ZAMORANO,CARRERA 34 CALLE 60 A,URBANA,TECNICO,3.55121,-76.3043,ACOMPAÑANTE MOTOCICLISTA,1,NO APLICA,CHOQUE,NO ESTAR PENDIENTE DE LA VIA,NO APLICA 2020,PALMA,NO APLICA,NO APLICA,NO APLICA,NO APLICA,NO APLICA
1681,HERIDOS,2020-10-03,2020,11:30,MAÑANA,SABADO,NIÑO POBRE,CALLE 28 CARRERA 20-73,URBANA,TECNICO,3.52443,-76.29203,NO APLICA,NO APLICA,NO APLICA,CHOQUE,EMBRIAGUEZ,NO APLICA 2020,NO APLICA,AUTOMOVIL,MAZDA,BUGA,PARTICULAR,NO APLICA
1682,HERIDOS,2020-10-03,2020,11:30,MAÑANA,SABADO,NIÑO POBRE,CALLE 28 CARRERA 20-73,URBANA,TECNICO,3.52443,-76.29203,MOTOCICLISTA,1,NO APLICA,CHOQUE,EMBRIAGUEZ,NO APLICA 2020,PALMIRA,MOTO,SUZUKI,PRADERA,PARTICULAR,NO APLICA
1683,HERIDOS,2020-10-03,2020,11:30,MAÑANA,SABADO,NIÑO POBRE,CALLE 28 CARRERA 20-73,URBANA,TECNICO,3.52443,-76.29203,ACOMPAÑANTE MOTOCICLISTA,1,NO APLICA,CHOQUE,EMBRIAGUEZ,NO APLICA 2020,PALMIRA,NO APLICA,NO APLICA,NO APLICA,NO APLICA,NO APLICA
1684,DAÑOS,2020-10-03,2020,16:00,TARDE,SABADO,MERCEDES,CALLE 58 CARRERA 27,URBANA,TECNICO,3.54884,-76.29216,NO APLICA,NO APLICA,NO APLICA,CHOQUE,DESOBEDECER SEÑALES,NO APLICA 2020,NO APLICA,CAMIONETA,SSANGYONG,PALMIRA,PARTICULAR,NO APLICA
1685,DAÑOS,2020-10-03,2020,16:00,TARDE,SABADO,MERCEDES,CALLE 58 CARRERA 27,URBANA,TECNICO,3.54884,-76.29216,NO APLICA,NO APLICA,NO APLICA,CHOQUE,DESOBEDECER SEÑALES,NO APLICA 2020,NO APLICA,CAMIONETA,MAZDA,CALI,PARTICULAR,NO APLICA
1686,HERIDOS,2020-10-03,2020,15:30,TARDE,SABADO,JARDIN,CARRERA 1 CALLE 33-39,URBANA,TECNICO,3.52846,-76.27735,NO APLICA,NO APLICA,NO APLICA,CHOQUE,NO MANTENER DISTANCIA DE SEGURIDAD,NO APLICA 2020,NO APLICA,AUTOMOVIL,NISSAN,FUNZA,PARTICULAR,NO APLICA
1687,HERIDOS,2020-10-03,2020,15:30,TARDE,SABADO,JARDIN,CARRERA 1 CALLE 33-39,URBANA,TECNICO,3.52846,-76.27735,MOTOCICLISTA,1,NO APLICA,CHOQUE,NO MANTENER DISTANCIA DE SEGURIDAD,NO APLICA 2020,FRACTURAS,MOTO,HONDA,FLORIDA,PARTICULAR,NO APLICA
1688,DAÑOS,2020-10-03,2020,17:30,TARDE,SABADO,VIA PALMIRA TABLONES,KM 10,RURAL,TECNICO,3.54607,-76.26444,NO APLICA,NO APLICA,NO APLICA,CHOQUE,NO ESTAR PENDIENTE DE LA VIA,NO APLICA 2020,NO APLICA,CAMIONETA,TOYOTA,EL CERRITO,PARTICULAR,NO APLICA
1689,DAÑOS,2020-10-03,2020,17:30,TARDE,SABADO,VIA PALMIRA TABLONES,KM 10,RURAL,TECNICO,3.54607,-76.26444,NO APLICA,NO APLICA,NO APLICA,CHOQUE,NO ESTAR PENDIENTE DE LA VIA,NO APLICA 2020,NO APLICA,MOTO,YAMAHA,CANDELARIA,PARTICULAR,NO APLICA
1690,DAÑOS,2020-10-04,2020,15:40,TARDE,DOMINGO,SANTA MARIA,CALLE 44 CARRERA 3,URBANA,TECNICO,3.54047,-76.28053,NO APLICA,NO APLICA,NO APLICA,CHOQUE,ADELANTAR ZONA PROHIBIDAD,NO APLICA 2020,NO APLICA,MOTO,HONDA,FLORIDA,PARTICULAR,NO APLICA