,GRAVEDAD,FECHA,AÑO,HORA,JORNADA,DIA_SEMANA,BARRIO-CORREGIMIENTO-VIA,DIRECCION,ZONA,AUTORIDAD,LAT,LONG,CONDICION_VICTIMA,LESIONADO,HOMICIDIOS,TIPO_ACCIDENTE,HIPOTESIS,GENERO,CLINICA,CLASE_VEHICULO,MARCA,MATRICULA,TIPO DE SERVICIO,EMPRESA
1691,DAÑOS,2020-10-04,2020,15:40,TARDE,DOMINGO,SANTA MARIA,CALLE 44 CARRERA 3,URBANA,TECNICO,3.54047,-76.28053,NO APLICA,NO APLICA,NO APLICA,CHOQUE,ADELANTAR ZONA PROHIBIDAD,NO APLICA 2020,NO APLICA,MOTO,YAMAHA,PRADERA,PARTICULAR,NO APLICA
1692,DAÑOS,2020-10-04,2020,12:50,TARDE,DOMINGO,TULIPANES,CARRERA 31 CALLE 6,URBANA,TECNICO,3.5062,-76.30985,NO APLICA,NO APLICA,NO APLICA,CHOQUE,ARRANCAR SIN PRECAUCION,NO APLICA 2020,NO APLICA,AUTOMOVIL,RENAULT,CALI,PARTICULAR,NO APLICA
1693,DAÑOS,2020-10-04,2020,12:50,TARDE,DOMINGO,TULIPANES,CARRERA 31 CALLE 6,URBANA,TECNICO,3.5062,-76.30985,NO APLICA,NO APLICA,NO APLICA,CHOQUE,ARRANCAR SIN PRECAUCION,NO APLICA 2020,NO APLICA,AUTOMOVIL,RENAULT,PALMIRA,PARTICULAR,NO APLICA
1694,MUERTO,2020-10-05,2020,12:05,TARDE,LUNES,VIA PALMIRA TABLONES,KM 12 + 400 MTS,RURAL,TECNICO,3.56591,-76.22891,MOTOCICLISTA,NO APLICA,1,CHOQUE,INVADIR CARRIL SENTIDO CONTRARIO,NO APLICA 2020,NO APLICA,MOTO,SUZUKI,PALMIRA,PARTICULAR,NO APLICA
1695,MUERTO,2020-10-05,2020,12:05,TARDE,LUNES,VIA PALMIRA TABLONES,KM 12 + 400 MTS,RURAL,TECNICO,3.56591,-76.22891,NO APLICA,NO APLICA,NO APLICA,CHOQUE,INVADIR CARRIL SENTIDO CONTRARIO,NO APLICA 2020,NO APLICA,MICROBUS,CHEVROLET,PALMIRA,PUBLICO,MONTEBELLO
1696,MUERTO,2020-10-05,2020,12:05,TARDE,LUNES,VIA PALMIRA TABLONES,KM 12 + 400 MTS,RURAL,TECNICO,3.56591,-76.22891,ACOMPAÑANTE MOTOCICLISTA,1,NO APLICA,CHOQUE,INVADIR CARRIL SENTIDO CONTRARIO,NO APLICA 2020,NO APLICA,NO APLICA,NO APLICA,NO APLICA,NO APLICA,NO APLICA
1697,DAÑOS,2020-10-05,2020,13:30,TARDE,LUNES,CENTRO,CALLE 32 CARRERA 30,URBANA,TECNICO,3.52909,-76.30036,NO APLICA,NO APLICA,NO APLICA,CHOQUE,DESOBEDECER SEÑALES,NO APLICA 2020,NO APLICA,AUTOMOVIL,SUZUKI,PALMIRA,PARTICULAR,NO APLICA
1698,DAÑOS,2020-10-05,2020,13:30,TARDE,LUNES,CENTRO,CALLE 32 CARRERA 30,URBANA,TECNICO,3.52909,-76.30036,NO APLICA,NO APLICA,NO APLICA,CHOQUE,DESOBEDECER SEÑALES,NO APLICA 2020,NO APLICA,AUTOMOVIL,CHEVROLET,GUACARI,PARTICULAR,NO APLICA
1699,HERIDOS,2020-10-05,2020,19:00,NOCHE,LUNES,CAMPESTRE,CALLE 42 CARRERA 11-12,URBANA,TECNICO,3.537,-76.28411,MOTOCICLISTA,1,NO APLICA,CHOQUE,CRUZAR SIN OBSERVAR,NO APLICA 2020,NO APLICA,MOTO,AKT,PRADERA,PARTICULAR,NO APLICA
1700,HERIDOS,2020-10-05,2020,19:00,NOCHE,LUNES,CAMPESTRE,CALLE 42 CARRERA 11-13,URBANA,TECNICO,3.537,-76.28411,ACOMPAÑANTE MOTOCICLISTA,1,NO APLICA,CHOQUE,CRUZAR SIN OBSERVAR,NO APLICA 2020,NO APLICA,NO APLICA,NO APLICA,NO APLICA,NO APLICA,NO APLICA
1701,HERIDOS,2020-10-05,2020,19:00,NOCHE,LUNES,CAMPESTRE,CALLE 42 CARRERA 11-13,URBANA,TECNICO,3.537,-76.28411,MOTOCICLISTA,1,NO APLICA,CHOQUE,CRUZAR SIN OBSERVAR,NO APLICA 2020,NO APLICA,NO APLICA,NO APLICA,NO APLICA,NO APLICA,NO APLICA
1702,HERIDOS,2020-10-05,2020,16:05,TARDE,LUNES,DELICIAS,CALLE 24 CARRERA 26,URBANA,TECNICO,3.52168,-76.29806,MOTOCICLISTA,1,NO APLICA,CHOQUE,DESOBEDECER SEÑALES,NO APLICA 2020,NO APLICA,MOTO,HONDA,CALI,PARTICULAR,NO APLICA
1703,HERIDOS,2020-10-05,2020,16:05,TARDE,LUNES,DELICIAS,CALLE 24 CARRERA 26,URBANA,TECNICO,3.52168,-76.29806,MOTOCICLISTA,1,NO APLICA,CHOQUE,DESOBEDECER SEÑALES,NO APLICA 2020,NO APLICA,MOTO,HONDA,GUACARI,PARTICULAR,NO APLICA
1704,DAÑOS,2020-10-05,2020,23:50,NOCHE,LUNES,VIA PALMIRA TABLONES,KM 10,URBANA,TECNICO,3.5554,-76.23919,NO APLICA,NO APLICA,NO APLICA,CHOQUE,INVADIR CARRIL SENTIDO CONTRARIO,NO APLICA 2020,NO APLICA,CAMIONETA,RENAULT,CALI,OFICIAL,NO APLICA
1705,DAÑOS,2020-10-05,2020,23:50,NOCHE,LUNES,VIA PALMIRA TABLONES,KM 10,URBANA,TECNICO,3.5554,-76.23919,NO APLICA,NO APLICA,NO APLICA,CHOQUE,INVADIR CARRIL SENTIDO CONTRARIO,NO APLICA 2020,NO APLICA,MOTO,SUZUKI,FLORIDA,PARTICULAR,NO APLICA
1706,HERIDOS,2020-10-06,2020,07:00,MAÑANA,MARTES,FRAY LUIS AMIGO,CALLE 42 AV CIRCURVALR 49,URBANA,TECNICO,3.53683,-76.31964,MOTOCICLISTA,1,NO APLICA,CHOQUE,MAL USO DEL CARRIL,NO APLICA 2020,PALMA,MOTO,BAJAJ,CALI,PARTICULAR,NO APLICA
1707,HERIDOS,2020-10-06,2020,07:00,MAÑANA,MARTES,FRAY LUIS AMIGO,CALLE 42 AV CIRCURVALR 49,URBANA,TECNICO,3.53683,-76.31964,NO APLICA,NO APLICA,NO APLICA,CHOQUE,MAL USO DEL CARRIL,NO APLICA 2020,NO APLICA,CAMIONETA,JAC,EL CERRITO,PARTICULAR,NO APLICA
1708,DAÑOS,2020-10-08,2020,19:00,NOCHE,JUEVES,HACIENDA BUENOS AIRES,CALLE 32 B CARRERA 6A,URBANA,TECNICO,3.52886,-76.27319,NO APLICA,NO APLICA,NO APLICA,CHOQUE,NO RESPETAR PRELACION,NO APLICA 2020,NO APLICA,MOTO,YAMAHA,CALI,PARTICULAR,NO APLICA
1709,DAÑOS,2020-10-08,2020,19:00,NOCHE,JUEVES,HACIENDA BUENOS AIRES,CALLE 32 B CARRERA 6A,URBANA,TECNICO,3.52886,-76.27319,NO APLICA,NO APLICA,NO APLICA,CHOQUE,NO RESPETAR PRELACION,NO APLICA 2020,NO APLICA,MOTO,AKT,PRADERA,PARTICULAR,NO APLICA
1710,DAÑOS,2020-10-08,2020,20:00,NOCHE,JUEVES,NUEVO,CARRERA 33A CALLE 19A-18,URBANA,TECNICO,3.51844,-76.30541,NO APLICA,NO APLICA,NO APLICA,CHOQUE,NO MANTENER DISTANCIA,NO APLICA 2020,NO APLICA,AUTOMOVIL,CHEVROLET,PALMIRA,PARTICULAR,NO APLICA
1711,DAÑOS,2020-10-08,2020,20:00,NOCHE,JUEVES,NUEVO,CARRERA 33A CALLE 19A-18,URBANA,TECNICO,3.51844,-76.30541,NO APLICA,NO APLICA,NO APLICA,CHOQUE,NO MANTENER DISTANCIA,NO APLICA 2020,NO APLICA,CAMIONETA,RENAULT,PALMIRA,OFICIAL,NO APLICA
1712,DAÑOS,2020-10-09,2020,09:30,MAÑANA,VIERNES,LOPEZ,CARRERA 29 CALLE 39,URBANA,TECNICO,3.53579,-76.30943,NO APLICA,NO APLICA,NO APLICA,CHOQUE,ARRANCAR SIN PRECAUCION,NO APLICA 2020,NO APLICA,MOTO,AKT,PRADERA,PARTICULAR,NO APLICA
1713,DAÑOS,2020-10-09,2020,09:30,MAÑANA,VIERNES,LOPEZ,CARRERA 29 CALLE 39,URBANA,TECNICO,3.53579,-76.30943,NO APLICA,NO APLICA,NO APLICA,CHOQUE,ARRANCAR SIN PRECAUCION,NO APLICA 2020,NO APLICA,MOTO,SUZUKI,BUENAVENTURA,PARTICULAR,NO APLICA
1714,DAÑOS,2020-10-09,2020,11:20,MAÑANA,VIERNES,CENTRO,CALLE 29 CARRERA 26,URBANA,TECNICO,3.52587,-76.29743,NO APLICA,NO APLICA,NO APLICA,CHOQUE,DESOBEDECER SEÑALES,NO APLICA 2020,NO APLICA,AUTOMOVIL,CHERY,PALMIRA,PARTICULAR,NO APLICA
1715,DAÑOS,2020-10-09,2020,11:20,MAÑANA,VIERNES,CENTRO,CALLE 29 CARRERA 26,URBANA,TECNICO,3.52587,-76.29743,NO APLICA,NO APLICA,NO APLICA,CHOQUE,DESOBEDECER SEÑALES,NO APLICA 2020,NO APLICA,CAMIONETA,CHEVROLET,PALMIRA,PARTICULAR,NO APLICA
1716,HERIDOS,2020-10-08,2020,14:20,TARDE,JUEVES,ESTONIA,CALLE 44 CARRERA 32,URBANA,TECNICO,3.53978,-76.30068,NO APLICA,NO APLICA,NO APLICA,CHOQUE,DESOBEDECER SEÑALES,NO APLICA 2020,NO APLICA,MOTO,SUZUKI,PALMIRA,PARTICULAR,NO APLICA
1717,HERIDOS,2020-10-08,2020,14:20,TARDE,JUEVES,ESTONIA,CALLE 44 CARRERA 32,URBANA,TECNICO,3.53978,-76.30068,NO APLICA,NO APLICA,NO APLICA,CHOQUE,DESOBEDECER SEÑALES,NO APLICA 2020,NO APLICA,MOTO,YAMAHA,PRADERA,PARTICULAR,NO APLICA
1718,HERIDOS,2020-10-08,2020,14:20,TARDE,JUEVES,ESTONIA,CALLE 44 CARRERA 32,URBANA,TECNICO,3.53978,-76.30068,ACOMPAÑANTE MOTOCICLISTA,1,NO APLICA,CHOQUE,DESOBEDECER SEÑALES,NO APLICA 2020,FRACTURAS,NO APLICA,NO APLICA,NO APLICA,NO APLICA,NO APLICA
1719,MUERTO,2020-10-08,2020,19:20,NOCHE,JUEVES,VIA PALMIRA ROZO,KM 1 + 200MTS,RURAL,TECNICO,3.56571,-76.3118,MOTOCICLISTA,NO APLICA,1,CHOQUE,INVADIR CARRIL SENTIDO CONTRARIO,NO APLICA 2020,NO APLICA,MOTO,KAWASAKI,BOGOTA,PARTICULAR,NO APLICA
1720,MUERTO,2020-10-08,2020,19:20,NOCHE,JUEVES,VIA PALMIRA ROZO,KM 1 + 200MTS,RURAL,TECNICO,3.56571,-76.3118,CONDUCTOR,1,NO APLICA,CHOQUE,INVADIR CARRIL SENTIDO CONTRARIO,NO APLICA 2020,PALMIRA,AUTOMOVIL,MAZDA,CALI,PARTICULAR,NO APLICA
1721,MUERTO,2020-10-08,2020,19:20,NOCHE,JUEVES,VIA PALMIRA ROZO,KM 1 + 200MTS,RURAL,TECNICO,3.56571,-76.3118,ACOMPAÑANTE MOTOCICLISTA,1,NO APLICA,CHOQUE,INVADIR CARRIL SENTIDO CONTRARIO,NO APLICA 2020,PALMIRA,NO APLICA,NO APLICA,NO APLICA,NO APLICA,NO APLICA
1722,DAÑOS,2020-10-10,2020,12:40,TARDE,SABADO,GUAYACANES,CALLE 10 CARRERA 14A-12,URBANA,TECNICO,3.51765,-76.28691,NO APLICA,NO APLICA,NO APLICA,CHOQUE,VEHICULO ESTACIONADO,NO APLICA 2020,NO APLICA,CAMION,FORD,CALI,PARTICULAR,NO APLICA
1723,DAÑOS,2020-10-10,2020,12:40,TARDE,SABADO,GUAYACANES,CALLE 10 CARRERA 14A-12,URBANA,TECNICO,3.51765,-76.28691,NO APLICA,NO APLICA,NO APLICA,CHOQUE,VEHICULO ESTACIONADO,NO APLICA 2020,NO APLICA,CAMIONETA,TOYOTA,ENVIGADO,PARTICULAR,NO APLICA
1724,HERIDOS,2020-10-09,2020,07:30,MAÑANA,VIERNES,PRADO,CARRERA 41 CALLE 41,URBANA,TECNICO,3.53783,-76.31146,MOTOCICLISTA,1,NO APLICA,CHOQUE,DESOBEDECER SEÑALES,NO APLICA 2020,PALMA,MOTO,HONDA,PRADERA,PARTICULAR,NO APLICA
1725,HERIDOS,2020-10-09,2020,07:30,MAÑANA,VIERNES,PRADO,CARRERA 41 CALLE 41,URBANA,TECNICO,3.53783,-76.31146,NO APLICA,NO APLICA,NO APLICA,CHOQUE,DESOBEDECER SEÑALES,NO APLICA 2020,NO APLICA,AUTOMOVIL,NISSAN,CALI,PARTICULAR,NO APLICA
1726,HERIDOS,2020-10-09,2020,11:40,MAÑANA,VIERNES,CENTRO,CALLE 28 CARRERA 29-64,URBANA,TECNICO,3.52553,-76.30063,MOTOCICLISTA,1,NO APLICA,CHOQUE,DESOBEDECER SEÑALES,NO APLICA 2020,FRACTURAS,MOTO,AKT,PALMIRA,PARTICULAR,NO APLICA
1727,HERIDOS,2020-10-09,2020,11:40,MAÑANA,VIERNES,CENTRO,CALLE 28 CARRERA 29-64,URBANA,TECNICO,3.52553,-76.30063,NO APLICA,NO APLICA,NO APLICA,CHOQUE,DESOBEDECER SEÑALES,NO APLICA 2020,NO APLICA,AUTOMOVIL,RENAULT,MANIZALEZ,PARTICULAR,NO APLICA
1728,DAÑOS,2020-10-11,2020,12:10,TARDE,DOMINGO,SEMBRADOR,CALLE 17A CARRERA 19-98,URBANA,TECNICO,3.51589,-76.29097,NO APLICA,NO APLICA,NO APLICA,CHOQUE,NO ESTAR PENDIENTE DE LA VIA,NO APLICA 2020,NO APLICA,MOTO,AKT,PALMIRA,PARTICULAR,NO APLICA
1729,DAÑOS,2020-10-11,2020,12:10,TARDE,DOMINGO,SEMBRADOR,CALLE 17A CARRERA 19-98,URBANA,TECNICO,3.51589,-76.29097,NO APLICA,NO APLICA,NO APLICA,CHOQUE,NO ESTAR PENDIENTE DE LA VIA,NO APLICA 2020,NO APLICA,CAMIONETA,HYUNDAI,PALMIRA,PARTICULAR,NO APLICA
1730,HERIDOS,2020-10-11,2020,06:40,MAÑANA,DOMINGO,SEMBRADOR,CALLE 23 CARRERA 23,URBANA,TECNICO,3.52072,-76.29499,MOTOCICLISTA,1,NO APLICA,CHOQUE,DESOBEDECER SEÑALES,NO APLICA 2020,RAUL,MOTO,YAMAHA,PRADERA,PARTICULAR,NO APLICA
1731,HERIDOS,2020-10-11,2020,06:40,MAÑANA,DOMINGO,SEMBRADOR,CALLE 23 CARRERA 23,URBANA,TECNICO,3.52072,-76.29499,NO APLICA,NO APLICA,NO APLICA,CHOQUE,DESOBEDECER SEÑALES,NO APLICA 2020,NO APLICA,MOTO,HERO,FLORIDA,PARTICULAR,NO APLICA
1732,HERIDOS,2020-10-11,2020,06:40,MAÑANA,DOMINGO,SEMBRADOR,CALLE 23 CARRERA 23,URBANA,TECNICO,3.52072,-76.29499,ACOMPAÑANTE MOTOCICLISTA,1,NO APLICA,CHOQUE,DESOBEDECER SEÑALES,NO APLICA 2020,SANTA BARBARA,NO APLICA,NO APLICA,NO APLICA,NO APLICA,NO APLICA
1733,DAÑOS,2020-10-10,2020,17:50,TARDE,SABADO,EL JARDIN,CARRERA 7 CALLE 32C,URBANA,TECNICO,3.52813,-76.28119,NO APLICA,NO APLICA,NO APLICA,CHOQUE,NO RESPETAR PRELACION,NO APLICA 2020,NO APLICA,MOTO,HONDA,FLORIDA,PARTICULAR,NO APLICA
1734,DAÑOS,2020-10-10,2020,17:50,TARDE,SABADO,EL JARDIN,CARRERA 7 CALLE 32C,URBANA,TECNICO,3.52813,-76.28119,NO APLICA,NO APLICA,NO APLICA,CHOQUE,NO RESPETAR PRELACION,NO APLICA 2020,NO APLICA,AUTOMOVIL,SUZUKI,CALI,PARTICULAR,NO APLICA
1735,HERIDOS,2020-10-10,2020,21:05,NOCHE,SABADO,CORONADO,TRNSVERSAL 39 CALLE 51-28,URBANA,TECNICO,3.54471,-76.30821,MOTOCICLISTA,1,NO APLICA,CHOQUE,ADELANTAR INVADIENDO CARRIL,NO APLICA 2020,PALMA,MOTO,HONDA,PALMIRA,PARTICULAR,NO APLICA
1736,HERIDOS,2020-10-10,2020,21:05,NOCHE,SABADO,CORONADO,TRNSVERSAL 39 CALLE 51-28,URBANA,TECNICO,3.54471,-76.30821,MOTOCICLISTA,1,NO APLICA,CHOQUE,ADELANTAR INVADIENDO CARRIL,NO APLICA 2020,PALMA,MOTO,SUZUKI,PALMIRA,PARTICULAR,NO APLICA
1737,DAÑOS,2020-10-11,2020,10:50,MAÑANA,DOMINGO,MUNICIPAL,CARRERA 1 CALLE 31-30,URBANA,TECNICO,3.52473,-76.27819,NO APLICA,NO APLICA,NO APLICA,CHOQUE,NO MANTENER DISTANCIA,NO APLICA 2020,NO APLICA,CAMPERO,TOYOTA,CALI,PARTICULAR,NO APLICA
1738,DAÑOS,2020-10-11,2020,10:50,MAÑANA,DOMINGO,MUNICIPAL,CARRERA 1 CALLE 31-30,URBANA,TECNICO,3.52473,-76.27819,NO APLICA,NO APLICA,NO APLICA,CHOQUE,NO MANTENER DISTANCIA,NO APLICA 2020,NO APLICA,AUTOMOVIL,CHEVROLET,MEDELLIN,PARTICULAR,NO APLICA
1739,DAÑOS,2020-10-13,2020,07:20,MAÑANA,MARTES,VIA PALMIRA ROZO CORONADO,KM 3 + 300 MTS PUENTE MALIBU,URBANA,TECNICO,3.58003,-76.32759,NO APLICA,NO APLICA,NO APLICA,CHOQUE,NO RESPETAR PRELACION,NO APLICA 2020,NO APLICA,AUTOMOVIL,CHEVROLET,CALI,PARTICULAR,NO APLICA
1740,DAÑOS,2020-10-13,2020,07:20,MAÑANA,MARTES,VIA PALMIRA ROZO CORONADO,KM 3 + 300 MTS PUENTE MALIBU,URBANA,TECNICO,3.58003,-76.32759,NO APLICA,NO APLICA,NO APLICA,CHOQUE,NO RESPETAR PRELACION,NO APLICA 2020,NO APLICA,MOTO,JIALING,PRADERA,PARTICULAR,NO APLICA
1741,HERIDOS,2020-10-12,2020,14:50,TARDE,LUNES,DANUBIO,CARRERA 17 CALLE 32A,URBANA,TECNICO,3.52867,-76.28935,NO APLICA,NO APLICA,NO APLICA,CHOQUE,DESOBEDECER SEÑALES,NO APLICA 2020,NO APLICA,MOTO,BAJAJ,PALMIRA,PARTICULAR,NO APLICA
1742,HERIDOS,2020-10-12,2020,14:50,TARDE,LUNES,DANUBIO,CARRERA 17 CALLE 32A,URBANA,TECNICO,3.52867,-76.28935,NO APLICA,NO APLICA,NO APLICA,CHOQUE,DESOBEDECER SEÑALES,NO APLICA 2020,NO APLICA,MOTO,HONDA,PALMIRA,PARTICULAR,NO APLICA
1743,HERIDOS,2020-10-12,2020,14:50,TARDE,LUNES,DANUBIO,CARRERA 17 CALLE 32A,URBANA,TECNICO,3.52867,-76.28935,ACOMPAÑANTE MOTOCICLISTA,1,NO APLICA,CHOQUE,DESOBEDECER SEÑALES,NO APLICA 2020,RAUL,NO APLICA,NO APLICA,NO APLICA,NO APLICA,NO APLICA
1744,MUERTO,2020-10-12,2020,23:00,NOCHE,LUNES,CHAPINERO SUR,CARRERA 31M CALLE 5 E,URBANA,TECNICO,3.50351,-76.31076,MOTOCICLISTA,NO APLICA,1,VOLCAMIENTO,POR ESTABLECER,NO APLICA 2020,NO APLICA,MOTO,HERO,GUACARI,PARTICULAR,NO APLICA
1745,DAÑOS,2020-10-12,2020,09:30,MAÑANA,LUNES,COLOMBIA,CARRERA 31 CALLE 33,URBANA,TECNICO,3.54705,-76.29876,NO APLICA,NO APLICA,NO APLICA,CHOQUE,ADELANTAR CERRANDO,NO APLICA 2020,NO APLICA,MOTO,HONDA,FLORIDA,PARTICULAR,NO APLICA
1746,DAÑOS,2020-10-12,2020,09:30,MAÑANA,LUNES,COLOMBIA,CARRERA 31 CALLE 33,URBANA,TECNICO,3.54705,-76.29876,NO APLICA,NO APLICA,NO APLICA,CHOQUE,ADELANTAR CERRANDO,NO APLICA 2020,NO APLICA,MOTO,BAJAJ,FLORIDA,PARTICULAR,NO APLICA
1747,DAÑOS,2020-10-13,2020,21:15,NOCHE,MARTES,LA EMILIA,CALLE 35 CARRERA 38,URBANA,TECNICO,3.53282,-76.308,NO APLICA,NO APLICA,NO APLICA,CHOQUE,DESOBEDECER SEÑALES,NO APLICA 2020,NO APLICA,MOTO,HONDA,PALMIRA,PARTICULAR,NO APLICA
1748,DAÑOS,2020-10-13,2020,21:15,NOCHE,MARTES,LA EMILIA,CALLE 35 CARRERA 38,URBANA,TECNICO,3.53282,-76.308,NO APLICA,NO APLICA,NO APLICA,CHOQUE,DESOBEDECER SEÑALES,NO APLICA 2020,NO APLICA,CAMION,MAZDA,CALI,PUBLICO,NO APLICA
1749,DAÑOS,2020-10-13,2020,18:00,NOCHE,MARTES,INDUSTRIAL,CALLE 42 CARRERA 34B-10 NORTE,URBANA,TECNICO,3.53871,-76.30382,NO APLICA,NO APLICA,NO APLICA,CHOQUE,NO MANTENER DISATANCIA,NO APLICA 2020,NO APLICA,CAMIONETA,TOYOTA,CALI,PARTICULAR,NO APLICA
1750,DAÑOS,2020-10-13,2020,18:00,NOCHE,MARTES,INDUSTRIAL,CALLE 42 CARRERA 34B-10 NORTE,URBANA,TECNICO,3.53871,-76.30382,NO APLICA,NO APLICA,NO APLICA,CHOQUE,NO MANTENER DISATANCIA,NO APLICA 2020,NO APLICA,AUTOMOVIL,HYUNDAI,CALI,PARTICULAR,NO APLICA
1751,DAÑOS,2020-10-13,2020,18:00,NOCHE,MARTES,INDUSTRIAL,CALLE 42 CARRERA 34B-10 NORTE,URBANA,TECNICO,3.53871,-76.30382,NO APLICA,NO APLICA,NO APLICA,CHOQUE,NO MANTENER DISATANCIA,NO APLICA 2020,NO APLICA,AUTOMOVIL,MAZDA,CALI,PARTICULAR,NO APLICA
1752,DAÑOS,2020-10-15,2020,17:30,TARDE,JUEVES,CENTRO,CALLE 32A CARRERA 25-42,URBANA,TECNICO,3.52911,-76.29601,NO APLICA,NO APLICA,NO APLICA,CHOQUE,NO SABER MANIOBRAR EN UNA SITUACION DE PELIGRO,NO APLICA 2020,NO APLICA,CAMIONETA,FORD,CALI,PARTICULAR,NO APLICA
1753,DAÑOS,2020-10-15,2020,17:30,TARDE,JUEVES,CENTRO,CALLE 32A CARRERA 25-42,URBANA,TECNICO,3.52911,-76.29601,NO APLICA,NO APLICA,NO APLICA,CHOQUE,NO SABER MANIOBRAR EN UNA SITUACION DE PELIGRO,NO APLICA 2020,NO APLICA,CAMIONETA,RENAULT,PALMIRA,PARTICULAR,NO APLICA
1754,HERIDOS,2020-10-15,2020,17:40,TARDE,JUEVES,JUAN PABLO,CALLE 57 CARRERA 41,URBANA,TECNICO,3.54783,-76.31195,CONDUCTOR,1,NO APLICA,CHOQUE,DESOBEDECER SEÑALES,NO APLICA 2020,PALMIRA,AUTOMOVIL,MAZDA,ENVIGADO,PARTICULAR,NO APLICA
1755,HERIDOS,2020-10-15,2020,17:40,TARDE,JUEVES,JUAN PABLO,CALLE 57 CARRERA 41,URBANA,TECNICO,3.54783,-76.31195,MOTOCICLISTA,1,NO APLICA,CHOQUE,DESOBEDECER SEÑALES,NO APLICA 2020,PALMIRA,MOTO,AKT,PRADERA,PARTICULAR,NO APLICA
1756,HERIDOS,2020-10-15,2020,17:40,TARDE,JUEVES,JUAN PABLO,CALLE 57 CARRERA 41,URBANA,TECNICO,3.54783,-76.31195,ACOMPAÑANTE MOTOCICLISTA,1,NO APLICA,CHOQUE,DESOBEDECER SEÑALES,NO APLICA 2020,PALMIRA,NO APLICA,NO APLICA,NO APLICA,NO APLICA,NO APLICA
1757,HERIDOS,2020-10-15,2020,21:15,NOCHE,JUEVES,LORETO,CALLE 35 CARRERA 35,URBANA,TECNICO,3.53327,-76.30557,NO APLICA,NO APLICA,NO APLICA,CHOQUE,TRANSITAR EN CONTRA VIA,NO APLICA 2020,NO APLICA,BICICLETA,NO APLICA,NO APLICA,PARTICULAR,NO APLICA
1758,HERIDOS,2020-10-15,2020,21:15,NOCHE,JUEVES,LORETO,CALLE 35 CARRERA 35,URBANA,TECNICO,3.53327,-76.30557,MOTOCICLISTA,1,NO APLICA,CHOQUE,TRANSITAR EN CONTRA VIA,NO APLICA 2020,PALMIRA,MOTO,BAJAJ,FLORIDA,PARTICULAR,NO APLICA
1759,HERIDOS,2020-10-16,2020,17:30,TARDE,VIERNES,CORONADO,CARRERA 35 CALLE 50,URBANA,TECNICO,3.54419,-76.30761,MOTOCICLISTA,1,NO APLICA,CHOQUE,REALIZAR GIRO EN U,NO APLICA 2020,SANTA BARBARA,MOTO,BAJAJ,DOSQUEBRADAS,PARTICULAR,NO APLICA
1760,HERIDOS,2020-10-16,2020,17:30,TARDE,VIERNES,CORONADO,CARRERA 35 CALLE 50,URBANA,TECNICO,3.54419,-76.30761,NO APLICA,NO APLICA,NO APLICA,CHOQUE,REALIZAR GIRO EN U,NO APLICA 2020,NO APLICA,CAMION,FORD,MIRANDA,PARTICULAR,NO APLICA
1761,DAÑOS,2020-10-16,2020,20:20,NOCHE,VIERNES,LOS MANGOS,CALLE 70 CARRERA 28,URBANA,TECNICO,3.55739,-76.29125,NO APLICA,NO APLICA,NO APLICA,CHOQUE,ADELANTAR INVADIENDO CARRIL,NO APLICA 2020,NO APLICA,BUS,AGRALE,GUACARI,PUBLICO,NO APLICA
1762,DAÑOS,2020-10-16,2020,20:20,NOCHE,VIERNES,LOS MANGOS,CALLE 70 CARRERA 28,URBANA,TECNICO,3.55739,-76.29125,NO APLICA,NO APLICA,NO APLICA,CHOQUE,ADELANTAR INVADIENDO CARRIL,NO APLICA 2020,NO APLICA,MOTO,SUZUKI,GUACARI,PARTICULAR,NO APLICA
1763,DAÑOS,2020-10-16,2020,19:30,NOCHE,VIERNES,INDUSTRIAL,CALLE 42 CARRERA 35SUR,URBANA,TECNICO,3.53875,-76.30685,NO APLICA,NO APLICA,NO APLICA,CHOQUE,NO RESPETAR PRELACION,NO APLICA 2020,NO APLICA,AUTOMOVIL,CHEVROLET,CALI,PARTICULAR,NO APLICA
1764,DAÑOS,2020-10-16,2020,19:30,NOCHE,VIERNES,INDUSTRIAL,CALLE 42 CARRERA 35SUR,URBANA,TECNICO,3.53875,-76.30685,NO APLICA,NO APLICA,NO APLICA,CHOQUE,NO RESPETAR PRELACION,NO APLICA 2020,NO APLICA,AUTOMOVIL,CHEVROLET,CALI,PARTICULAR,NO APLICA
1765,DAÑOS,2020-10-16,2020,17:20,TARDE,VIERNES,VIA PPRIVADA ITALCOL,KM 11,RURAL,TECNICO,3.51022,-76.40464,NO APLICA,NO APLICA,NO APLICA,CHOQUE,ARRANCAR SIN PRECAUCION,NO APLICA 2020,NO APLICA,TRACTO CAMION,INTERNATIONAL,FACATATIVA,PUBLICO,NO APLICA
1766,DAÑOS,2020-10-16,2020,17:20,TARDE,VIERNES,VIA PPRIVADA ITALCOL,KM 11,RURAL,TECNICO,3.51022,-76.40464,NO APLICA,NO APLICA,NO APLICA,CHOQUE,ARRANCAR SIN PRECAUCION,NO APLICA 2020,NO APLICA,TRACTO CAMION,KENWORTH,PALMIRA,PUBLICO,NO APLICA