,GRAVEDAD,FECHA,AÑO,HORA,JORNADA,DIA_SEMANA,BARRIO-CORREGIMIENTO-VIA,DIRECCION,ZONA,AUTORIDAD,LAT,LONG,CONDICION_VICTIMA,LESIONADO,HOMICIDIOS,TIPO_ACCIDENTE,HIPOTESIS,GENERO,CLINICA,CLASE_VEHICULO,MARCA,MATRICULA,TIPO DE SERVICIO,EMPRESA
1767,HERIDOS,2020-10-17,2020,15:00,TARDE,SABADO,DELICIAS,CARRERA 23 CALLE 27,URBANA,TECNICO,3.52387,-76.29508,MOTOCICLISTA,1,NO APLICA,CHOQUE,DESOBEDECER SEÑALES,NO APLICA 2020,PALMIRA,MOTO,YAMAHA,FLORIDA,PARTICULAR,NO APLICA
1768,HERIDOS,2020-10-17,2020,15:00,TARDE,SABADO,DELICIAS,CARRERA 23 CALLE 27,URBANA,TECNICO,3.52387,-76.29508,NO APLICA,NO APLICA,NO APLICA,CHOQUE,DESOBEDECER SEÑALES,NO APLICA 2020,NO APLICA,MOTO,JIALING,GUACARI,PARTICULAR,NO APLICA
1769,DAÑOS,2020-10-17,2020,17:20,TARDE,SABADO,SANTA ISABEL,CARRERA 28 CALLE 46-47,URBANA,TECNICO,3.54166,-76.29663,NO APLICA,NO APLICA,NO APLICA,CHOQUE,NO ESTAR PENDIENTE DE LA VIA,NO APLICA 2020,NO APLICA,AUTOMOVIL,CHEVROLET,CALI,PARTICULAR,NO APLICA
1770,DAÑOS,2020-10-17,2020,17:20,TARDE,SABADO,SANTA ISABEL,CARRERA 28 CALLE 46-47,URBANA,TECNICO,3.54166,-76.29663,NO APLICA,NO APLICA,NO APLICA,CHOQUE,NO ESTAR PENDIENTE DE LA VIA,NO APLICA 2020,NO APLICA,MOTO,HERO,PRADERA,PARTICULAR,NO APLICA
1771,HERIDOS,2020-10-17,2020,18:40,NOCHE,SABADO,SAN CAYETANO,CARRERA 26 CALLE 41,URBANA,TECNICO,3.53695,-76.29558,MOTOCICLISTA,1,NO APLICA,CHOQUE,DESOBEDECER SEÑALES,NO APLICA 2020,PALMA,MOTO,AKT,PRADERA,PARTICULAR,NO APLICA
1772,HERIDOS,2020-10-17,2020,18:40,NOCHE,SABADO,SAN CAYETANO,CARRERA 26 CALLE 41,URBANA,TECNICO,3.53695,-76.29558,NO APLICA,NO APLICA,NO APLICA,CHOQUE,DESOBEDECER SEÑALES,NO APLICA 2020,NO APLICA,AUTOMOVIL,HYUNDAI,PALMIRA,PARTICULAR,NO APLICA
1773,HERIDOS,2020-10-17,2020,18:40,NOCHE,SABADO,SAN CAYETANO,CARRERA 26 CALLE 41,URBANA,TECNICO,3.53695,-76.29558,ACOMPAÑANTE MOTOCICLISTA,1,NO APLICA,CHOQUE,DESOBEDECER SEÑALES,NO APLICA 2020,PALMA,NO APLICA,NO APLICA,NO APLICA,NO APLICA,NO APLICA
1774,HERIDOS,2020-10-18,2020,14:15,TARDE,DOMINGO,CENTRO,CARRERA 32 CALLE 32,URBANA,TECNICO,3.52936,-76.30226,MOTOCICLISTA,1,NO APLICA,CHOQUE,SEMAFORO EN ROJO,NO APLICA 2020,PALMIRA,MOTO,SUZUKI,PASTO,PARTICULAR,NO APLICA
1775,HERIDOS,2020-10-18,2020,14:15,TARDE,DOMINGO,CENTRO,CARRERA 32 CALLE 32,URBANA,TECNICO,3.52936,-76.30226,NO APLICA,NO APLICA,NO APLICA,CHOQUE,SEMAFORO EN ROJO,NO APLICA 2020,NO APLICA,MOTO,AKT,PRADRA,PARTICULAR,NO APLICA
1776,HERIDOS,2020-10-18,2020,09:00,MAÑANA,DOMINGO,SAN CAYETANO,CALLE 40 CARRERA 25,URBANA,TECNICO,3.53596,-76.29479,MOTOCICLISTA,1,NO APLICA,CHOQUE,DESOBEDECER SEÑALES,NO APLICA 2020,PALMIRA,MOTO,SUZUKI,PRADERA,PARTICULAR,NO APLICA
1777,HERIDOS,2020-10-18,2020,09:00,MAÑANA,DOMINGO,SAN CAYETANO,CALLE 40 CARRERA 25,URBANA,TECNICO,3.53596,-76.29479,NO APLICA,NO APLICA,NO APLICA,CHOQUE,DESOBEDECER SEÑALES,NO APLICA 2020,NO APLICA,MOTO,BAJAJ,FLORIDA,PARTICULAR,NO APLICA
1778,DAÑOS,2020-10-19,2020,06:30,MAÑANA,LUNES,ESTONIA,CARRERA 30 CALLE 43,URBANA,TECNICO,3.53886,-76.29868,NO APLICA,NO APLICA,NO APLICA,CHOQUE,DESOBEDECER SEÑALES,NO APLICA 2020,NO APLICA,AUTOMOVIL,HYUNDAI,PALMIRA,PUBLICO,NO APLICA
1779,DAÑOS,2020-10-19,2020,06:30,MAÑANA,LUNES,ESTONIA,CARRERA 30 CALLE 43,URBANA,TECNICO,3.53886,-76.29868,NO APLICA,NO APLICA,NO APLICA,CHOQUE,DESOBEDECER SEÑALES,NO APLICA 2020,NO APLICA,CAMIONETA,MAZDA,BOGOTA,PARTICULAR,NO APLICA
1780,HERIDOS,2020-10-19,2020,10:00,MAÑANA,LUNES,ALAMEDA,CALLE 69 CARRERA 26,URBANA,TECNICO,3.55462,-76.28921,MOTOCICLISTA,1,NO APLICA,CHOQUE,DESOBEDECER SEÑALES,NO APLICA 2020,RAUL,MOTO,HONDA,FLORIDA,PARTICULAR,NO APLICA
1781,HERIDOS,2020-10-19,2020,10:00,MAÑANA,LUNES,ALAMEDA,CALLE 69 CARRERA 26,URBANA,TECNICO,3.55462,-76.28921,NO APLICA,NO APLICA,NO APLICA,CHOQUE,DESOBEDECER SEÑALES,NO APLICA 2020,NO APLICA,MOTO,KIMCO,CALI,PARTICULAR,NO APLICA
1782,DAÑOS,2020-10-19,2020,04:50,MADRUGADA,LUNES,ESTONIA,CALLE 42 CARRERA 32,URBANA,TECNICO,3.5384,-76.30089,NO APLICA,NO APLICA,NO APLICA,CHOQUE,SEMAFORO EN ROJO,NO APLICA 2020,NO APLICA,AUTOMOVIL,HYUNDAI,PALMIRA,PUBLICO,COOTRANSPAL
1783,DAÑOS,2020-10-19,2020,04:50,MADRUGADA,LUNES,ESTONIA,CALLE 42 CARRERA 32,URBANA,TECNICO,3.5384,-76.30089,NO APLICA,NO APLICA,NO APLICA,CHOQUE,SEMAFORO EN ROJO,NO APLICA 2020,NO APLICA,BUS,CHEVROLET,CANDELARIA,PARTICULAR,NO APLICA
1784,HERIDOS,2020-10-19,2020,15:20,TARDE,LUNES,TREBOL,CALLE 27 CARRERA 23,URBANA,TECNICO,3.52387,-76.29507,MOTOCICLISTA,1,NO APLICA,CHOQUE,DESOBEDECER SEÑALES,NO APLICA 2020,NO APLICA,MOTO,AKT,PALMIRA,PARTICULAR,NO APLICA
1785,HERIDOS,2020-10-19,2020,15:20,TARDE,LUNES,TREBOL,CALLE 27 CARRERA 23,URBANA,TECNICO,3.52387,-76.29507,MOTOCICLISTA,1,NO APLICA,CHOQUE,DESOBEDECER SEÑALES,NO APLICA 2020,NO APLICA,MOTO,HONDA,FLORIDA,PARTICULAR,NO APLICA
1786,HERIDOS,2020-10-19,2020,15:20,TARDE,LUNES,TREBOL,CALLE 27 CARRERA 23,URBANA,TECNICO,3.52387,-76.29507,ACOMPAÑANTE MOTOCICLISTA,1,NO APLICA,CHOQUE,DESOBEDECER SEÑALES,NO APLICA 2020,NO APLICA,NO APLICA,NO APLICA,NO APLICA,NO APLICA,NO APLICA
1787,DAÑOS,2020-10-19,2020,19:30,NOCHE,LUNES,SANTA RITA,CARRERA 27 CALLE 38,URBANA,TECNICO,3.53469,-76.29674,NO APLICA,NO APLICA,NO APLICA,CHOQUE,GIRAR BRUSCAMENTE,NO APLICA 2020,NO APLICA,CAMIONETA,NISSAN,PALMIRA,OFICIAL,NO APLICA
1788,DAÑOS,2020-10-19,2020,19:30,NOCHE,LUNES,SANTA RITA,CARRERA 27 CALLE 38,URBANA,TECNICO,3.53469,-76.29674,NO APLICA,NO APLICA,NO APLICA,CHOQUE,GIRAR BRUSCAMENTE,NO APLICA 2020,NO APLICA,MOTO,YAMAHA,PRADERA,PARTICULAR,NO APLICA
1789,MUERTO,2020-10-20,2020,18:30,NOCHE,MARTES,CENTRO POBLADO BUITRERA,IRACALES  INMUEBLE 0K-352,RURAL,TECNICO,3.47663,-76.19467,MOTOCICLISTA,1,NO APLICA,VOLCAMIENTO,AUSENCIAL PARCIAL DE SEÑALES,NO APLICA 2020,PALMA,MOTO,HONDA,FLORIDA,PARTICULAR,NO APLICA
1790,MUERTO,2020-10-20,2020,18:30,NOCHE,MARTES,CENTRO POBLADO BUITRERA,IRACALES  INMUEBLE 0K-352,RURAL,TECNICO,3.47663,-76.19467,ACOMPAÑANTE MOTOCICLISTA,NO APLICA,1,VOLCAMIENTO,AUSENCIAL PARCIAL DE SEÑALES,NO APLICA 2020,NO APLICA,NO APLICA,NO APLICA,NO APLICA,NO APLICA,NO APLICA
1791,HERIDOS,2020-10-08,2020,17:30,TARDE,JUEVES,BIZERTA,CALLE 36 CARRERA 21,URBANA,TECNICO,3.53203,-76.29232,MOTOCICLISTA,1,NO APLICA,ATROPELLO,NO RESPETAR LOS PEATONES,NO APLICA 2020,PALMIRA,MOTO,HONDA,CALI,PARTICULAR,NO APLICA
1792,HERIDOS,2020-10-08,2020,17:30,TARDE,JUEVES,BIZERTA,CALLE 36 CARRERA 21,URBANA,TECNICO,3.53203,-76.29232,PEATON,NO APLICA,1,ATROPELLO,NO RESPETAR LOS PEATONES,NO APLICA 2020,PALMIRA,NO APLICA,NO APLICA,NO APLICA,NO APLICA,NO APLICA
1793,DAÑOS,2020-10-20,2020,12:15,TARDE,MARTES,PRADO,CALLE 38 CARRERA 43,URBANA,TECNICO,3.53501,-76.31416,NO APLICA,NO APLICA,NO APLICA,CHOQUE,REVERSO IMPRUDENTE,NO APLICA 2020,NO APLICA,CAMIONETA,JAC,CALI,PARTICULAR,NO APLICA
1794,DAÑOS,2020-10-20,2020,12:15,TARDE,MARTES,PRADO,CALLE 38 CARRERA 43,URBANA,TECNICO,3.53501,-76.31416,NO APLICA,NO APLICA,NO APLICA,CHOQUE,REVERSO IMPRUDENTE,NO APLICA 2020,NO APLICA,CAMIONETA,FORD,CALI,PARTICULAR,NO APLICA
1795,DAÑOS,2020-10-19,2020,22:00,NOCHE,LUNES,VIA CORONADO ROZO,PUENTE MALINBU,RURAL,TECNICO,3.5811,-76.32815,NO APLICA,NO APLICA,NO APLICA,CHOQUE,PERDIDA DEL CONTROL,NO APLICA 2020,NO APLICA,AUTOMOVIL,FORD,CANDELARIA,PARTICULAR,NO APLICA
1796,DAÑOS,2020-10-20,2020,15:30,TARDE,MARTES,BENEDICTA,CALLE 47 CARRERA 34AC,URBANA,TECNICO,3.54249,-76.30287,NO APLICA,NO APLICA,NO APLICA,CHOQUE,GIRAR BRUSCAMENTE,NO APLICA 2020,NO APLICA,AUTOMOVIL,HYUNDAI,PALMIRA,PUBLICO,FLOTA PALMIRA
1797,DAÑOS,2020-10-20,2020,15:30,TARDE,MARTES,BENEDICTA,CALLE 47 CARRERA 34AC,URBANA,TECNICO,3.54249,-76.30287,NO APLICA,NO APLICA,NO APLICA,CHOQUE,GIRAR BRUSCAMENTE,NO APLICA 2020,NO APLICA,MOTO,KIMCO,FLORIDA,PARTICULAR,NO APLICA
1798,DAÑOS,2020-10-20,2020,12:30,TARDE,MARTES,COLOMBINA,CARRERA 14 CALLE 29-13,URBANA,TECNICO,3.52458,-76.28772,NO APLICA,NO APLICA,NO APLICA,CHOQUE,NO  ESTAR PENDIENTE DE LA VIA,NO APLICA 2020,NO APLICA,AUTOMOVIL,FORD,CALI,PARTICULAR,NO APLICA
1799,HERIDOS,2020-10-12,2020,00:00,MADRUGADA,LUNES,SANTA TERESITA,CALLE 47 CARRERA 35,URBANA,TECNICO,3.54257,-76.30739,CONDUCTOR,NO APLICA,1,CHOQUE,SEMAFORO EN ROJO,NO APLICA 2020,PALMA,AUTOMOVIL,CHEVROLET,BUGA,PARTICULAR,NO APLICA
1800,HERIDOS,2020-10-12,2020,00:00,MADRUGADA,LUNES,SANTA TERESITA,CALLE 47 CARRERA 35,URBANA,TECNICO,3.54257,-76.30739,MOTOCICLISTA,1,NO APLICA,CHOQUE,SEMAFORO EN ROJO,NO APLICA 2020,PALMA,MOTO,YAMAHA,CALI,PARTICULAR,NO APLICA
1801,HERIDOS,2020-10-12,2020,00:00,MADRUGADA,LUNES,SANTA TERESITA,CALLE 47 CARRERA 35,URBANA,TECNICO,3.54257,-76.30739,ACOMPAÑANTE CONDUCTOR,1,NO APLICA,CHOQUE,SEMAFORO EN ROJO,NO APLICA 2020,PALMA,NO APLICA,NO APLICA,NO APLICA,NO APLICA,NO APLICA
1802,DAÑOS,2020-10-21,2020,15:40,TARDE,MIERCOLES,CENTRO,CALLE 31 CARRERA 33,URBANA,TECNICO,3.52859,-76.30322,NO APLICA,NO APLICA,NO APLICA,CHOQUE,ARRANCAR SIN PRECAUCION,NO APLICA 2020,NO APLICA,BUS,CHEVROLET,GUACARI,PUBLICO,NO APLICA
1803,DAÑOS,2020-10-21,2020,15:40,TARDE,MIERCOLES,CENTRO,CALLE 31 CARRERA 33,URBANA,TECNICO,3.52859,-76.30322,NO APLICA,NO APLICA,NO APLICA,CHOQUE,ARRANCAR SIN PRECAUCION,NO APLICA 2020,NO APLICA,AUTOMOVIL,MAZDA,CALI,PARTICULAR,NO APLICA
1804,DAÑOS,2020-10-21,2020,15:05,TARDE,MIERCOLES,SANTA RITA,CARREARA 28 CALLE 38-37,URBANA,TECNICO,3.53496,-76.29772,NO APLICA,NO APLICA,NO APLICA,CHOQUE,NO ESTAR PENDIENTE DE LA VIA,NO APLICA 2020,NO APLICA,CAMIONETA,CHEVROLET,CALI,PARTICULAR,NO APLICA
1805,DAÑOS,2020-10-21,2020,15:05,TARDE,MIERCOLES,SANTA RITA,CARREARA 28 CALLE 38-37,URBANA,TECNICO,3.53496,-76.29772,NO APLICA,NO APLICA,NO APLICA,CHOQUE,NO ESTAR PENDIENTE DE LA VIA,NO APLICA 2020,NO APLICA,AUTOMOVIL,KIA,CALI,PARTICULAR,NO APLICA
1806,HERIDOS,2020-10-22,2020,15:30,TARDE,JUEVES,TREBOL,CARRERA 21 CALLE 26,URBANA,TECNICO,3.52256,-76.29344,MOTOCICLISTA,1,NO APLICA,CHOQUE,DESOBEDECER SEÑALES,NO APLICA 2020,SANTA BARBARA,MOTO,JIALING,GUACARI,PARTICULAR,NO APLICA
1807,HERIDOS,2020-10-22,2020,15:30,TARDE,JUEVES,TREBOL,CARRERA 21 CALLE 26,URBANA,TECNICO,3.52256,-76.29344,NO APLICA,NO APLICA,NO APLICA,CHOQUE,DESOBEDECER SEÑALES,NO APLICA 2020,NO APLICA,MOTO,HONDA,GUACARI,PARTICULAR,NO APLICA
1808,HERIDOS,2020-10-22,2020,15:30,TARDE,JUEVES,TREBOL,CARRERA 21 CALLE 26,URBANA,TECNICO,3.52256,-76.29344,PEATON,1,NO APLICA,CHOQUE,DESOBEDECER SEÑALES,NO APLICA 2020,SANTA BARBARA,NO APLICA,NO APLICA,NO APLICA,NO APLICA,NO APLICA
1809,HERIDOS,2020-10-22,2020,20:20,NOCHE,JUEVES,COLOMBIA,CARRERA 31 CALLE 38,URBANA,TECNICO,3.53521,-76.30036,MOTOCICLISTA,1,NO APLICA,CHOQUE,DESOBEDECER SEÑALES,NO APLICA 2020,PALMIRA,MOTO,HERO,FLORIDA,PARTICULAR,NO APLICA
1810,HERIDOS,2020-10-22,2020,20:20,NOCHE,JUEVES,COLOMBIA,CARRERA 31 CALLE 38,URBANA,TECNICO,3.53521,-76.30036,NO APLICA,NO APLICA,NO APLICA,CHOQUE,DESOBEDECER SEÑALES,NO APLICA 2020,NO APLICA,AUTOMOVIL,CHEVROLET,CALI,PARTICULAR,NO APLICA
1811,DAÑOS,2020-10-22,2020,20:30,NOCHE,JUEVES,LA ITALIA,TRSVERSAL 4 CALLE 28-27,URBANA,TECNICO,3.50076,-76.30129,NO APLICA,NO APLICA,NO APLICA,CHOQUE,NO ESTAR PENDIENTE DE LA VIA,NO APLICA 2020,NO APLICA,AUTOMOVIL,CHERRY,CALI,PARTICULAR,NO APLICA
1812,HERIDOS,2020-10-23,2020,20:10,NOCHE,VIERNES,COLOMBINA,CALLE 31 CARRERA 17,URBANA,TECNICO,3.52678,-76.28948,MOTOCICLISTA,1,NO APLICA,CHOQUE,ARRANCAR SIN PRECAUCION,NO APLICA 2020,SANTA BARBARA,MOTO,YAMAHA,PRADERA,PARTICULAR,NO APLICA
1813,HERIDOS,2020-10-23,2020,20:10,NOCHE,VIERNES,COLOMBINA,CALLE 31 CARRERA 17,URBANA,TECNICO,3.52678,-76.28948,NO APLICA,NO APLICA,NO APLICA,CHOQUE,ARRANCAR SIN PRECAUCION,NO APLICA 2020,NO APLICA,CAMPERO,KIA,MANIZALES,PARTICULAR,NO APLICA
1814,HERIDOS,2020-10-23,2020,20:10,NOCHE,VIERNES,COLOMBINA,CALLE 31 CARRERA 17,URBANA,TECNICO,3.52678,-76.28948,ACOMPAÑANTE MOTOCICLISTA,1,NO APLICA,CHOQUE,ARRANCAR SIN PRECAUCION,NO APLICA 2020,SANTA BARBARA,NO APLICA,NO APLICA,NO APLICA,NO APLICA,NO APLICA
1815,DAÑOS,2020-10-24,2020,11:40,MAÑANA,SABADO,PRIMERO DE MAYO,CALLE 42 CARRERA 13,URBANA,TECNICO,3.53702,-76.28573,NO APLICA,NO APLICA,NO APLICA,CHOQUE,ADELANTAR CERRANDO,NO APLICA 2020,NO APLICA,AUTOMOVIL,CHEVROLET,PALMIRA,NO APLICA,NO APLICA
1816,DAÑOS,2020-10-24,2020,11:40,MAÑANA,SABADO,PRIMERO DE MAYO,CALLE 42 CARRERA 13,URBANA,TECNICO,3.53702,-76.28573,NO APLICA,NO APLICA,NO APLICA,CHOQUE,ADELANTAR CERRANDO,NO APLICA 2020,NO APLICA,AUTOMOVIL,KIA,PALMIRA,NO APLICA,NO APLICA
1817,HERIDOS,2020-10-24,2020,07:20,MAÑANA,SABADO,INDUSTRIAL,CALLE 42 CARRERA 35,URBANA,TECNICO,3.53873,-76.30687,MOTOCICLISTA,1,NO APLICA,VOLCAMIENTO,POR ESTABLECER,NO APLICA 2020,SANTA BARBARA,MOTO,HERO,FLORIDA,PARTICULAR,NO APLICA
1818,HERIDOS,2020-10-24,2020,07:20,MAÑANA,SABADO,INDUSTRIAL,CALLE 42 CARRERA 35,URBANA,TECNICO,3.53873,-76.30687,NO APLICA,NO APLICA,NO APLICA,VOLCAMIENTO,POR ESTABLECER,NO APLICA 2020,NO APLICA,BUS,AGRALE,GUACARI,PUBLICO,TRANSPORTES ESPECIALES MEJIA
1819,DAÑOS,2020-10-15,2020,12:10,TARDE,JUEVES,LOS SAUSES,CARRERA 1 CALLE 34,URBANA,TECNICO,3.53037,-76.27731,NO APLICA,NO APLICA,NO APLICA,VOLCAMIENTO,IMPERICIA EN ELMANEJO,NO APLICA 2020,NO APLICA,MOTO,SUZUKI,PALMIRA,PARTICULAR,NO APLICA
1820,MUERTO,2020-10-25,2020,18:00,NOCHE,DOMINGO,CENTRO POBLADO LA TORRE,CALLE 10 N 16-502,RURAL,TECNICO,3.61838,-76.42282,MOTOCICLISTA,1,NO APLICA,CHOQUE,CAMBIO DE CARRIL CON O SIN INDICACION,NO APLICA 2020,RAUL ROZO,MOTO,SUZUKI,CALI,PARTICULAR,NO APLICA
1821,MUERTO,2020-10-25,2020,18:00,NOCHE,DOMINGO,CENTRO POBLADO LA TORRE,CALLE 10 N 16-502,RURAL,TECNICO,3.61838,-76.42282,CICLISTA,NO APLICA,1,CHOQUE,CAMBIO DE CARRIL CON O SIN INDICACION,NO APLICA 2020,NO APLICA,BICICLETA,NO APLICA,NO APLICA,PARTICULAR,NO APLICA
1822,MUERTO,2020-10-25,2020,18:00,NOCHE,DOMINGO,CENTRO POBLADO LA TORRE,CALLE 10 N 16-502,RURAL,TECNICO,3.61838,-76.42282,ACOMPAÑANTE MOTOCICLISTA,1,NO APLICA,CHOQUE,CAMBIO DE CARRIL CON O SIN INDICACION,NO APLICA 2020,RAUL ROZO,NO APLICA,NO APLICA,NO APLICA,NO APLICA,NO APLICA
1823,MUERTO,2020-10-25,2020,05:30,MADRUGADA,DOMINGO,VIA CALI PALMIRA,KM 18 + 100 MTS,RURAL,TECNICO,3.52673,-76.32826,MOTOCICLISTA,1,NO APLICA,VOLCAMIENTO,POR ESTABLECER,NO APLICA 2020,VALLE SALUD,MOTO,HONDA,FLORIDA,PARTICULAR,NO APLICA
1824,MUERTO,2020-10-25,2020,05:30,MADRUGADA,DOMINGO,VIA CALI PALMIRA,KM 18 + 100 MTS,RURAL,TECNICO,3.52673,-76.32826,ACOMPAÑANTE MOTOCICLISTA,1,NO APLICA,VOLCAMIENTO,POR ESTABLECER,NO APLICA 2020,VALLE SALUD,MOTO,HONDA,FLORIDA,PARTICULAR,NO APLICA
1825,HERIDOS,2020-10-24,2020,19:00,NOCHE,SABADO,NUEVO,CARRERA 31 CALLE 20,URBANA,TECNICO,3.51893,-76.30312,MOTOCICLISTA,1,NO APLICA,CHOQUE,DESOBEDECER SEÑALES,NO APLICA 2020,PALMIRA,MOTO,HONDA,BUGA,PARTICULAR,NO APLICA
1826,HERIDOS,2020-10-23,2020,21:40,NOCHE,VIERNES,JUAN PABLO,CALLE 46 CARRERA 41-39,URBANA,TECNICO,3.54163,-76.31165,MOTOCICLISTA,1,NO APLICA,CHOQUE,IMPERICIA EN ELMANEJO,NO APLICA 2020,PALMA,MOTO,KAWASAKI,GUADALAJARA DE BUGA,PARTICULAR,NO APLICA
1827,HERIDOS,2020-10-23,2020,21:40,NOCHE,VIERNES,JUAN PABLO,CALLE 46 CARRERA 41-39,URBANA,TECNICO,3.54163,-76.31165,ACOMPAÑANTE MOTOCICLISTA,1,NO APLICA,CHOQUE,IMPERICIA EN ELMANEJO,NO APLICA 2020,PALMA,NO APLICA,NO APLICA,NO APLICA,NO APLICA,NO APLICA
1828,DAÑOS,2020-10-26,2020,17:05,TARDE,LUNES,MERCEDES,CARRERA 25 CALLE 57,URBANA,TECNICO,3.54776,-76.28961,NO APLICA,NO APLICA,NO APLICA,CHOQUE,NO RESPETAR PRELACION,NO APLICA 2020,NO APLICA,MOTO,HONDA,PALMIRA,PARTICULAR,NO APLICA
1829,DAÑOS,2020-10-26,2020,17:05,TARDE,LUNES,MERCEDES,CARRERA 25 CALLE 57,URBANA,TECNICO,3.54776,-76.28961,NO APLICA,NO APLICA,NO APLICA,CHOQUE,NO RESPETAR PRELACION,NO APLICA 2020,NO APLICA,AUTOMOVIL,RENAULT,CALI,PARTICULAR,NO APLICA
1830,HERIDOS,2020-10-26,2020,17:00,TARDE,LUNES,SEMBRADOR,CALLE 16 CARRERA 21,URBANA,TECNICO,3.52255,-76.29344,MOTOCICLISTA,1,NO APLICA,CHOQUE,CRUCE REPENTINO,NO APLICA 2020,RAUL,MOTO,KIMCO,CALI,PARTICULAR,NO APLICA
1831,HERIDOS,2020-10-26,2020,17:00,TARDE,LUNES,SEMBRADOR,CALLE 16 CARRERA 21,URBANA,TECNICO,3.52255,-76.29344,NO APLICA,NO APLICA,NO APLICA,CHOQUE,CRUCE REPENTINO,NO APLICA 2020,NO APLICA,AUTOMOVIL,MAZDA,CALI,PARTICULAR,NO APLICA
1832,HERIDOS,2020-10-26,2020,17:00,TARDE,LUNES,SEMBRADOR,CALLE 16 CARRERA 21,URBANA,TECNICO,3.52255,-76.29344,ACOMPAÑANTE MOTOCICLISTA,1,NO APLICA,CHOQUE,CRUCE REPENTINO,NO APLICA 2020,RAUL,NO APLICA,NO APLICA,NO APLICA,NO APLICA,NO APLICA
1833,HERIDOS,2020-10-26,2020,16:50,TARDE,LUNES,SAN PEDRO,CALLE 34 CARRERA 18-74,URBANA,TECNICO,3.53013,-76.28964,NO APLICA,NO APLICA,NO APLICA,CHOQUE,INVADIR CARRIL SENTIDO CONTRARIO,NO APLICA 2020,NO APLICA,MOTO,HONDA,FLORIDA,PARTICULAR,NO APLICA
1834,HERIDOS,2020-10-26,2020,16:50,TARDE,LUNES,SAN PEDRO,CALLE 34 CARRERA 18-74,URBANA,TECNICO,3.53013,-76.28964,NO APLICA,NO APLICA,NO APLICA,CHOQUE,INVADIR CARRIL SENTIDO CONTRARIO,NO APLICA 2020,NO APLICA,MOTO,AKT,PRADERA,PARTICULAR,NO APLICA
1835,HERIDOS,2020-10-26,2020,16:50,TARDE,LUNES,SAN PEDRO,CALLE 34 CARRERA 18-74,URBANA,TECNICO,3.53013,-76.28964,ACOMPAÑANTE MOTOCICLISTA,1,NO APLICA,CHOQUE,INVADIR CARRIL SENTIDO CONTRARIO,NO APLICA 2020,PALMA,NO APLICA,NO APLICA,NO APLICA,NO APLICA,NO APLICA
1836,DAÑOS,2020-10-26,2020,09:20,TARDE,LUNES,CENTRO POBLADO AGUACLARA,CASA5,RURAL,TECNICO,3.50248,-76.239,NO APLICA,NO APLICA,NO APLICA,CHOQUE,GIRAR BRUSCAMENTE,NO APLICA 2020,NO APLICA,AUTOMOVIL,MERCEDES BENZ,CALI,PARTICULAR,NO APLICA
1837,DAÑOS,2020-10-26,2020,09:20,TARDE,LUNES,CENTRO POBLADO AGUACLARA,CASA5,RURAL,TECNICO,3.50248,-76.239,NO APLICA,NO APLICA,NO APLICA,CHOQUE,GIRAR BRUSCAMENTE,NO APLICA 2020,NO APLICA,MOTO,YAMAHA,PRADERA,PARTICULAR,NO APLICA
1838,DAÑOS,2020-10-27,2020,14:15,TARDE,MARTES,RECREO,CARRERA 24 CALLE 22,URBANA,TECNICO,3.51972,-76.29586,NO APLICA,NO APLICA,NO APLICA,CHOQUE,NO RESPETAR PRELACION,NO APLICA 2020,NO APLICA,CAMPERO,RENAULT,MINTRANSPORTE,OFICIAL,NO APLICA
1839,DAÑOS,2020-10-27,2020,14:15,TARDE,MARTES,RECREO,CARRERA 24 CALLE 22,URBANA,TECNICO,3.51972,-76.29586,NO APLICA,NO APLICA,NO APLICA,CHOQUE,NO RESPETAR PRELACION,NO APLICA 2020,NO APLICA,CAMIONETA,RENAULT,PALMIRA,PARTICULAR,NO APLICA
1840,HERIDOS,2020-10-27,2020,14:15,TARDE,MARTES,COLOMBIA,CALLE 33 CARRERA 31,URBANA,TECNICO,3.53103,-76.303,NO APLICA,NO APLICA,NO APLICA,CHOQUE,SEMAFORO EN ROJO,NO APLICA 2020,NO APLICA,AUTOMOVIL,NISSAN,CALI,PARTICULAR,NO APLICA
1841,HERIDOS,2020-10-27,2020,14:15,TARDE,MARTES,COLOMBIA,CALLE 33 CARRERA 31,URBANA,TECNICO,3.53103,-76.303,MOTOCICLISTA,1,NO APLICA,CHOQUE,SEMAFORO EN ROJO,NO APLICA 2020,PALMA,MOTO,YAMAHA,GUACARI,PARTICULAR,NO APLICA
1842,DAÑOS,2020-10-27,2020,19:00,NOCHE,MARTES,SANTA BARBARA,CALLE 31 CARRERA 41,URBANA,TECNICO,3.52978,-76.31143,NO APLICA,NO APLICA,NO APLICA,CHOQUE,INVADIR CARRIL SENTIDO CONTRARIO,NO APLICA 2020,NO APLICA,AUTOMOVIL,MAZDA,CALI,PARTICULAR,NO APLICA
1843,DAÑOS,2020-10-27,2020,19:00,NOCHE,MARTES,SANTA BARBARA,CALLE 31 CARRERA 41,URBANA,TECNICO,3.52978,-76.31143,NO APLICA,NO APLICA,NO APLICA,CHOQUE,INVADIR CARRIL SENTIDO CONTRARIO,NO APLICA 2020,NO APLICA,CAMION,CHEVROLET,BARRANQUILLA,PARTICULAR,NO APLICA