,GRAVEDAD,FECHA,AÑO,HORA,JORNADA,DIA_SEMANA,BARRIO-CORREGIMIENTO-VIA,DIRECCION,ZONA,AUTORIDAD,LAT,LONG,CONDICION_VICTIMA,LESIONADO,HOMICIDIOS,TIPO_ACCIDENTE,HIPOTESIS,GENERO,CLINICA,CLASE_VEHICULO,MARCA,MATRICULA,TIPO DE SERVICIO,EMPRESA
1844,HERIDOS,2020-10-26,2020,11:20,MAÑANA,LUNES,SANTA RITA,CALLE 36 CARRERA 27,URBANA,TECNICO,3.53265,-76.29708,MOTOCICLISTA,1,NO APLICA,CHOQUE,SEMAFORO EN ROJO,NO APLICA 2020,PALMIRA,MOTO,HERO,FLORIDA,PARTICULAR,NO APLICA
1845,HERIDOS,2020-10-26,2020,11:20,MAÑANA,LUNES,SANTA RITA,CALLE 36 CARRERA 27,URBANA,TECNICO,3.53265,-76.29708,MOTOCICLISTA,1,NO APLICA,CHOQUE,SEMAFORO EN ROJO,NO APLICA 2020,PALMIRA,MOTO,HONDA,CALI,PARTICULAR,NO APLICA
1846,HERIDOS,2020-10-26,2020,11:20,MAÑANA,LUNES,SANTA RITA,CALLE 36 CARRERA 27,URBANA,TECNICO,3.53265,-76.29708,ACOMPAÑANTE MOTOCICLISTA,1,NO APLICA,CHOQUE,SEMAFORO EN ROJO,NO APLICA 2020,PALMIRA,NO APLICA,NO APLICA,NO APLICA,NO APLICA,NO APLICA
1847,DAÑOS,2020-10-26,2020,10:30,MAÑANA,LUNES,PARQUEADERO AEROPUERTO,KM 13,RURAL,TECNICO,3.53634,-76.38794,NO APLICA,NO APLICA,NO APLICA,CHOQUE,NO TOMAS LAS MEDIDAS DE PRECAUCION,NO APLICA 2020,NO APLICA,TRACTO CAMION,KENWORTH,DUITAMA,PUBLICO,NO APLICA
1848,DAÑOS,2020-10-26,2020,10:30,MAÑANA,LUNES,PARQUEADERO AEROPUERTO,KM 13,RURAL,TECNICO,3.53634,-76.38794,NO APLICA,NO APLICA,NO APLICA,CHOQUE,NO TOMAS LAS MEDIDAS DE PRECAUCION,NO APLICA 2020,NO APLICA,TRACTO CAMION,INTERNATIONAL,EL CERRITO,PUBLICO,NO APLICA
1849,HERIDOS,2020-10-28,2020,13:00,TARDE,MIERCOLES,CHAPINERO SUR,CALLE 6 CARRERA 31,URBANA,TECNICO,3.50508,-76.31013,MOTOCICLISTA,1,NO APLICA,CHOQUE,NO RESPETAR PRELACION,NO APLICA 2020,PALMIRA,MOTO,HONDA,PALMIRA,PARTICULAR,NO APLICA
1850,HERIDOS,2020-10-28,2020,13:00,TARDE,MIERCOLES,CHAPINERO SUR,CALLE 6 CARRERA 31,URBANA,TECNICO,3.50508,-76.31013,NO APLICA,NO APLICA,NO APLICA,CHOQUE,NO RESPETAR PRELACION,NO APLICA 2020,NO APLICA,AUTOMOVIL,GEELY,PALMIRA,PARTICULAR,NO APLICA
1851,DAÑOS,2020-10-24,2020,18:00,NOCHE,SABADO,CENTRO,CALLE 29 CARRERA 32,URBANA,TECNICO,3.52661,-76.30263,NO APLICA,NO APLICA,NO APLICA,CHOQUE,SEMAFORO EN ROJO,NO APLICA 2020,NO APLICA,AUTOMOVIL,CHEVROLET,PALMIRA,PARTICULAR,NO APLICA
1852,DAÑOS,2020-10-24,2020,18:00,NOCHE,SABADO,CENTRO,CALLE 29 CARRERA 32,URBANA,TECNICO,3.52661,-76.30263,NO APLICA,NO APLICA,NO APLICA,CHOQUE,SEMAFORO EN ROJO,NO APLICA 2020,NO APLICA,MOTO,HONDA,FLORIDA,PARTICULAR,NO APLICA
1853,HERIDOS,2020-10-29,2020,14:40,TARDE,JUEVES,URIBE,CALLE 34 CARRERA 22,URBANA,TECNICO,3.53046,-76.29333,NO APLICA,NO APLICA,NO APLICA,CHOQUE,DESOBEDECER SEÑALES,NO APLICA 2020,NO APLICA,AUTOMOVIL,CHEVROLET,CALI,PARTICULAR,NO APLICA
1854,HERIDOS,2020-10-29,2020,14:40,TARDE,JUEVES,URIBE,CALLE 34 CARRERA 22,URBANA,TECNICO,3.53046,-76.29333,MOTOCICLISTA,1,NO APLICA,CHOQUE,DESOBEDECER SEÑALES,NO APLICA 2020,PALMIRA,MOTO,KIMCO,PALMIRA,PARTICULAR,NO APLICA
1855,HERIDOS,2020-10-29,2020,14:40,TARDE,JUEVES,URIBE,CALLE 34 CARRERA 22,URBANA,TECNICO,3.53046,-76.29333,ACOMPAÑANTE MOTOCICLISTA,1,NO APLICA,CHOQUE,DESOBEDECER SEÑALES,NO APLICA 2020,PALMIRA,NO APLICA,NO APLICA,NO APLICA,NO APLICA,NO APLICA
1856,DAÑOS,2020-10-29,2020,15:30,TARDE,JUEVES,SAN PEDRO,CARRERA 19 CALLE 39,URBANA,TECNICO,3.53465,-76.29057,NO APLICA,NO APLICA,NO APLICA,CHOQUE,DESOBEDECER SEÑALES,NO APLICA 2020,NO APLICA,AUTOMOVIL,HYUNDAI,PALMIRA,PARTICULAR,NO APLICA
1857,DAÑOS,2020-10-29,2020,15:30,TARDE,JUEVES,SAN PEDRO,CARRERA 19 CALLE 39,URBANA,TECNICO,3.53465,-76.29057,NO APLICA,NO APLICA,NO APLICA,CHOQUE,DESOBEDECER SEÑALES,NO APLICA 2020,NO APLICA,CAMIONETA,DFM,GUACARI,PARTICULAR,NO APLICA
1858,HERIDOS,2020-10-28,2020,15:50,TARDE,MIERCOLES,CIUDAD DEL CAMPO,CALLE 100 CARRERA 11,URBANA,TECNICO,3.45522,-76.47066,MOTOCICLISTA,1,NO APLICA,CHOQUE,GIRAR BRUSCAMENTE,NO APLICA 2020,TRAUMA CALI,MOTO,VICTORY,FLORIDA,PARTICULAR,NO APLICA
1859,HERIDOS,2020-10-28,2020,15:50,TARDE,MIERCOLES,CIUDAD DEL CAMPO,CALLE 100 CARRERA 11,URBANA,TECNICO,3.45522,-76.47066,NO APLICA,NO APLICA,NO APLICA,CHOQUE,GIRAR BRUSCAMENTE,NO APLICA 2020,NO APLICA,AUTOMOVIL,RENAULT,BOGOTA,PARTICULAR,NO APLICA
1860,HERIDOS,2020-10-28,2020,15:50,TARDE,MIERCOLES,CIUDAD DEL CAMPO,CALLE 100 CARRERA 11,URBANA,TECNICO,3.45522,-76.47066,ACOMPAÑANTE MOTOCICLISTA,1,NO APLICA,CHOQUE,GIRAR BRUSCAMENTE,NO APLICA 2020,TRAUMA CALI,NO APLICA,NO APLICA,NO,NO APLICA,NO APLICA
1861,DAÑOS,2020-10-30,2020,17:55,TARDE,VIERNES,ESTONIA,CALE 42 CARRRA 30,URBANA,TECNICO,3.53815,-76.29875,NO APLICA,NO APLICA,NO APLICA,CHOQUE,ARRANCAR SIN PRECAUCION,NO APLICA 2020,NO APLICA,AUTOMOVIL,CHEVROLET,CALI,PARTICULAR,NO APLICA
1862,DAÑOS,2020-10-30,2020,17:55,TARDE,VIERNES,ESTONIA,CALE 42 CARRRA 30,URBANA,TECNICO,3.53815,-76.29875,NO APLICA,NO APLICA,NO APLICA,CHOQUE,ARRANCAR SIN PRECAUCION,NO APLICA 2020,NO APLICA,CAMION,INTERNATIONAL,CANDELARIA,OFICIAL,NO APLICA
1863,HERIDOS,2020-10-29,2020,10:00,MAÑANA,JUEVES,GUAYACANES,CALLE 23 CARRERA 23,URBANA,TECNICO,3.52071,-76.29498,MOTOCICLISTA,1,NO APLICA,CHOQUE,DESOBEDECER SEÑALES,NO APLICA 2020,RAUL,MOTO,YAMAHA,CALI,PARTICULAR,NO APLICA
1864,HERIDOS,2020-10-29,2020,10:00,MAÑANA,JUEVES,GUAYACANES,CALLE 23 CARRERA 23,URBANA,TECNICO,3.52071,-76.29498,NO APLICA,NO APLICA,NO APLICA,CHOQUE,DESOBEDECER SEÑALES,NO APLICA 2020,NO APLICA,AUTOMOVIL,CHEVROLET,GUACARI,PARTICULAR,NO APLICA
1865,DAÑOS,2020-10-30,2020,13:00,TARDE,VIERNES,CORONADO,CARRERA 38 CALLE 66-65,URBANA,TECNICO,3.5536,-76.30914,NO APLICA,NO APLICA,NO APLICA,CHOQUE,NO ESTAR PENDIENTE D ELA VIA,NO APLICA 2020,NO APLICA,AUTOMOVIL,MAZDA,BOGOTA,PARTICULAR,NO APLICA
1866,DAÑOS,2020-10-30,2020,13:00,TARDE,VIERNES,CORONADO,CARRERA 38 CALLE 66-65,URBANA,TECNICO,3.5536,-76.30914,NO APLICA,NO APLICA,NO APLICA,CHOQUE,NO ESTAR PENDIENTE D ELA VIA,NO APLICA 2020,NO APLICA,CAMION,MITSUBISHI,CUNDINAMARCA,PUBLICO,NO APLICA
1867,HERIDOS,2020-10-29,2020,12:20,TARDE,JUEVES,OBRERO,CALLE 37 CARRERA 26,URBANA,TECNICO,3.53334,-76.29617,NO APLICA,NO APLICA,NO APLICA,CHOQUE,ARRANCAR SIN PRECAUCION,NO APLICA 2020,NO APLICA,AUTOMOVIL,CHEVROLET,CALI,PARTICULAR,NO APLICA
1868,HERIDOS,2020-10-29,2020,12:20,TARDE,JUEVES,OBRERO,CALLE 37 CARRERA 26,URBANA,TECNICO,3.53334,-76.29617,PEATON,1,NO APLICA,CHOQUE,ARRANCAR SIN PRECAUCION,NO APLICA 2020,PALMIRA,NO APLICA,NO APLICA,NO,NO APLICA,NO APLICA
1869,DAÑOS,2020-10-31,2020,13:20,TARDE,SABADO,MERCEDES,CARRERA 28 BCALLE 57,URBANA,TECNICO,3.54738,-76.29436,NO APLICA,NO APLICA,NO APLICA,CHOQUE,ADELANTAR CERRANDO,NO APLICA 2020,NO APLICA,AUTOMOVIL,MAZDA,CALI,PARTICULAR,NO APLICA
1870,DAÑOS,2020-10-31,2020,13:20,TARDE,SABADO,MERCEDES,CARRERA 28 BCALLE 57,URBANA,TECNICO,3.54738,-76.29436,NO APLICA,NO APLICA,NO APLICA,CHOQUE,ADELANTAR CERRANDO,NO APLICA 2020,NO APLICA,CAMIONETA,CHEVROLET,BOGOTA,PARTICULAR,NO APLICA
1871,HERIDOS,2020-11-01,2020,07:50,MAÑANA,DOMINGO,VIA PALMIRA POTRERILLO,KM 14 + 35 MTS,URBANA,TECNICO,3.57287,-76.21604,MOTOCICLISTA,1,NO APLICA,VOLCAMIENTO,PERDIDA DEL CONTROL,NO APLICA 2020,RAUL,MOTO,YAMAHA,PRADERA,PARTICULAR,NO APLICA
1872,HERIDOS,2020-11-01,2020,07:50,MAÑANA,DOMINGO,VIA PALMIRA POTRERILLO,KM 14 + 35 MTS,URBANA,TECNICO,3.57287,-76.21604,ACOMPAÑANTE MOTOCICLISTA,1,NO APLICA,VOLCAMIENTO,PERDIDA DEL CONTROL,NO APLICA 2020,RAUL,NO APLICA,NO APLICA,NON,NO APLICA,NO APLICA
1873,HERIDOS,2020-11-01,2020,09:30,MAÑANA,DOMINGO,SAN PEDRO,CARRERA 19 CALLE 38-22,URBANA,TECNICO,3.53399,-76.29055,MOTOCICLISTA,1,NO APLICA,ATROPELLO,CRUZAR SIN OBSERVAR,NO APLICA 2020,PALMA,MOTO,BAJAJ,FLORIDA,PARTICULAR,NO APLICA
1874,HERIDOS,2020-11-01,2020,09:30,MAÑANA,DOMINGO,SAN PEDRO,CARRERA 19 CALLE 38-22,URBANA,TECNICO,3.53399,-76.29055,CICLISTA,1,NO APLICA,ATROPELLO,CRUZAR SIN OBSERVAR,NO APLICA 2020,PALMA,BICICLETA,NO APLICA,FLORIDA,PARTICULAR,NO APLICA
1875,HERIDOS,2020-11-01,2020,12:15,TARDE,DOMINGO,CENTRO POBLADO GUAYABAL,KM 5,RURAL,TECNICO,3.54724,-76.26224,CICLISTA,1,NO APLICA,CHOQUE,ADEALNTAR ZON PROHIBIDA,NO APLICA 2020,PALMA,BICICLETA,TODO TERRENO,NO APLICA,PARTICULAR,NO APLICA
1876,HERIDOS,2020-11-01,2020,12:15,TARDE,DOMINGO,CENTRO POBLADO GUAYABAL,KM 5,RURAL,TECNICO,3.54724,-76.26224,NO APLICA,NO APLICA,NO APLICA,CHOQUE,ADEALNTAR ZON PROHIBIDA,NO APLICA 2020,NO APLICA,CAMPERO,TOYOTA,CALI,PARTICULAR,NO APLICA
1877,HERIDOS,2020-10-31,2020,22:30,NOCHE,SABADO,ZAMORANO,DIAGONAL 63 CARRERA 33,URBANA,TECNICO,3.55721,-76.30064,MOTOCICLISTA,1,NO APLICA,CHOQUE,NO STAR PNDIENTE DE LA VIA,NO APLICA 2020,PALMA,MOTO,YAMAHA,PRADERA,PARTICULAR,NO APLICA
1878,HERIDOS,2020-10-31,2020,22:30,NOCHE,SABADO,ZAMORANO,DIAGONAL 63 CARRERA 33,URBANA,TECNICO,3.55721,-76.30064,NO APLICA,NO APLICA,NO APLICA,CHOQUE,NO STAR PNDIENTE DE LA VIA,NO APLICA 2020,NO APLICA,AUTOMOVIL,RENAULT,BOGOTA,PARTICULAR,NO APLICA
1879,HERIDOS,2020-10-31,2020,22:30,NOCHE,SABADO,ZAMORANO,DIAGONAL 63 CARRERA 33,URBANA,TECNICO,3.55721,-76.30064,ACOMPAÑANTE MOTOCICLISTA,1,NO APLICA,CHOQUE,NO STAR PNDIENTE DE LA VIA,NO APLICA 2020,PALMA,NO APLICA,NO APLICA,NO APLICA,NO APLICA,NO APLICA
1880,MUERTO,2020-10-30,2020,23:30,NOCHE,VIERNES,CENTRO POBLADO ROZO,AVENIDAD 9 N13-181,URBANA,TECNICO,3.61585,-76.38879,MOTOCICLISTA,NO APLICA,1,CHOQUE,POR ESTABLECER,NO APLICA 2020,NO APLICA,MOTO,AKT,BUGA,PARTICULAR,NO APLICA
1881,DAÑOS,2020-11-02,2020,15:50,TARDE,LUNES,RECREO,CALLE 22 CARRERA 28,URBANA,TECNICO,3.52022,-76.29992,NO APLICA,NO APLICA,NO APLICA,CHOQUE,DESOBEDECER SEÑALES,NO APLICA 2020,NO APLICA,CAMIONETA,JAC,FLORIDA,PARTICULAR,NO APLICA
1882,DAÑOS,2020-11-02,2020,15:50,TARDE,LUNES,RECREO,CALLE 22 CARRERA 28,URBANA,TECNICO,3.52022,-76.29992,NO APLICA,NO APLICA,NO APLICA,CHOQUE,DESOBEDECER SEÑALES,NO APLICA 2020,NO APLICA,MOTO,VICTORY,JAMUNDI,PARTICULAR,NO APLICA
1883,DAÑOS,2020-11-02,2020,18:20,NOCHE,LUNES,LAS FLORES,CALLE 21 CARRERA 4,URBANA,TECNICO,3.5187,-76.28003,NO APLICA,NO APLICA,NO APLICA,CHOQUE,FALTA DE PRECAUCION,NO APLICA 2020,NO APLICA,AUTOMOVIL,FORD,CALI,PARTICULAR,NO APLICA
1884,DAÑOS,2020-11-02,2020,19:00,NOCHE,LUNES,SANTA BARBARA,CALLE 31 CARRERA 44-45,URBANA,TECNICO,3.52986,-76.31501,NO APLICA,NO APLICA,NO APLICA,CHOQUE,NO MANTENER DISTANCIA,NO APLICA 2020,NO APLICA,AUTOMOVIL,KIA,PALMIRA,PARTICULAR,NO APLICA
1885,DAÑOS,2020-11-02,2020,19:00,NOCHE,LUNES,SANTA BARBARA,CALLE 31 CARRERA 44-45,URBANA,TECNICO,3.52986,-76.31501,NO APLICA,NO APLICA,NO APLICA,CHOQUE,NO MANTENER DISTANCIA,NO APLICA 2020,NO APLICA,AUTOMOVIL,CHEVROLET,CALI,PARTICULAR,NO APLICA
1886,DAÑOS,2020-11-03,2020,16:50,TARDE,MARTES,PRADO,CALLE 42 CARRERA 41,URBANA,TECNICO,3.53892,-76.3115,NO APLICA,NO APLICA,NO APLICA,CHOQUE,NO MANTENER DISTANCIA,NO APLICA 2020,NO APLICA,AUTOMOVIL,CHEVROLET,CALI,PARTICULAR,NO APLICA
1887,DAÑOS,2020-11-03,2020,16:50,TARDE,MARTES,PRADO,CALLE 42 CARRERA 41,URBANA,TECNICO,3.53892,-76.3115,NO APLICA,NO APLICA,NO APLICA,CHOQUE,NO MANTENER DISTANCIA,NO APLICA 2020,NO APLICA,CAMIONETA,FORD,CALI,PARTICULAR,NO APLICA
1888,DAÑOS,2020-10-31,2020,19:25,NOCHE,SABADO,VERSALLES,CALLE 42 CARRERA 28,URBANA,TECNICO,3.53804,-76.29741,NO APLICA,NO APLICA,NO APLICA,CHOQUE,NO MANTENER DISTANCIA DE SEGURIDAD,NO APLICA 2020,NO APLICA,CAMIONETA,MAZDA,CALI,PARTICULAR,NO APLICA
1889,DAÑOS,2020-10-31,2020,19:25,NOCHE,SABADO,VERSALLES,CALLE 42 CARRERA 28,URBANA,TECNICO,3.53804,-76.29741,NO APLICA,NO APLICA,NO APLICA,CHOQUE,NO MANTENER DISTANCIA DE SEGURIDAD,NO APLICA 2020,NO APLICA,AUTOMOVIL,KIA,PALMIRA,PUBLICO,TRANS UNIDOS
1890,DAÑOS,2020-10-31,2020,19:25,NOCHE,SABADO,VERSALLES,CALLE 42 CARRERA 28,URBANA,TECNICO,3.53804,-76.29741,NO APLICA,NO APLICA,NO APLICA,CHOQUE,NO MANTENER DISTANCIA DE SEGURIDAD,NO APLICA 2020,NO APLICA,AUTOMOVIL,HYUNDAI,CALI,PARTICULAR,NO APLICA
1891,HERIDOS,2020-10-30,2020,07:10,MAÑANA,VIERNES,LA ITALIA,TRASVERSAL 30 CARRERA 4E,URBANA,TECNICO,3.51872,-76.27579,MOTOCICLISTA,1,NO APLICA,CHOQUE,CRUAZAR CON O SIN INDICACION,NO APLICA 2020,RAUL,MOTO,BAJAJ,PALMIRA,PARTICULAR,NO APLICA
1892,HERIDOS,2020-10-30,2020,07:10,MAÑANA,VIERNES,LA ITALIA,TRASVERSAL 30 CARRERA 4E,URBANA,TECNICO,3.51872,-76.27579,MOTOCICLISTA,1,NO APLICA,CHOQUE,CRUAZAR CON O SIN INDICACION,NO APLICA 2020,RAUL,MOTO,YAMAHA,CALI,PARTICULAR,NO APLICA
1893,HERIDOS,2020-10-30,2020,07:10,MAÑANA,VIERNES,LA ITALIA,TRASVERSAL 30 CARRERA 4E,URBANA,TECNICO,3.51872,-76.27579,ACOMPAÑANTE MOTOCICLISTA,1,NO APLICA,CHOQUE,CRUAZAR CON O SIN INDICACION,NO APLICA 2020,RAUL,NO APLICA,NO APLICA,NO APLICA,NO APLICA,NO APLICA
1894,DAÑOS,2020-11-04,2020,08:20,MAÑANA,MIERCOLES,LORETO,CARRERA 35 CALLE 36-77,URBANA,TECNICO,3.5344,-76.30574,NO APLICA,NO APLICA,NO APLICA,CHOQUE,NO MANTENER DISTANCIA,NO APLICA 2020,NO APLICA,CAMIONETA,RENAULT,PALMIRA,PARTICULAR,NO APLICA
1895,DAÑOS,2020-11-04,2020,08:20,MAÑANA,MIERCOLES,LORETO,CARRERA 35 CALLE 36-77,URBANA,TECNICO,3.5344,-76.30574,NO APLICA,NO APLICA,NO APLICA,CHOQUE,NO MANTENER DISTANCIA,NO APLICA 2020,NO APLICA,AUTOMOVIL,CHEVROLET,EL CERRITO,PARTICULAR,NO APLICA
1896,DAÑOS,2020-11-04,2020,09:40,MAÑANA,MIERCOLES,PRIMERO DE MAYO,CALLE 42 CARRERA 18,URBANA,TECNICO,3.53713,-76.28974,NO APLICA,NO APLICA,NO APLICA,CHOQUE,NO TOMAR LA MEDIDAS DE PRECUCION APARA ADELANTAR,NO APLICA 2020,NO APLICA,CAMIONETA,MAZDA,CALI,PARTICULAR,NO APLICA
1897,DAÑOS,2020-11-04,2020,09:40,MAÑANA,MIERCOLES,PRIMERO DE MAYO,CALLE 42 CARRERA 18,URBANA,TECNICO,3.53713,-76.28974,NO APLICA,NO APLICA,NO APLICA,CHOQUE,NO TOMAR LA MEDIDAS DE PRECUCION APARA ADELANTAR,NO APLICA 2020,NO APLICA,MOTO,AKT,PRADERA,PARTICULAR,NO APLICA
1898,DAÑOS,2020-10-31,2020,15:30,TARDE,SABADO,MUNICIPAL,CARRERA 1 CALLE 32-32A,URBANA,TECNICO,3.52748,-76.27754,NO APLICA,NO APLICA,NO APLICA,CHOQUE,NO MANTENER DISTANCIA  DE SEGURIDAD,NO APLICA 2020,NO APLICA,CAMIONETA,KIA,CALI,PARTICULAR,NO APLICA
1899,DAÑOS,2020-10-31,2020,15:30,TARDE,SABADO,MUNICIPAL,CARRERA 1 CALLE 32-32A,URBANA,TECNICO,3.52748,-76.27754,NO APLICA,NO APLICA,NO APLICA,CHOQUE,NO MANTENER DISTANCIA  DE SEGURIDAD,NO APLICA 2020,NO APLICA,BUS,HINO,GUACARI,PUBLICO,BRASILIA
1900,DAÑOS,2020-11-04,2020,15:30,TARDE,MIERCOLES,FRAY LUIS AMIGO,CALLE 40 CARRERA 37-25,URBANA,TECNICO,3.53679,-76.30831,NO APLICA,NO APLICA,NO APLICA,CHOQUE,REMOLCAR VEHICULO SIN LAS DEBIDADSPRECAUCIONES,NO APLICA 2020,NO APLICA,AUTOMOVIL,KIA,PALMIRA,PUBLICO,COOTRANSPAL
1901,DAÑOS,2020-11-04,2020,15:30,TARDE,MIERCOLES,FRAY LUIS AMIGO,CALLE 40 CARRERA 37-25,URBANA,TECNICO,3.53679,-76.30831,NO APLICA,NO APLICA,NO APLICA,CHOQUE,REMOLCAR VEHICULO SIN LAS DEBIDADSPRECAUCIONES,NO APLICA 2020,NO APLICA,CAMIONETA,FORD,CALI,PARTICULAR,NO APLICA
1902,HERIDOS,2020-11-01,2020,10:10,MAÑANA,DOMINGO,SAMANES,CALLE 47 CARRERA 28,URBANA,TECNICO,3.54219,-76.29663,NO APLICA,NO APLICA,NO APLICA,CHOQUE,NO RESPETAR PRELACION,NO APLICA 2020,NO APLICA,MOTO,YAMAHA,FLORIDA,PARTICULAR,NO APLICA
1903,HERIDOS,2020-11-01,2020,10:10,MAÑANA,DOMINGO,SAMANES,CALLE 47 CARRERA 28,URBANA,TECNICO,3.54219,-76.29663,NO APLICA,NO APLICA,NO APLICA,CHOQUE,NO RESPETAR PRELACION,NO APLICA 2020,NO APLICA,MOTO,AKT,PRADERA,PARTICULAR,NO APLICA
1904,HERIDOS,2020-11-01,2020,10:10,MAÑANA,DOMINGO,SAMANES,CALLE 47 CARRERA 28,URBANA,TECNICO,3.54219,-76.29663,ACOMPAÑANTE MOTOCICLISTA,1,NO APLICA,CHOQUE,NO RESPETAR PRELACION,NO APLICA 2020,PALMA,NO APLICA,NO APLICA,NO APLICA,NO APLICA,NO APLICA
1905,DAÑOS,2020-11-04,2020,17:40,TARDE,MIERCOLES,INDUSTRIAL,CALLE 42 CARRERA 35,URBANA,TECNICO,3.53873,-76.30643,NO APLICA,NO APLICA,NO APLICA,CHOQUE,NO MANTENER DISTANCIA DE SEGURIDAD,NO APLICA 2020,NO APLICA,AUTOMOVIL,HYUNDAI,CALI,PARTICULAR,NO APLICA
1906,DAÑOS,2020-11-04,2020,17:40,TARDE,MIERCOLES,INDUSTRIAL,CALLE 42 CARRERA 35,URBANA,TECNICO,3.53873,-76.30643,NO APLICA,NO APLICA,NO APLICA,CHOQUE,NO MANTENER DISTANCIA DE SEGURIDAD,NO APLICA 2020,NO APLICA,AUTOMOVIL,KIA,CALI,PARTICULAR,NO APLICA
1907,DAÑOS,2020-11-06,2020,06:50,MAÑANA,VIERNES,VERSALLES,CALLE 42 CARRERA 27,URBANA,TECNICO,3.53789,-76.2962,NO APLICA,NO APLICA,NO APLICA,CHOQUE,NO TOMAR LA MEDIDAS DE PRECUCION APARA ADELANTAR,NO APLICA 2020,NO APLICA,AUTOMOVIL,CHEVROLET,GUACARI,PARTICULAR,NO APLICA
1908,DAÑOS,2020-11-06,2020,06:50,MAÑANA,VIERNES,VERSALLES,CALLE 42 CARRERA 27,URBANA,TECNICO,3.53789,-76.2962,NO APLICA,NO APLICA,NO APLICA,CHOQUE,NO TOMAR LA MEDIDAS DE PRECUCION APARA ADELANTAR,NO APLICA 2020,NO APLICA,MOTO,YAMAHA,PRADERA,PARTICULAR,NO APLICA
1909,DAÑOS,2020-11-06,2020,16:00,TARDE,VIERNES,NUEVO,CARRERA 31 CALLE 24,URBANA,TECNICO,3.5223,-76.30257,NO APLICA,NO APLICA,NO APLICA,CHOQUE,UBICARSE DENRO DOS CARRILES,NO APLICA 2020,NO APLICA,AUTOMOVIL,CHEVROLET,PRADERA,PARTICULAR,NO APLICA
1910,DAÑOS,2020-11-06,2020,16:00,TARDE,VIERNES,NUEVO,CARRERA 31 CALLE 24,URBANA,TECNICO,3.5223,-76.30257,NO APLICA,NO APLICA,NO APLICA,CHOQUE,UBICARSE DENRO DOS CARRILES,NO APLICA 2020,NO APLICA,MOTO,AKT,CALI,PARTICULAR,NO APLICA
1911,DAÑOS,2020-11-06,2020,16:00,TARDE,VIERNES,VERSALLES,CALLE 42 CARRERA 28,URBANA,TECNICO,3.53812,-76.29703,NO APLICA,NO APLICA,NO APLICA,CHOQUE,ESTACIONARSE SIN LA MEDIDAS DE PECAUCION,NO APLICA 2020,NO APLICA,AUTOMOVIL,CHERY,PALMIRA,PUBLICO,COOTRANSPAL
1912,DAÑOS,2020-11-06,2020,16:00,TARDE,VIERNES,VERSALLES,CALLE 42 CARRERA 28,URBANA,TECNICO,3.53812,-76.29703,NO APLICA,NO APLICA,NO APLICA,CHOQUE,ESTACIONARSE SIN LA MEDIDAS DE PECAUCION,NO APLICA 2020,NO APLICA,BUS,HINO,IBAGUE,PUBLICO,COODETRANS PALMIRA
1913,HERIDOS,2020-11-06,2020,20:20,NOCHE,VIERNES,LA ITALIA,CARRERA 26 CALLE 6,URBANA,TECNICO,3.50534,-76.29749,MOTOCICLISTA,1,NO APLICA,CHOQUE,ADELANTAR INVADIENDO CARRIL,NO APLICA 2020,PALMA,MOTO,YAMAHA,PRADERA,PARTICULAR,NO APLICA
1914,HERIDOS,2020-11-06,2020,20:20,NOCHE,VIERNES,LA ITALIA,CARRERA 26 CALLE 6,URBANA,TECNICO,3.50534,-76.29749,MOTOCICLISTA,1,NO APLICA,CHOQUE,ADELANTAR INVADIENDO CARRIL,NO APLICA 2020,PALMA,MOTO,VICTORY,FLORIDA,PARTICULAR,NO APLICA
1915,MUERTO,2020-11-07,2020,14:30,TARDE,SABADO,CENTRO POBLADO GUAYABAL,PREDIO K 3  + 252,RURAL,TECNICO,3.54613,-76.26432,MOTOCICLISTA,1,NO APLICA,VOLCAMIENTO,POR ESTABLECER,NO APLICA 2020,RAUL,MOTO,SUZUKI,FLORIDA,PARTICULAR,NO APLICA
1916,MUERTO,2020-11-07,2020,14:30,TARDE,SABADO,CENTRO POBLADO GUAYABAL,PREDIO K 3  + 252,RURAL,TECNICO,3.54613,-76.26432,ACOMPAÑANTE MOTOCICLISTA,NO APLICA,1,VOLCAMIENTO,POR ESTABLECER,NO APLICA 2020,NO APLICA,NO APLICA,NO APLICA,NO APLICA,NO APLICA,NO APLICA
1917,DAÑOS,2020-11-07,2020,16:00,TARDE,SABADO,LOS PINOS,CALLE 42 CARRERA 22,URBANA,TECNICO,3.53726,-76.29239,NO APLICA,NO APLICA,NO APLICA,CHOQUE,ADELANTAR EN INTERSECCION,NO APLICA 2020,NO APLICA,CAMIONETA,NISSAN,CALI,PARTICULAR,NO APLICA
1918,DAÑOS,2020-11-07,2020,16:00,TARDE,SABADO,LOS PINOS,CALLE 42 CARRERA 22,URBANA,TECNICO,3.53726,-76.29239,NO APLICA,NO APLICA,NO APLICA,CHOQUE,ADELANTAR EN INTERSECCION,NO APLICA 2020,NO APLICA,MOTO,AKT,PRADERA,PARTICULAR,NO APLICA