,GRAVEDAD,FECHA,AÑO,HORA,JORNADA,DIA_SEMANA,BARRIO-CORREGIMIENTO-VIA,DIRECCION,ZONA,AUTORIDAD,LAT,LONG,CONDICION_VICTIMA,LESIONADO,HOMICIDIOS,TIPO_ACCIDENTE,HIPOTESIS,GENERO,CLINICA,CLASE_VEHICULO,MARCA,MATRICULA,TIPO DE SERVICIO,EMPRESA
1919,HERIDOS,2020-11-07,2020,20:20,NOCHE,SABADO,TRINIDAD,CALLE 28 CARRERA23,URBANA,TECNICO,3.52473,-76.29501,MOTOCICLISTA,1,NO APLICA,CHOQUE,DESOBEDECER SEÑALES,NO APLICA 2020,PALMIRA,MOTO,AKT,PRADERA,PARTICULAR,NO APLICA
1920,HERIDOS,2020-11-07,2020,20:20,NOCHE,SABADO,TRINIDAD,CALLE 28 CARRERA23,URBANA,TECNICO,3.52473,-76.29501,NO APLICA,NO APLICA,NO APLICA,CHOQUE,DESOBEDECER SEÑALES,NO APLICA 2020,NO APLICA,CAMIONETA,CHEVROLET,BOGOTA,PARTICULAR,NO APLICA
1921,HERIDOS,2020-11-07,2020,20:20,NOCHE,SABADO,TRINIDAD,CALLE 28 CARRERA23,URBANA,TECNICO,3.52473,-76.29501,ACOMPAÑANTE MOTOCICLISTA,1,NO APLICA,CHOQUE,DESOBEDECER SEÑALES,NO APLICA 2020,PALMIRA,NO APLICA,NO APLICA,NO APLICA,NO APLICA,NO APLICA
1922,HERIDOS,2020-11-08,2020,16:30,TARDE,DOMINGO,ZAMORANO,CARRERA 38 CALLE 59-30,URBANA,TECNICO,3.5497,-76.30943,NO APLICA,NO APLICA,NO APLICA,CHOQUE,POR ESTABLECER,NO APLICA 2020,NO APLICA,AUTOMOVIL,KIA,PALMIRA,PUBLICO,NO APLICA
1923,HERIDOS,2020-11-08,2020,16:30,TARDE,DOMINGO,ZAMORANO,CARRERA 38 CALLE 59-30,URBANA,TECNICO,3.5497,-76.30943,CICLISTA,1,NO APLICA,CHOQUE,POR ESTABLECER,NO APLICA 2020,RAUL,BICICLETA,NO APLICA,NO APLICA,PARTICULAR,NO APLICA
1924,HERIDOS,2020-11-08,2020,07:00,MAÑANA,DOMINGO,BIZERTA,CALLE 37 CARRERA 22,URBANA,TECNICO,3.53297,-76.29303,MOTOCICLISTA,1,NO APLICA,CHOQUE,INVDIR CARRIL DE SENTIDO CONTRARIO,NO APLICA 2020,PALMA,MOTO,KIMCO,FLORIDA,PARTICULAR,NO APLICA
1925,HERIDOS,2020-11-08,2020,07:00,MAÑANA,DOMINGO,BIZERTA,CALLE 37 CARRERA 22,URBANA,TECNICO,3.53297,-76.29303,NO APLICA,NO APLICA,NO APLICA,CHOQUE,INVDIR CARRIL DE SENTIDO CONTRARIO,NO APLICA 2020,NO APLICA,MOTO,YAMAHA,YUMBO,PARTICULAR,NO APLICA
1926,DAÑOS,2020-11-08,2020,10:00,MAÑANA,DOMINGO,POBLADO,CALLE 44 CARRERA 1 1,URBANA,TECNICO,3.53982,-76.28379,NO APLICA,NO APLICA,NO APLICA,VOLCAMIENTO,PERDIDA DEL CONTROL,NO APLICA 2020,NO APLICA,MOTO,BAJAJ,YUMBO,PARTICULAR,NO APLICA
1927,HERIDOS,2020-11-08,2020,11:00,MAÑANA,DOMINGO,SAN PEDRO,CARRERA 9 B CALLE 35,URBANA,TECNICO,3.53202,-76.28211,MOTOCICLISTA,1,NO APLICA,CHOQUE,PONER EN MARCHA VEHICULO SIN PRECAUCION,NO APLICA 2020,RAUL,MOTO,HONDA,TUUA,PARTICULAR,NO APLICA
1928,HERIDOS,2020-11-08,2020,11:00,MAÑANA,DOMINGO,SAN PEDRO,CARRERA 9 B CALLE 35,URBANA,TECNICO,3.53202,-76.28211,NO APLICA,NO APLICA,NO APLICA,CHOQUE,PONER EN MARCHA VEHICULO SIN PRECAUCION,NO APLICA 2020,NO APLICA,CAMPERO,RENAULT,BOGOTA,PARTICULAR,NO APLICA
1929,HERIDOS,2020-11-08,2020,08:40,MAÑANA,DOMINGO,SAN CAYETANO,CALLE 38 CARRERA 24,URBANA,TECNICO,3.53431,-76.29446,MOTOCICLISTA,1,NO APLICA,CHOQUE,DESOBEDECER SEÑALES,NO APLICA 2020,FRACTURAS,MOTO,AKT,PALMIRA,PARTICULAR,NO APLICA
1930,HERIDOS,2020-11-08,2020,08:40,MAÑANA,DOMINGO,SAN CAYETANO,CALLE 38 CARRERA 24,URBANA,TECNICO,3.53431,-76.29446,NO APLICA,NO APLICA,NO APLICA,CHOQUE,DESOBEDECER SEÑALES,NO APLICA 2020,NO APLICA,AUTOMOVIL,RENAULT,PALMIRA,OFICIAL,NO APLICA
1931,HERIDOS,2020-11-11,2020,22:05,NOCHE,MIERCOLES,VERSALLES,CARRERA 28 CALLE 42-43,URBANA,TECNICO,3.53865,-76.29721,CONDUCTOR,1,NO APLICA,CHOQUE,NO MANTENER DISTANCIA,NO APLICA 2020,PALMIRA,AUTOMOVIL,CHEVROLET,TULUA,PARTICULAR,NO APLICA
1932,HERIDOS,2020-11-11,2020,22:05,NOCHE,MIERCOLES,VERSALLES,CARRERA 28 CALLE 42-43,URBANA,TECNICO,3.53865,-76.29721,NO APLICA,NO APLICA,NO APLICA,CHOQUE,NO MANTENER DISTANCIA,NO APLICA 2020,NO APLICA,AUTOMOVIL,SUZUKI,CALI,PARTICULAR,NO APLICA
1933,DAÑOS,2020-11-11,2020,11:00,MAÑANA,MIERCOLES,CENTRO,CALLE 29 CARRERA 27-13,URBANA,TECNICO,3.52603,-76.29852,NO APLICA,NO APLICA,NO APLICA,CHOQUE,NO MANTENER DISTANCIA,NO APLICA 2020,NO APLICA,AUTOMOVIL,KIA,PALMIRA,PARTICULAR,NO APLICA
1934,DAÑOS,2020-11-11,2020,11:00,MAÑANA,MIERCOLES,CENTRO,CALLE 29 CARRERA 27-13,URBANA,TECNICO,3.52603,-76.29852,NO APLICA,NO APLICA,NO APLICA,CHOQUE,NO MANTENER DISTANCIA,NO APLICA 2020,NO APLICA,AUTOMOVIL,CHEVROLET,PALMIRA,PARTICULAR,NO APLICA
1935,HERIDOS,2020-11-11,2020,11:00,MAÑANA,MIERCOLES,VIA PALMIRA POTRERILLO,KM 11 +572,RURAL,TECNICO,3.57064,-76.22106,NO APLICA,NO APLICA,NO APLICA,CHOQUE,NO ESTAR PENDIENTE DE LA VIA,NO APLICA 2020,NO APLICA,CAMIONETA,INTERNATIONAL,PALMIRA,PUBLICO,NO APLICA
1936,HERIDOS,2020-11-11,2020,11:00,MAÑANA,MIERCOLES,VIA PALMIRA POTRERILLO,KM 11 +572,RURAL,TECNICO,3.57064,-76.22106,MOTOCICLISTA,1,NO APLICA,CHOQUE,NO ESTAR PENDIENTE DE LA VIA,NO APLICA 2020,RAUL,MOTO,SUZUKI,JAMUNDI,PARTICULAR,NO APLICA
1937,HERIDOS,2020-11-11,2020,10:00,MAÑANA,MIERCOLES,CENTRO,CARRERA 26 CALLE 32A,URBANA,TECNICO,3.52922,-76.29687,MOTOCICLISTA,1,NO APLICA,CHOQUE,NO RESPETAR PRELACION,NO APLICA 2020,PALMIRA,MOTO,VICTORY,PALMIRA,PARTICULAR,NO APLICA
1938,HERIDOS,2020-11-11,2020,10:00,MAÑANA,MIERCOLES,CENTRO,CARRERA 26 CALLE 32A,URBANA,TECNICO,3.52922,-76.29687,NO APLICA,NO APLICA,NO APLICA,CHOQUE,NO RESPETAR PRELACION,NO APLICA 2020,NO APLICA,AUTOMOVIL,CHEVROLET,CALI,PARTICULAR,NO APLICA
1939,HERIDOS,2020-11-11,2020,10:00,MAÑANA,MIERCOLES,CENTRO,CARRERA 26 CALLE 32A,URBANA,TECNICO,3.52922,-76.29687,ACOMPAÑANTE MOTOCICLISTA,1,NO APLICA,CHOQUE,NO RESPETAR PRELACION,NO APLICA 2020,PALMIRA,NO APLICA,NO APLICA,NO APLICA,NO APLICA,NO APLICA
1940,DAÑOS,2020-11-12,2020,06:40,MAÑANA,JUEVES,CENTRO,CALLE 28 CARRERA 26-25,URBANA,TECNICO,3.52495,-76.29713,NO APLICA,NO APLICA,NO APLICA,CHOQUE,ARRANCAR SIN PRECAUCION,NO APLICA 2020,NO APLICA,AUTOMOVIL,MAZDA,FLORIDA,PARTICULAR,NO APLICA
1941,DAÑOS,2020-11-12,2020,06:40,MAÑANA,JUEVES,CENTRO,CALLE 28 CARRERA 26-25,URBANA,TECNICO,3.52495,-76.29713,NO APLICA,NO APLICA,NO APLICA,CHOQUE,ARRANCAR SIN PRECAUCION,NO APLICA 2020,NO APLICA,MOTO,BAJAJ,ROLDANILLO,PARTICULAR,NO APLICA
1942,DAÑOS,2020-11-12,2020,13:20,TARDE,JUEVES,CENTRO,CALLE 31 CARRERA 32,URBANA,TECNICO,3.52852,-76.30237,NO APLICA,NO APLICA,NO APLICA,CHOQUE,ADELANTAR CERRANDO,NO APLICA 2020,NO APLICA,AUTOMOVIL,HYUNDAI,CALI,PARTICULAR,NO APLICA
1943,DAÑOS,2020-11-12,2020,13:20,TARDE,JUEVES,CENTRO,CALLE 31 CARRERA 32,URBANA,TECNICO,3.52852,-76.30237,NO APLICA,NO APLICA,NO APLICA,CHOQUE,ADELANTAR CERRANDO,NO APLICA 2020,NO APLICA,CAMIONETA,CHEVROLET,CALI,PARTICULAR,NO APLICA
1944,HERIDOS,2020-11-12,2020,07:00,MAÑANA,JUEVES,POBLADO,CALLE 44 CARRERA 14,URBANA,TECNICO,3.53911,-76.28755,MOTOCICLISTA,1,NO APLICA,CHOQUE,NO MANTENER DISTANCIA,NO APLICA 2020,RAUL,MOTO,HONDA,FLORIDA,PARTICULAR,NO APLICA
1945,HERIDOS,2020-11-12,2020,07:00,MAÑANA,JUEVES,POBLADO,CALLE 44 CARRERA 14,URBANA,TECNICO,3.53911,-76.28755,NO APLICA,NO APLICA,NO APLICA,CHOQUE,NO MANTENER DISTANCIA,NO APLICA 2020,NO APLICA,AUTOMOVIL,CHEVROLET,COTA,PARTICULAR,NO APLICA
1946,HERIDOS,2020-11-12,2020,12:20,TARDE,JUEVES,SAN PEDRO,CALLE 34A CARRERA 17,URBANA,TECNICO,3.53004,-76.28864,CONDUCTOR,1,NO APLICA,CHOQUE,DESOBEDECER SEÑALES,NO APLICA 2020,NO APLICA,AUTOMOVIL,MAZDA,TIMBU,PARTICULAR,NO APLICA
1947,HERIDOS,2020-11-12,2020,12:20,TARDE,JUEVES,SAN PEDRO,CALLE 34A CARRERA 17,URBANA,TECNICO,3.53004,-76.28864,NO APLICA,NO APLICA,NO APLICA,CHOQUE,DESOBEDECER SEÑALES,NO APLICA 2020,NO APLICA,AUTOMOVIL,RENAULT,BOGOTA,PARTICULAR,NO APLICA
1948,DAÑOS,2020-11-11,2020,16:30,TARDE,MIERCOLES,ZONA FRANCA PACIFICO,BODEGA 3,RURAL,TECNICO,3.56042,-76.45018,NO APLICA,NO APLICA,NO APLICA,CHOQUE,PUERTAS ABIERTAS,NO APLICA 2020,NO APLICA,CAMION,FOTON,EL CERRITO,PARTICULAR,NO APLICA
1949,DAÑOS,2020-11-11,2020,16:30,TARDE,MIERCOLES,ZONA FRANCA PACIFICO,BODEGA 3,RURAL,TECNICO,3.56042,-76.45018,NO APLICA,NO APLICA,NO APLICA,CHOQUE,PUERTAS ABIERTAS,NO APLICA 2020,NO APLICA,TRACTO CAMION,KENWORTH,NARIÑO,PUBLICO,NO APLICA
1950,DAÑOS,2020-11-13,2020,19:52,NOCHE,VIERNES,COLOMBIA,CARRERA 34 CALLE 33,URBANA,TECNICO,3.53123,-76.30415,NO APLICA,NO APLICA,NO APLICA,CHOQUE,DESOBEDECER SEÑALES,NO APLICA 2020,NO APLICA,AUTOMOVIL,CHEVROLET,CALI,PARTICULAR,NO APLICA
1951,DAÑOS,2020-11-13,2020,19:52,NOCHE,VIERNES,COLOMBIA,CARRERA 34 CALLE 33,URBANA,TECNICO,3.53123,-76.30415,NO APLICA,NO APLICA,NO APLICA,CHOQUE,DESOBEDECER SEÑALES,NO APLICA 2020,NO APLICA,AUTOMOVIL,KIA,CALI,PARTICULAR,NO APLICA
1952,DAÑOS,2020-11-13,2020,23:10,NOCHE,VIERNES,LOPEZ,CARRERA 31 CALLE 38,URBANA,TECNICO,3.52931,-76.30788,NO APLICA,NO APLICA,NO APLICA,CHOQUE,TRANSITAR EN CON TRAVIA,NO APLICA 2020,NO APLICA,AUTOMOVIL,FORD,BOGOTA,PARTICULAR,NO APLICA
1953,DAÑOS,2020-11-13,2020,23:10,NOCHE,VIERNES,LOPEZ,CARRERA 31 CALLE 38,URBANA,TECNICO,3.52931,-76.30788,NO APLICA,NO APLICA,NO APLICA,CHOQUE,TRANSITAR EN CON TRAVIA,NO APLICA 2020,NO APLICA,MOTO,SUZUKI,CALI,PARTICULAR,NO APLICA
1954,HERIDOS,2020-11-13,2020,20:30,NOCHE,VIERNES,PRADO,CARRERA 1 CALLE 33 -47,URBANA,TECNICO,3.52867,-76.2773,MOTOCICLISTA,1,NO APLICA,CHOQUE,POR ESTABLECER,NO APLICA 2020,RAUL,MOTO,JIALING,GUACARI,PARTICULAR,NO APLICA
1955,HERIDOS,2020-11-13,2020,20:30,NOCHE,VIERNES,PRADO,CARRERA 1 CALLE 33 -47,URBANA,TECNICO,3.52867,-76.2773,MOTOCICLISTA,1,NO APLICA,CHOQUE,POR ESTABLECER,NO APLICA 2020,PALMIRA,MOTO,AKT,PRADERA,PARTICULAR,NO APLICA
1956,DAÑOS,2020-11-15,2020,11:10,MAÑANA,DOMINGO,MERCEDES,CARRERA 28 CALLE 54,URBANA,TECNICO,3.54665,-76.29571,NO APLICA,NO APLICA,NO APLICA,CHOQUE,FRENAR BRUSCAMENTE,NO APLICA 2020,NO APLICA,CAMIONETA,CHEVROLET,IBAGUE,PARTICULAR,NO APLICA
1957,DAÑOS,2020-11-15,2020,11:10,MAÑANA,DOMINGO,MERCEDES,CARRERA 28 CALLE 54,URBANA,TECNICO,3.54665,-76.29571,NO APLICA,NO APLICA,NO APLICA,CHOQUE,FRENAR BRUSCAMENTE,NO APLICA 2020,NO APLICA,AUTOMOVIL,KIA,PALMIRA,PARTICULAR,NO APLICA
1958,HERIDOS,2020-11-14,2020,18:00,NOCHE,SABADO,ALTAMIRA,CALLE 47 CARRERA 19,URBANA,TECNICO,3.54259,-76.29101,NO APLICA,NO APLICA,NO APLICA,CHOQUE,NO MANTENER DISTANCIA,NO APLICA 2020,NO APLICA,CAMIONETA,TOYOTA,PALMIRA,PARTICULAR,NO APLICA
1959,HERIDOS,2020-11-14,2020,18:00,NOCHE,SABADO,ALTAMIRA,CALLE 47 CARRERA 19,URBANA,TECNICO,3.54259,-76.29101,CICLISTA,1,NO APLICA,CHOQUE,NO MANTENER DISTANCIA,NO APLICA 2020,PALMA,BICICLETA,TRICICLO,NO APLICA,PARTICULAR,NO APLICA
1960,HERIDOS,2020-11-14,2020,18:00,NOCHE,SABADO,ALTAMIRA,CALLE 47 CARRERA 19,URBANA,TECNICO,3.54259,-76.29101,ACOMPAÑANTE CICLISTA,1,NO APLICA,CHOQUE,NO MANTENER DISTANCIA,NO APLICA 2020,PALMA,NO APLICA,NO APLICA,NO APLICA,NO APLICA,NO APLICA
1961,HERIDOS,2020-11-14,2020,19:00,NOCHE,SABADO,NUEVO,CARRERA 33A CALLE 23,URBANA,TECNICO,3.5217,-76.30491,MOTOCICLISTA,1,NO APLICA,CHOQUE,SEMAFORO EN ROJO,NO APLICA 2020,PALMIRA,MOTO,HONDA,GUACARI,PARTICULAR,NO APLICA
1962,HERIDOS,2020-11-14,2020,19:00,NOCHE,SABADO,NUEVO,CARRERA 33A CALLE 23,URBANA,TECNICO,3.5217,-76.30491,MOTOCICLISTA,1,NO APLICA,CHOQUE,SEMAFORO EN ROJO,NO APLICA 2020,PALMA,MOTO,HONDA,FLORIDA,PARTICULAR,NO APLICA
1963,HERIDOS,2020-11-14,2020,19:00,NOCHE,SABADO,NUEVO,CARRERA 33A CALLE 23,URBANA,TECNICO,3.5217,-76.30491,ACOMPAÑANTE MOTOCICLISTA,1,NO APLICA,CHOQUE,SEMAFORO EN ROJO,NO APLICA 2020,PALMA,NO APLICA,NO APLICA,NO APLICA,NO APLICA,NO APLICA
1964,HERIDOS,2020-11-14,2020,22:50,NOCHE,SABADO,RECREO,CARRERA 24 CALLE 21,URBANA,TECNICO,3.519,-76.29586,NO APLICA,NO APLICA,NO APLICA,CHOQUE,NO RESPETAR PRELACION,NO APLICA 2020,NO APLICA,AUTOMOVIL,CHEVROLET,CALI,PARTICULAR,NO APLICA
1965,HERIDOS,2020-11-14,2020,22:50,NOCHE,SABADO,RECREO,CARRERA 24 CALLE 21,URBANA,TECNICO,3.519,-76.29586,NO APLICA,NO APLICA,NO APLICA,CHOQUE,NO RESPETAR PRELACION,NO APLICA 2020,NO APLICA,MOTO,KEEWAY,PRADERA,PARTICULAR,NO APLICA
1966,HERIDOS,2020-11-14,2020,22:50,NOCHE,SABADO,RECREO,CARRERA 24 CALLE 21,URBANA,TECNICO,3.519,-76.29586,ACOMPAÑANTE MOTOCICLISTA,1,NO APLICA,CHOQUE,NO RESPETAR PRELACION,NO APLICA 2020,PALMIRA,NO APLICA,NO APLICA,NO APLICA,NO APLICA,NO APLICA
1967,HERIDOS,2020-11-15,2020,21:15,NOCHE,DOMINGO,RECREO,CARRERA 24 CALLE 18,URBANA,TECNICO,3.51685,-76.29586,MOTOCICLISTA,1,NO APLICA,CHOQUE,SEMAFORO EN ROJO,NO APLICA 2020,PALMIRA,MOTO,SUZUKI,CALI,PARTICULAR,NO APLICA
1968,HERIDOS,2020-11-15,2020,21:15,NOCHE,DOMINGO,RECREO,CARRERA 24 CALLE 18,URBANA,TECNICO,3.51685,-76.29586,NO APLICA,NO APLICA,NO APLICA,CHOQUE,SEMAFORO EN ROJO,NO APLICA 2020,NO APLICA,MOTO,KIMCO,CALI,PARTICULAR,NO APLICA
1969,DAÑOS,2020-11-15,2020,19:20,NOCHE,DOMINGO,VERSALLES,CALLE 42 CARRERA 28,URBANA,TECNICO,3.53801,-76.29739,NO APLICA,NO APLICA,NO APLICA,CHOQUE,NO ESTAR PENDIENTE DE LA VIA,NO APLICA 2020,NO APLICA,AUTOMOVIL,HYUNDAI,CALI,PARTICULAR,NO APLICA
1970,DAÑOS,2020-11-15,2020,21:00,NOCHE,DOMINGO,POBLADO,CALLE 44 CARRERA 13,URBANA,TECNICO,3.53937,-76.286,NO APLICA,NO APLICA,NO APLICA,CHOQUE,INVADIR CARRIL SENTIDO CONTRARIO,NO APLICA 2020,NO APLICA,AUTOMOVIL,KIA,CALI,PARTICULAR,NO APLICA
1971,DAÑOS,2020-11-15,2020,21:00,NOCHE,DOMINGO,POBLADO,CALLE 44 CARRERA 13,URBANA,TECNICO,3.53937,-76.286,NO APLICA,NO APLICA,NO APLICA,CHOQUE,INVADIR CARRIL SENTIDO CONTRARIO,NO APLICA 2020,NO APLICA,AUTOMOVIL,RENAULT,CALI,PARTICULAR,NO APLICA
1972,HERIDOS,2020-11-16,2020,15:40,TARDE,LUNES,ZAMORANO,CARRERA 28 CALLE 60,URBANA,TECNICO,3.5502,-76.29437,CONDUCTOR,1,NO APLICA,CHOQUE,PERDIDA DEL CONTROL,NO APLICA 2020,PALMA,MICROBUS,IVECO,SANTANDER,PUBLICO,TRANS YUMBO
1973,HERIDOS,2020-11-16,2020,15:40,TARDE,LUNES,ZAMORANO,CARRERA 28 CALLE 60,URBANA,TECNICO,3.5502,-76.29437,PASAJERO,1,NO APLICA,CHOQUE,PERDIDA DEL CONTROL,NO APLICA 2020,PALMA,NO APLICA,NO APLICA,NO APLICA,NO APLICA,NO APLICA
1974,HERIDOS,2020-11-16,2020,15:40,TARDE,LUNES,ZAMORANO,CARRERA 28 CALLE 60,URBANA,TECNICO,3.5502,-76.29437,PASAJERO,1,NO APLICA,CHOQUE,PERDIDA DEL CONTROL,NO APLICA 2020,PALMA,NO APLICA,NO APLICA,NO APLICA,NO APLICA,NO APLICA
1975,HERIDOS,2020-11-16,2020,15:40,TARDE,LUNES,ZAMORANO,CARRERA 28 CALLE 60,URBANA,TECNICO,3.5502,-76.29437,PASAJERO,1,NO APLICA,CHOQUE,PERDIDA DEL CONTROL,NO APLICA 2020,PALMA,NO APLICA,NO APLICA,NO APLICA,NO APLICA,NO APLICA
1976,HERIDOS,2020-11-16,2020,15:40,TARDE,LUNES,ZAMORANO,CARRERA 28 CALLE 60,URBANA,TECNICO,3.5502,-76.29437,PASAJERO,1,NO APLICA,CHOQUE,PERDIDA DEL CONTROL,NO APLICA 2020,PALMA,NO APLICA,NO APLICA,NO APLICA,NO APLICA,NO APLICA
1977,HERIDOS,2020-11-16,2020,15:40,TARDE,LUNES,ZAMORANO,CARRERA 28 CALLE 60,URBANA,TECNICO,3.5502,-76.29437,PASAJERO,1,NO APLICA,CHOQUE,PERDIDA DEL CONTROL,NO APLICA 2020,PALMA,NO APLICA,NO APLICA,NO APLICA,NO APLICA,NO APLICA
1978,HERIDOS,2020-11-16,2020,13:35,TARDE,LUNES,LAS FLORES,CALLE 30 CARRERA 1 +50 MTS,URBANA,TECNICO,3.52085,-76.27788,MOTOCICLISTA,1,NO APLICA,CHOQUE,ARRANCAR SIN PRECAUCION,NO APLICA 2020,PALMIRA,MOTO,HERO,PRADERA,PARTICULAR,NO APLICA
1979,HERIDOS,2020-11-16,2020,13:35,TARDE,LUNES,LAS FLORES,CALLE 30 CARRERA 1 +50 MTS,URBANA,TECNICO,3.52085,-76.27788,NO APLICA,NO APLICA,NO APLICA,CHOQUE,ARRANCAR SIN PRECAUCION,NO APLICA 2020,NO APLICA,AUTOMOVIL,CHEVROLET,PALMIRA,PARTICULAR,NO APLICA
1980,HERIDOS,2020-11-16,2020,14:10,TARDE,LUNES,SANTA RITA,CALLE 36 CARRERA 27,URBANA,TECNICO,3.53264,-76.29707,MOTOCICLISTA,1,NO APLICA,CHOQUE,SEMAFORO EN ROJO,NO APLICA 2020,PALMIRA,MOTO,HONDA,GUACARI,PARTICULAR,NO APLICA
1981,HERIDOS,2020-11-16,2020,14:10,TARDE,LUNES,SANTA RITA,CALLE 36 CARRERA 27,URBANA,TECNICO,3.53264,-76.29707,NO APLICA,NO APLICA,NO APLICA,CHOQUE,SEMAFORO EN ROJO,NO APLICA 2020,NO APLICA,CAMIONETA,RENAULT,CALI,PARTICULAR,NO APLICA
1982,HERIDOS,2020-11-17,2020,14:15,TARDE,MARTES,ZAMORANO,CARRERA 28 CALLE 60 -58,URBANA,TECNICO,3.54956,-76.29451,NO APLICA,NO APLICA,NO APLICA,CHOQUE,NO MANTENER DISTANCIA,NO APLICA 2020,NO APLICA,MOTO,YAMAHA,PRADERA,PARTICULAR,NO APLICA
1983,HERIDOS,2020-11-17,2020,14:15,TARDE,MARTES,ZAMORANO,CARRERA 28 CALLE 60 -58,URBANA,TECNICO,3.54956,-76.29451,CICLISTA,1,NO APLICA,CHOQUE,NO MANTENER DISTANCIA,NO APLICA 2020,RAUL,BICICLETA,NO APLICA,NO APLICA,PARTICULAR,NO APLICA
1984,HERIDOS,2020-11-17,2020,11:00,MAÑANA,MARTES,COLOMBIA,CARRERA 32 CALLE 39-52,URBANA,TECNICO,3.53633,-76.30115,CICLISTA,1,NO APLICA,CHOQUE,NO ESTAR PENDIENTE DE LA VIA,NO APLICA 2020,RAUL,BICICLETA,NO APLICA,NO APLICA,PARTICULAR,NO APLICA
1985,HERIDOS,2020-11-17,2020,11:00,MAÑANA,MARTES,COLOMBIA,CARRERA 32 CALLE 39-52,URBANA,TECNICO,3.53633,-76.30115,MOTOCICLISTA,1,NO APLICA,CHOQUE,NO ESTAR PENDIENTE DE LA VIA,NO APLICA 2020,RAUL,MOTO,BAJAJ,CALI,PARTICULAR,NO APLICA
1986,HERIDOS,2020-11-17,2020,12:30,TARDE,MARTES,COLOMBIA,CALLE 33 CARRERA 31,URBANA,TECNICO,3.53076,-76.30103,MOTOCICLISTA,1,NO APLICA,CHOQUE,SEMAFORO EN ROJO,NO APLICA 2020,PALMIRA,MOTO,SUZUKI,PALMIRA,PARTICULAR,NO APLICA
1987,HERIDOS,2020-11-17,2020,12:30,TARDE,MARTES,COLOMBIA,CALLE 33 CARRERA 31,URBANA,TECNICO,3.53076,-76.30103,NO APLICA,NO APLICA,NO APLICA,CHOQUE,SEMAFORO EN ROJO,NO APLICA 2020,NO APLICA,AUTOMOVIL,RENAULT,MEDELLIN,PARTICULAR,NO APLICA
1988,DAÑOS,2020-11-17,2020,11:05,MAÑANA,MARTES,LAS FLORES,CALLE 30 CARRERA 1,URBANA,TECNICO,3.52133,-76.27818,NO APLICA,NO APLICA,NO APLICA,CHOQUE,RVERSO IMPRUDENTE,NO APLICA 2020,NO APLICA,CAMION,CHEVROLET,GUACARI,PUBLICO,NO APLICA
1989,DAÑOS,2020-11-17,2020,11:05,MAÑANA,MARTES,LAS FLORES,CALLE 30 CARRERA 1,URBANA,TECNICO,3.52133,-76.27818,NO APLICA,NO APLICA,NO APLICA,CHOQUE,RVERSO IMPRUDENTE,NO APLICA 2020,NO APLICA,CAMIONETA,CHEVROLET,CALI,PUBLICO,NO APLICA
1990,HERIDOS,2020-11-16,2020,12:30,TARDE,LUNES,CHAPINERO SUR,CARRERA 32 VIA BOLO,RURAL,TECNICO,3.49999,-76.31859,NO APLICA,NO APLICA,NO APLICA,CHOQUE,INVADIENDO CARRIL,NO APLICA 2020,NO APLICA,CAMIONETA,KIA,CALI,PARTICULAR,NO APLICA
1991,HERIDOS,2020-11-16,2020,12:30,TARDE,LUNES,CHAPINERO SUR,CARRERA 32 VIA BOLO,RURAL,TECNICO,3.49999,-76.31859,CONDUCTOR,1,NO APLICA,CHOQUE,INVADIENDO CARRIL,NO APLICA 2020,SANTA BARBARA,CAMIONETA,KIA,CALI,PARTICULAR,NO APLICA
1992,HERIDOS,2020-11-16,2020,12:30,TARDE,LUNES,CHAPINERO SUR,CARRERA 32 VIA BOLO,RURAL,TECNICO,3.49999,-76.31859,ACOMPAÑANTE CONDUCTOR,1,NO APLICA,CHOQUE,INVADIENDO CARRIL,NO APLICA 2020,SANTA BARBARA,NO APLICA,NO APLICA,NO APLICA,NO APLICA,NO APLICA
1993,HERIDOS,2020-11-16,2020,12:30,TARDE,LUNES,CHAPINERO SUR,CARRERA 32 VIA BOLO,RURAL,TECNICO,3.49999,-76.31859,NO APLICA,NO APLICA,NO APLICA,CHOQUE,INVADIENDO CARRIL,NO APLICA 2020,NO APLICA,BUS,HINO,PRADERA,PUBLICO,COODETRANS PALMIRA
1994,HERIDOS,2020-11-16,2020,12:30,TARDE,LUNES,CHAPINERO SUR,CARRERA 32 VIA BOLO,RURAL,TECNICO,3.49999,-76.31859,ACOMPAÑANTE CONDUCTOR,1,NO APLICA,CHOQUE,INVADIENDO CARRIL,NO APLICA 2020,FRACTURAS,NO APLICA,NO APLICA,NO APLICA,NO APLICA,NO APLICA
1995,HERIDOS,2020-11-16,2020,12:30,TARDE,LUNES,CHAPINERO SUR,CARRERA 32 VIA BOLO,RURAL,TECNICO,3.49999,-76.31859,PASAJERO,1,NO APLICA,CHOQUE,INVADIENDO CARRIL,NO APLICA 2020,PALMA,NO APLICA,NO APLICA,NO APLICA,NO APLICA,NO APLICA
1996,HERIDOS,2020-11-16,2020,12:30,TARDE,LUNES,CHAPINERO SUR,CARRERA 32 VIA BOLO,RURAL,TECNICO,3.49999,-76.31859,PASAJERO,1,NO APLICA,CHOQUE,INVADIENDO CARRIL,NO APLICA 2020,PALMA,NO APLICA,NO APLICA,NO APLICA,NO APLICA,NO APLICA