,GRAVEDAD,FECHA,AÑO,HORA,JORNADA,DIA_SEMANA,BARRIO-CORREGIMIENTO-VIA,DIRECCION,ZONA,AUTORIDAD,LAT,LONG,CONDICION_VICTIMA,LESIONADO,HOMICIDIOS,TIPO_ACCIDENTE,HIPOTESIS,GENERO,CLINICA,CLASE_VEHICULO,MARCA,MATRICULA,TIPO DE SERVICIO,EMPRESA
2150,HERIDOS,2020-12-08,2020,18:10,NOCHE,MARTES,CRISTALES,CALLE 44 CARREWRA 10-84,URBANA,TECNICO,3.53992,-76.28321,ACOMPAÑANTE MOTOCICLISTA,1,NO APLICA,VOLCAMIENTO,HUECOS EN LA VIA,NO APLICA 2020,PALMA,NO APLICA,NO APLICA,NIO,NO APLICA,NO APLICA
2151,DAÑOS,2020-12-06,2020,16:20,TARDE,DOMINGO,ALAMEDA,CALLE 56 E CARRERA 25A-15,URBANA,TECNICO,3.54697,-76.29005,NO APLICA,NO APLICA,NO APLICA,CHOQUE,DAR MARCHA ATRÁS SIN MEDIDADS DE PRECAUCION,NO APLICA 2020,NO APLICA,CAMION,HINO,GUACARI,PARTICULAR,NO APLICA
2152,DAÑOS,2020-12-06,2020,16:20,TARDE,DOMINGO,ALAMEDA,CALLE 56 E CARRERA 25A-15,URBANA,TECNICO,3.54697,-76.29005,NO APLICA,NO APLICA,NO APLICA,CHOQUE,DAR MARCHA ATRÁS SIN MEDIDADS DE PRECAUCION,NO APLICA 2020,NO APLICA,CAMIONETA,NISSAN,FUNZA,PARTICULAR,NO APLICA
2153,DAÑOS,2020-12-05,2020,20:35,NOCHE,SABADO,PRADO,CALLE 36 CARRERA 41,URBANA,TECNICO,3.53324,-76.31136,NO APLICA,NO APLICA,NO APLICA,CHOQUE,NO RESPETAR PRELACION,NO APLICA 2020,NO APLICA,MOTO,HERO,PALMIRA,PARTICULAR,NO APLICA
2154,DAÑOS,2020-12-05,2020,20:35,NOCHE,SABADO,PRADO,CALLE 36 CARRERA 41,URBANA,TECNICO,3.53324,-76.31136,NO APLICA,NO APLICA,NO APLICA,CHOQUE,NO RESPETAR PRELACION,NO APLICA 2020,NO APLICA,MOTO,HONDA,GUACARI,PARTICULAR,NO APLICA
2155,DAÑOS,2020-12-06,2020,10:20,MAÑANA,LUNES,ALAMEDA,CALLE 70 CARRERA 25,URBANA,TECNICO,3.55613,-76.28668,NO APLICA,NO APLICA,NO APLICA,CHOQUE,DESOBEDECER SEÑALES,NO APLICA 2020,NO APLICA,AUTOMOVIL,SUZUKI,CALI,PARTICULAR,NO APLICA
2156,DAÑOS,2020-12-06,2020,10:00,MAÑANA,DOMINGO,RIVERA ESCOBAR,CALLE 31 CARRERA 35,URBANA,TECNICO,3.5276,-76.29619,NO APLICA,NO APLICA,NO APLICA,CHOQUE,NO ESTAR PENDIENTE DE LA VIA,NO APLICA 2020,NO APLICA,AUTOMOVIL,VOLKSWAGEN,BOGOTA,PARTICULAR,NO APLICA
2157,DAÑOS,2020-12-06,2020,10:00,MAÑANA,DOMINGO,RIVERA ESCOBAR,CALLE 31 CARRERA 35,URBANA,TECNICO,3.5276,-76.29619,NO APLICA,NO APLICA,NO APLICA,CHOQUE,NO ESTAR PENDIENTE DE LA VIA,NO APLICA 2020,NO APLICA,BUS,HINO,EL CERRITO,PARTICULAR,NO APLICA
2158,HERIDOS,2020-12-06,2020,12:20,TARDE,DOMINGO,NUEVO,CALLE 22 CARRERA 30,URBANA,TECNICO,3.52048,-76.30187,MOTOCICLISTA,1,NO APLICA,CHOQUE,ARRANCAR SIN PRECAUCION,NO APLICA 2020,PALMIRA,MOTO,JIALING,PRADERA,PARTICULAR,NO APLICA
2159,HERIDOS,2020-12-06,2020,12:20,TARDE,DOMINGO,NUEVO,CALLE 22 CARRERA 30,URBANA,TECNICO,3.52048,-76.30187,NO APLICA,NO APLICA,NO APLICA,CHOQUE,ARRANCAR SIN PRECAUCION,NO APLICA 2020,NO APLICA,AUTOMOVIL,KIA,CALI,PARTICULAR,NO APLICA
2160,DAÑOS,2020-12-07,2020,07:20,MAÑANA,LUNES,URIBE,CALLE 33 CARRERA 21,URBANA,TECNICO,3.52946,-76.29262,NO APLICA,NO APLICA,NO APLICA,CHOQUE,DESOBEDECER SEÑALES,NO APLICA 2020,NO APLICA,AUTOMOVIL,CHEVROLET,PALMIRA,PARTICULAR,NO APLICA
2161,DAÑOS,2020-12-07,2020,07:20,MAÑANA,LUNES,URIBE,CALLE 33 CARRERA 21,URBANA,TECNICO,3.52946,-76.29262,NO APLICA,NO APLICA,NO APLICA,CHOQUE,DESOBEDECER SEÑALES,NO APLICA 2020,NO APLICA,MOTO,VICTORY,FLORIDA,PARTICULAR,NO APLICA
2162,HERIDOS,2020-12-08,2020,04:30,MADRUGADA,MARTES,PORTAL DE LAS PALMAS,CALLE 46 CARRERA 44,URBANA,TECNICO,3.54154,-76.31567,NO APLICA,NO APLICA,NO APLICA,CHOQUE,PERDIDA DEL CONTROL,NO APLICA 2020,NO APLICA,MOTO,HONDA,PALMIRA,PARTICULAR,NO APLICA
2163,HERIDOS,2020-12-08,2020,04:30,MADRUGADA,MARTES,PORTAL DE LAS PALMAS,CALLE 46 CARRERA 44,URBANA,TECNICO,3.54154,-76.31567,ACOMPAÑANTE MOTOCICLISTA,1,NO APLICA,CHOQUE,PERDIDA DEL CONTROL,NO APLICA 2020,PALMA,NO APLICA,NO APLICA,NO APLICA,NO APLICA,NO APLICA
2164,DAÑOS,2020-12-09,2020,06:40,MAÑANA,MIERCOLES,MERCEDES,CARRERA 25 CALLE 57,URBANA,TECNICO,3.54813,-76.29091,NO APLICA,NO APLICA,NO APLICA,CHOQUE,PONER EN MARCHA VEHICULO SIN PRECAUCION,NO APLICA 2020,NO APLICA,AUTOMOVIL,CHEVROLET,BOGOTA,PARTICULAR,NO APLICA
2165,DAÑOS,2020-12-09,2020,06:40,MAÑANA,MIERCOLES,MERCEDES,CARRERA 25 CALLE 57,URBANA,TECNICO,3.54813,-76.29091,NO APLICA,NO APLICA,NO APLICA,CHOQUE,PONER EN MARCHA VEHICULO SIN PRECAUCION,NO APLICA 2020,NO APLICA,AUTOMOVIL,CHEVROLET,BOGOTA,PARTICULAR,NO APLICA
2166,DAÑOS,2020-12-09,2020,10:00,MAÑANA,MIERCOLES,NUEVO,CARRERA 30 CALLE 27,URBANA,TECNICO,3.52471,-76.30118,NO APLICA,NO APLICA,NO APLICA,CHOQUE,ESTACIONARSE SIN SEGURIDAD,NO APLICA 2020,NO APLICA,MOTO,KIMCO,CANDELARIA,PARTICULAR,NO APLICA
2167,DAÑOS,2020-12-09,2020,10:00,MAÑANA,MIERCOLES,NUEVO,CARRERA 30 CALLE 27,URBANA,TECNICO,3.52471,-76.30118,NO APLICA,NO APLICA,NO APLICA,CHOQUE,ESTACIONARSE SIN SEGURIDAD,NO APLICA 2020,NO APLICA,CAMIONETA,CHERY,CALI,PARTICULAR,NO APLICA
2168,DAÑOS,2020-12-08,2020,19:30,NOCHE,MARTES,SAN PEDRO,CARRERA 19 CALLE 38-39,URBANA,TECNICO,3.5341,-76.29057,NO APLICA,NO APLICA,NO APLICA,CHOQUE,DISTRAERSE,NO APLICA 2020,NO APLICA,AUTOMOVIL,HYUNDAI,CALI,PARTICULAR,NO APLICA
2169,DAÑOS,2020-12-08,2020,19:30,NOCHE,MARTES,SAN PEDRO,CARRERA 19 CALLE 38-39,URBANA,TECNICO,3.5341,-76.29057,NO APLICA,NO APLICA,NO APLICA,CHOQUE,DISTRAERSE,NO APLICA 2020,NO APLICA,AUTOMOVIL,CHEVROLET,CALI,PARTICULAR,NO APLICA
2170,DAÑOS,2020-12-07,2020,18:10,NOCHE,LUNES,SAMANES,CALLE 47 CARRERA 28,URBANA,TECNICO,3.54124,-76.29672,NO APLICA,NO APLICA,NO APLICA,CHOQUE,NO MANTENER DISTANCIA,NO APLICA 2020,NO APLICA,AUTOMOVIL,CHEVROLET,CALI,PARTICULAR,NO APLICA
2171,DAÑOS,2020-12-07,2020,18:10,NOCHE,LUNES,SAMANES,CALLE 47 CARRERA 28,URBANA,TECNICO,3.54124,-76.29672,NO APLICA,NO APLICA,NO APLICA,CHOQUE,NO MANTENER DISTANCIA,NO APLICA 2020,NO APLICA,CAMPERO,CHEVROLET,FLORIDA,PARTICULAR,NO APLICA
2172,DAÑOS,2020-12-07,2020,20:00,NOCHE,LUNES,SAN CAYETANO,CARRERA 19 CALLE 42,URBANA,TECNICO,3.53701,-76.29061,NO APLICA,NO APLICA,NO APLICA,CHOQUE,NO MANTENER DISTANCIA,NO APLICA 2020,NO APLICA,AUTOMOVIL,RENAULT,PALMIRA,PARTICULAR,NO APLICA
2173,DAÑOS,2020-12-07,2020,20:00,NOCHE,LUNES,SAN CAYETANO,CARRERA 19 CALLE 42,URBANA,TECNICO,3.53701,-76.29061,NO APLICA,NO APLICA,NO APLICA,CHOQUE,NO MANTENER DISTANCIA,NO APLICA 2020,NO APLICA,AUTOMOVIL,RENAULT,PALMIRA,PARTICULAR,NO APLICA
2174,DAÑOS,2020-12-07,2020,20:00,NOCHE,LUNES,SAN CAYETANO,CARRERA 19 CALLE 42,URBANA,TECNICO,3.53701,-76.29061,NO APLICA,NO APLICA,NO APLICA,CHOQUE,NO MANTENER DISTANCIA,NO APLICA 2020,NO APLICA,AUTOMOVIL,CHEVROLET,PALMIRA,PUBLICO,NO APLICA
2175,DAÑOS,2020-12-07,2020,19:00,NOCHE,LUNES,VERSALLES,CALLE 42 CARRERA 28,URBANA,TECNICO,3.53799,-76.29704,NO APLICA,NO APLICA,NO APLICA,CHOQUE,NO RESPETAR PRELACION,NO APLICA 2020,NO APLICA,AUTOMOVIL,MAZDA,CALI,PARTICULAR,NO APLICA
2176,DAÑOS,2020-12-07,2020,19:00,NOCHE,LUNES,VERSALLES,CALLE 42 CARRERA 28,URBANA,TECNICO,3.53799,-76.29704,NO APLICA,NO APLICA,NO APLICA,CHOQUE,NO RESPETAR PRELACION,NO APLICA 2020,NO APLICA,BUS,HINO,CANDELARIA,PUBLICO,NO APLICA
2177,DAÑOS,2020-12-09,2020,18:50,NOCHE,MIERCOLES,VERSALLES,CALLE 42 CARRERA 28,URBANA,TECNICO,3.53799,-76.29704,NO APLICA,NO APLICA,NO APLICA,CHOQUE,ADELANTAR CERRANDO,NO APLICA 2020,NO APLICA,AUTOMOVIL,KIA,PALMIRA,PARTICULAR,NO APLICA
2178,DAÑOS,2020-12-09,2020,18:50,NOCHE,MIERCOLES,VERSALLES,CALLE 42 CARRERA 28,URBANA,TECNICO,3.53799,-76.29704,NO APLICA,NO APLICA,NO APLICA,CHOQUE,ADELANTAR CERRANDO,NO APLICA 2020,NO APLICA,BUS,HINO,EL CERRITO,PUBLICO,COODETRANS PALMIRA
2179,DAÑOS,2020-12-09,2020,16:45,TARDE,MIERCOLES,NUEVO,CALLE 20 CARRERA 30,URBANA,TECNICO,3.51878,-76.30221,NO APLICA,NO APLICA,NO APLICA,CHOQUE,DESOBEDECER SEÑALES,NO APLICA 2020,NO APLICA,AUTOMOVIL,MAZDA,CALI,PARTICULAR,NO APLICA
2180,DAÑOS,2020-12-09,2020,16:45,TARDE,MIERCOLES,NUEVO,CALLE 20 CARRERA 30,URBANA,TECNICO,3.51878,-76.30221,NO APLICA,NO APLICA,NO APLICA,CHOQUE,DESOBEDECER SEÑALES,NO APLICA 2020,NO APLICA,MOTO,YAMAHA,GUACARI,PARTICULAR,NO APLICA
2181,DAÑOS,2020-12-09,2020,17:30,TARDE,MIERCOLES,SANTA RITA,CARRERA 27 CALLE 35,URBANA,TECNICO,3.53182,-76.29717,NO APLICA,NO APLICA,NO APLICA,CHOQUE,ARRANCAR SIN PRECAUCION,NO APLICA 2020,NO APLICA,MOTO,HONDA,BOGOTA,PARTICULAR,NO APLICA
2182,DAÑOS,2020-12-09,2020,17:30,TARDE,MIERCOLES,SANTA RITA,CARRERA 27 CALLE 35,URBANA,TECNICO,3.53182,-76.29717,NO APLICA,NO APLICA,NO APLICA,CHOQUE,ARRANCAR SIN PRECAUCION,NO APLICA 2020,NO APLICA,AUTOMOVIL,RENAULT,CALI,PARTICULAR,NO APLICA
2183,DAÑOS,2020-12-10,2020,09:15,MAÑANA,JUEVES,CENTRO POBLADO ROZO,CALLE 10 CARRERA 14-75,URBANA,TECNICO,3.61521,-76.38983,NO APLICA,NO APLICA,NO APLICA,CHOQUE,NO ESTAR PENDIENTE DE LA VIA,NO APLICA 2020,NO APLICA,CAMIONETA,CHEVROLET,PALMIRA,PARTICULAR,NO APLICA
2184,DAÑOS,2020-12-10,2020,09:15,MAÑANA,JUEVES,CENTRO POBLADO ROZO,CALLE 10 CARRERA 14-75,URBANA,TECNICO,3.61521,-76.38983,NO APLICA,NO APLICA,NO APLICA,CHOQUE,NO ESTAR PENDIENTE DE LA VIA,NO APLICA 2020,NO APLICA,MOTOCARRO,AKT,PALMIRA,PUBLICO,NO APLICA
2185,HERIDOS,2020-12-10,2020,11:00,MAÑANA,JUEVES,ESTONIA,CALLE 44 CARRERA 32A,URBANA,TECNICO,3.53989,-76.30138,MOTOCICLISTA,1,NO APLICA,CHOQUE,ARRANCAR SIN PRECAUCION,NO APLICA 2020,FRACTURAS,MOTO,HERO,FLORIDA,PARTICULAR,NO APLICA
2186,HERIDOS,2020-12-10,2020,11:00,MAÑANA,JUEVES,ESTONIA,CALLE 44 CARRERA 32A,URBANA,TECNICO,3.53989,-76.30138,NO APLICA,NO APLICA,NO APLICA,CHOQUE,ARRANCAR SIN PRECAUCION,NO APLICA 2020,NO APLICA,AUTOMOVIL,RENAULT,MEDELLIN,PARTICULAR,NO APLICA
2187,DAÑOS,2020-12-10,2020,11:50,MAÑANA,JUEVES,ZONA FRANCA PALMASECA,BODEGA A5BY A413,RURAL,TECNICO,3.56253,-76.45058,NO APLICA,NO APLICA,NO APLICA,CHOQUE,REVERSO IMPRUDENTE,NO APLICA 2020,NO APLICA,AUTOMOVIL,KIA,CALI,PARTICULAR,NO APLICA
2188,DAÑOS,2020-12-10,2020,11:50,MAÑANA,JUEVES,ZONA FRANCA PALMASECA,BODEGA A5BY A413,RURAL,TECNICO,3.56253,-76.45058,NO APLICA,NO APLICA,NO APLICA,CHOQUE,REVERSO IMPRUDENTE,NO APLICA 2020,NO APLICA,TRACTO CAMION,KENWORTH,COTA,PUBLICO,NO APLICA
2189,HERIDOS,2020-12-10,2020,09:00,MAÑANA,JUEVES,SANTA RITA,CALLE 33 CARRERA 26,URBANA,TECNICO,3.53008,-76.2967,MOTOCICLISTA,1,NO APLICA,CHOQUE,INICIAR MARCHA SIN LA MEDIDAS DE PRECAUCON,NO APLICA 2020,PALMIRA,MOTO,AKT,PRADERA,PARTICULAR,NO APLICA
2190,HERIDOS,2020-12-10,2020,09:00,MAÑANA,JUEVES,SANTA RITA,CALLE 33 CARRERA 26,URBANA,TECNICO,3.53008,-76.2967,NO APLICA,NO APLICA,NO APLICA,CHOQUE,INICIAR MARCHA SIN LA MEDIDAS DE PRECAUCON,NO APLICA 2020,NO APLICA,CAMIONETA,CHANGAN,BOGOTA,PARTICULAR,NO APLICA
2191,DAÑOS,2020-12-10,2020,15:30,TARDE,JUEVES,PORTAL DE LAS PALMAS,CALLE 49 CARRERA 42-43,URBANA,TECNICO,3.54368,-76.31345,NO APLICA,NO APLICA,NO APLICA,CHOQUE,NO OBSERVAR LA MEDIDAS DE PRACAUCION,NO APLICA 2020,NO APLICA,MOTO,KEEWAY,PRADERA,PARTICULAR,NO APLICA
2192,DAÑOS,2020-12-10,2020,15:30,TARDE,JUEVES,PORTAL DE LAS PALMAS,CALLE 49 CARRERA 42-43,URBANA,TECNICO,3.54368,-76.31345,NO APLICA,NO APLICA,NO APLICA,CHOQUE,NO OBSERVAR LA MEDIDAS DE PRACAUCION,NO APLICA 2020,NO APLICA,AUTOMOVIL,CHEVROLET,PALMIRA,PARTICULAR,NO APLICA
2193,DAÑOS,2020-12-10,2020,08:30,MAÑANA,JUEVES,SANTA RITA,CALLE 37A CARRERA 27*28,URBANA,TECNICO,3.53406,-76.29686,NO APLICA,NO APLICA,NO APLICA,CHOQUE,NO OBSERVAR LA MEDIDAS DE PRACAUCION,NO APLICA 2020,NO APLICA,AUTOMOVIL,NISSAN,JAMUNDI,PARTICULAR,NO APLICA
2194,DAÑOS,2020-12-10,2020,08:30,MAÑANA,JUEVES,SANTA RITA,CALLE 37A CARRERA 27*28,URBANA,TECNICO,3.53406,-76.29686,NO APLICA,NO APLICA,NO APLICA,CHOQUE,NO OBSERVAR LA MEDIDAS DE PRACAUCION,NO APLICA 2020,NO APLICA,AUTOMOVIL,RENAULT,CALI,PARTICULAR,NO APLICA
2195,HERIDOS,2020-12-08,2020,18:50,NOCHE,MARTES,ALTAMIRA,CARRERA 19 CALLE 47,URBANA,TECNICO,3.54261,-76.29102,NO APLICA,NO APLICA,NO APLICA,CHOQUE,NO ESTAR PENDIENTE DE LA VIA,NO APLICA 2020,NO APLICA,CAMPERO,CHEVROLET,BOGOTA,PARTICULAR,NO APLICA
2196,HERIDOS,2020-12-08,2020,18:50,NOCHE,MARTES,ALTAMIRA,CARRERA 19 CALLE 47,URBANA,TECNICO,3.54261,-76.29102,MOTOCICLISTA,1,NO APLICA,CHOQUE,NO ESTAR PENDIENTE DE LA VIA,NO APLICA 2020,RAUL,MOTO,TONGKO,CALI,PARTICULAR,NO APLICA
2197,HERIDOS,2020-12-07,2020,16:00,TARDE,LUNES,CHAPINERO,CARRERA 30 CALLE 18,URBANA,TECNICO,3.51709,-76.30347,MOTOCICLISTA,1,NO APLICA,CHOQUE,DESOBEDECER SEÑALES,NO APLICA 2020,PALMIRA,MOTO,HONDA,CALI,PARTICULAR,NO APLICA
2198,HERIDOS,2020-12-07,2020,16:00,TARDE,LUNES,CHAPINERO,CARRERA 30 CALLE 18,URBANA,TECNICO,3.51709,-76.30347,NO APLICA,NO APLICA,NO APLICA,CHOQUE,DESOBEDECER SEÑALES,NO APLICA 2020,NO APLICA,AUTOMOVIL,KIA,PALMIRA,PARTICULAR,NO APLICA
2199,HERIDOS,2020-12-09,2020,18:35,NOCHE,MIERCOLES,BIZERTA,CALLE 37 CARRERA 20,URBANA,TECNICO,3.53283,-76.29138,NO APLICA,NO APLICA,NO APLICA,CHOQUE,DESOBEDECER SEÑALES,NO APLICA 2020,NO APLICA,AUTOMOVIL,MAZDA,BOGOTA,PARTICULAR,NO APLICA
2200,HERIDOS,2020-12-09,2020,18:35,NOCHE,MIERCOLES,BIZERTA,CALLE 37 CARRERA 20,URBANA,TECNICO,3.53283,-76.29138,MOTOCICLISTA,1,NO APLICA,CHOQUE,DESOBEDECER SEÑALES,NO APLICA 2020,PALMA,MOTO,YAMAHA,CALI,PARTICULAR,NO APLICA
2201,HERIDOS,2020-12-07,2020,14:30,TARDE,LUNES,CENTRO,CALLE 31 CARRERA 33,URBANA,TECNICO,3.5286,-76.30322,NO APLICA,NO APLICA,NO APLICA,CHOQUE,GIRAR BRUSCAMENTE,NO APLICA 2020,NO APLICA,MOTO,KIMCO,PRADERA,PARTICULAR,NO APLICA
2202,HERIDOS,2020-12-07,2020,14:30,TARDE,LUNES,CENTRO,CALLE 31 CARRERA 33,URBANA,TECNICO,3.5286,-76.30322,NO APLICA,NO APLICA,NO APLICA,CHOQUE,GIRAR BRUSCAMENTE,NO APLICA 2020,NO APLICA,MOTOCARRO,PIAGGIO,PALMIRA,PUBLICO,NO APLICA
2203,HERIDOS,2020-12-07,2020,14:30,TARDE,LUNES,CENTRO,CALLE 31 CARRERA 33,URBANA,TECNICO,3.5286,-76.30322,ACOMPAÑANTE MOTOCICLISTA,1,NO APLICA,CHOQUE,GIRAR BRUSCAMENTE,NO APLICA 2020,PALMIRA,NO APLICA,NO APLICA,NO APLICA,NO APLICA,NO APLICA
2204,DAÑOS,2020-12-10,2020,13:40,TARDE,JUEVES,CORONADO,CALLE 57A CARRERA 48B,URBANA,TECNICO,3.5493,-76.31769,NO APLICA,NO APLICA,NO APLICA,CHOQUE,PONER EN MARCHA VEHICULO SIN PRECAUCION,NO APLICA 2020,NO APLICA,AUTOMOVIL,RENAULT,CALI,PARTICULAR,NO APLICA
2205,DAÑOS,2020-12-10,2020,13:40,TARDE,JUEVES,CORONADO,CALLE 57A CARRERA 48B,URBANA,TECNICO,3.5493,-76.31769,NO APLICA,NO APLICA,NO APLICA,CHOQUE,PONER EN MARCHA VEHICULO SIN PRECAUCION,NO APLICA 2020,NO APLICA,MOTO,HERO,CALI,PARTICULAR,NO APLICA
2206,HERIDOS,2020-12-10,2020,12:50,TARDE,JUEVES,CENTRO,CALLE 29 CARRERA 32,URBANA,TECNICO,3.5266,-76.30261,MOTOCICLISTA,1,NO APLICA,CHOQUE,SEMAFORO EN ROJO,NO APLICA 2020,PALMIRA,MOTO,HONDA,GUACARI,PARTICULAR,NO APLICA
2207,HERIDOS,2020-12-10,2020,12:50,TARDE,JUEVES,CENTRO,CALLE 29 CARRERA 32,URBANA,TECNICO,3.5266,-76.30261,MOTOCICLISTA,1,NO APLICA,CHOQUE,SEMAFORO EN ROJO,NO APLICA 2020,PALMIRA,MOTO,JIALING,JAMUNDI,PARTICULAR,NO APLICA
2208,HERIDOS,2020-12-10,2020,12:50,TARDE,JUEVES,CENTRO,CALLE 29 CARRERA 32,URBANA,TECNICO,3.5266,-76.30261,ACOMPAÑANTE MOTOCICLISTA,1,NO APLICA,CHOQUE,SEMAFORO EN ROJO,NO APLICA 2020,PALMIRA,NO APLICA,NO APLICA,NO APLICA,NO APLICA,NO APLICA
2209,HERIDOS,2020-12-10,2020,12:50,TARDE,JUEVES,CENTRO,CALLE 29 CARRERA 32,URBANA,TECNICO,3.5266,-76.30261,ACOMPAÑANTE MOTOCICLISTA,1,NO APLICA,CHOQUE,SEMAFORO EN ROJO,NO APLICA 2020,PALMIRA,NO APLICA,NO APLICA,NO APLICA,NO APLICA,NO APLICA
2210,DAÑOS,2020-12-12,2020,13:10,TARDE,SABADO,CENTRO,CALLE 32 CARRERA 30-38,URBANA,TECNICO,3.52915,-76.30077,NO APLICA,NO APLICA,NO APLICA,CHOQUE,ARRANCAR SIN PRECAUCION,NO APLICA 2020,NO APLICA,AUTOMOVIL,CHEVROLET,GUACARI,PARTICULAR,NO APLICA
2211,DAÑOS,2020-12-12,2020,13:10,TARDE,SABADO,CENTRO,CALLE 32 CARRERA 30-38,URBANA,TECNICO,3.52915,-76.30077,NO APLICA,NO APLICA,NO APLICA,CHOQUE,ARRANCAR SIN PRECAUCION,NO APLICA 2020,NO APLICA,AUTOMOVIL,NISSAN,CALI,PARTICULAR,NO APLICA
2212,HERIDOS,2020-12-11,2020,18:20,NOCHE,VIERNES,COLOMBIA,CALLE 33 CARRERA 33 -38,URBANA,TECNICO,3.53107,-76.30323,NO APLICA,NO APLICA,NO APLICA,CHOQUE,CAMBIO DE CARRIL CON O SIN INDICACION,NO APLICA 2020,NO APLICA,AUTOMOVIL,JAC,PALMIRA,PUBLICO,NO APLICA
2213,HERIDOS,2020-12-11,2020,18:20,NOCHE,VIERNES,COLOMBIA,CALLE 33 CARRERA 33 -38,URBANA,TECNICO,3.53107,-76.30323,MOTOCICLISTA,1,NO APLICA,CHOQUE,CAMBIO DE CARRIL CON O SIN INDICACION,NO APLICA 2020,SANTA BARBARA,MOTO,SUZUKI,PRADERA,PARTICULAR,NO APLICA
2214,DAÑOS,2020-12-12,2020,15:30,TARDE,SABADO,VERSALLES,CALLE 42 CARRERA 29-20,URBANA,TECNICO,3.53797,-76.29827,NO APLICA,NO APLICA,NO APLICA,CHOQUE,NO MANTENER DISTANCIA,NO APLICA 2020,NO APLICA,AUTOMOVIL,CHEVROLET,CALI,PARTICULAR,NO APLICA
2215,DAÑOS,2020-12-12,2020,15:30,TARDE,SABADO,VERSALLES,CALLE 42 CARRERA 29-20,URBANA,TECNICO,3.53797,-76.29827,NO APLICA,NO APLICA,NO APLICA,CHOQUE,NO MANTENER DISTANCIA,NO APLICA 2020,NO APLICA,MOTO,YAMAHA,GUACARI,PARTICULAR,NO APLICA
2216,DAÑOS,2020-12-12,2020,19:00,TARDE,SABADO,NUEVO,CARRERA 33A CALLE 20-21,URBANA,TECNICO,3.51945,-76.30522,NO APLICA,NO APLICA,NO APLICA,CHOQUE,NO MANTENER DISTANCIA SEGURIDAD,NO APLICA 2020,NO APLICA,AUTOMOVIL,SUZUKI,CALI,PARTICULAR,NO APLICA
2217,DAÑOS,2020-12-12,2020,19:00,TARDE,SABADO,NUEVO,CARRERA 33A CALLE 20-21,URBANA,TECNICO,3.51945,-76.30522,NO APLICA,NO APLICA,NO APLICA,CHOQUE,NO MANTENER DISTANCIA SEGURIDAD,NO APLICA 2020,NO APLICA,AUTOMOVIL,RENAULT,PRADERA,PARTICULAR,NO APLICA
2218,DAÑOS,2020-12-13,2020,15:30,TARDE,DOMINGO,COLOMBINA,CALLE 29 CARRERA 15-56,URBANA,TECNICO,3.5246,-76.28835,NO APLICA,NO APLICA,NO APLICA,CHOQUE,FALTA DE PRECAUCION,NO APLICA 2020,NO APLICA,BUSETA,CHEVROLET,ELCERRITO,PUBLICO,EXPRESO FLORIDA
2219,DAÑOS,2020-12-13,2020,16:00,TARDE,DOMINGO,SANTA ISABEL,CARRERA 28 CALLE 43 -44,URBANA,TECNICO,3.5246,-76.28835,NO APLICA,NO APLICA,NO APLICA,CHOQUE,FALTA DE PRECAUCION,NO APLICA 2020,NO APLICA,MICROBUS,IVECO,SANTANDER,PUBLICO,VALLE CAUCANA
2220,DAÑOS,2020-12-13,2020,16:00,TARDE,DOMINGO,SANTA ISABEL,CARRERA 28 CALLE 43 -44,URBANA,TECNICO,3.5246,-76.28835,NO APLICA,NO APLICA,NO APLICA,CHOQUE,FALTA DE PRECAUCION,NO APLICA 2020,NO APLICA,MICROBUS,HINO,GUACARI,PUBLICO,COODETRANS PALMIRA
2221,HERIDOS,2020-12-13,2020,18:00,NOCHE,DOMINGO,NUEVO,CARRERA 32 CALLE 27,URBANA,TECNICO,3.52496,-76.30287,NO APLICA,NO APLICA,NO APLICA,CHOQUE,DESOBEDECER SEÑALES,NO APLICA 2020,NO APLICA,AUTOMOVIL,MAZDA,CALI,PARTICULAR,NO APLICA
2222,HERIDOS,2020-12-13,2020,18:00,NOCHE,DOMINGO,NUEVO,CARRERA 32 CALLE 27,URBANA,TECNICO,3.52496,-76.30287,NO APLICA,NO APLICA,NO APLICA,CHOQUE,DESOBEDECER SEÑALES,NO APLICA 2020,NO APLICA,AUTOMOVIL,CHEVROLET,EL CERRITO,PARTICULAR,NO APLICA
2223,HERIDOS,2020-12-13,2020,18:00,NOCHE,DOMINGO,NUEVO,CARRERA 32 CALLE 27,URBANA,TECNICO,3.52496,-76.30287,PEATON,1,NO APLICA,CHOQUE,DESOBEDECER SEÑALES,NO APLICA 2020,PALMIRA,NO APLICA,NO APLICA,NO APLICA,NO APLICA,NO APLICA
2224,HERIDOS,2020-12-13,2020,18:00,NOCHE,DOMINGO,NUEVO,CARRERA 32 CALLE 27,URBANA,TECNICO,3.52496,-76.30287,ACOMPAÑANTE MOTOCICLISTA,1,NO APLICA,CHOQUE,DESOBEDECER SEÑALES,NO APLICA 2020,PALMIRA,NO APLICA,NO APLICA,NO APLICA,NO APLICA,NO APLICA
2225,HERIDOS,2020-12-13,2020,18:20,NOCHE,DOMINGO,VERSALLES,CALLE 42 CARRERA 26,URBANA,TECNICO,3.53776,-76.29542,NO APLICA,NO APLICA,NO APLICA,ATROPELLO,CRUZAR SIN OBSERVAR,NO APLICA 2020,NO APLICA,MOTO,AKT,CALI,PARTICULAR,NO APLICA