,GRAVEDAD,FECHA,AÑO,HORA,JORNADA,DIA_SEMANA,BARRIO-CORREGIMIENTO-VIA,DIRECCION,ZONA,AUTORIDAD,LAT,LONG,CONDICION_VICTIMA,LESIONADO,HOMICIDIOS,TIPO_ACCIDENTE,HIPOTESIS,GENERO,CLINICA,CLASE_VEHICULO,MARCA,MATRICULA,TIPO DE SERVICIO,EMPRESA
2226,HERIDOS,2020-12-13,2020,18:20,NOCHE,DOMINGO,VERSALLES,CALLE 42 CARRERA 26,URBANA,TECNICO,3.53776,-76.29542,PEATON,1,NO APLICA,ATROPELLO,CRUZAR SIN OBSERVAR,NO APLICA 2020,RAUL,NO APLICA,NO APLICA,NO APLICA,NO APLICA,NO APLICA
2227,HERIDOS,2020-12-13,2020,01:00,MADRUGADA,DOMINGO,CENTRO,CALLE 31 CARRERA 29-14,URBANA,TECNICO,3.5281,-76.29987,MOTOCICLISTA,1,NO APLICA,CHOQUE,SEMAFORO EN ROJO,NO APLICA 2020,RAUL,MOTO,YAMAHA,MEDELLIN,PARTICULAR,NO APLICA
2228,HERIDOS,2020-12-13,2020,01:00,MADRUGADA,DOMINGO,CENTRO,CALLE 31 CARRERA 29-14,URBANA,TECNICO,3.5281,-76.29987,NO APLICA,NO APLICA,NO APLICA,CHOQUE,SEMAFORO EN ROJO,NO APLICA 2020,NO APLICA,AUTOMOVIL,RENAULT,FLORIDA,PARTICULAR,NO APLICA
2229,DAÑOS,2020-12-11,2020,13:45,TARDE,VIERNES,ESTONIA,CALLE 46 CARRERA 30,URBANA,TECNICO,3.54136,-76.29833,NO APLICA,NO APLICA,NO APLICA,CHOQUE,ARRANCAR SIN PRECAUCION,NO APLICA 2020,NO APLICA,MOTO,HONDA,BUG,PARTICULAR,NO APLICA
2230,DAÑOS,2020-12-11,2020,13:45,TARDE,VIERNES,ESTONIA,CALLE 46 CARRERA 30,URBANA,TECNICO,3.54136,-76.29833,NO APLICA,NO APLICA,NO APLICA,CHOQUE,ARRANCAR SIN PRECAUCION,NO APLICA 2020,NO APLICA,CAMIONETA,NISSAN,CALI,PARTICULAR,NO APLICA
2231,DAÑOS,2020-12-11,2020,14:20,TARDE,VIERNES,OLIMPICO,CALLE 25 CARRERA 36A,URBANA,TECNICO,3.52318,-76.30854,NO APLICA,NO APLICA,NO APLICA,CHOQUE,NO TOMAR LA MEDIDAS DE PRECUCION APARA ADELANTAR,NO APLICA 2020,NO APLICA,AUTOMOVIL,CHEVROLET,PALMIRA,PARTICULAR,NO APLICA
2232,DAÑOS,2020-12-11,2020,14:20,TARDE,VIERNES,OLIMPICO,CALLE 25 CARRERA 36A,URBANA,TECNICO,3.52318,-76.30854,NO APLICA,NO APLICA,NO APLICA,CHOQUE,NO TOMAR LA MEDIDAS DE PRECUCION APARA ADELANTAR,NO APLICA 2020,NO APLICA,CAMION,MERCEDES BENZ,CALI,PUBLICO,NO APLICA
2233,DAÑOS,2020-12-13,2020,13:00,TARDE,DOMINGO,OLIMPICO,CARRERA 35 CALLE 26,URBANA,TECNICO,3.5251,-76.30628,NO APLICA,NO APLICA,NO APLICA,CHOQUE,ARRANCAR SIN PRECAUCION,NO APLICA 2020,NO APLICA,AUTOMOVIL,KIA,PALMIRA,PARTICULAR,NO APLICA
2234,DAÑOS,2020-12-13,2020,13:00,TARDE,DOMINGO,OLIMPICO,CARRERA 35 CALLE 26,URBANA,TECNICO,3.5251,-76.30628,NO APLICA,NO APLICA,NO APLICA,CHOQUE,ARRANCAR SIN PRECAUCION,NO APLICA 2020,NO APLICA,AUTOMOVIL,NISSAN,PALMIRA,PARTICULAR,NO APLICA
2235,DAÑOS,2020-12-14,2020,07:15,MAÑANA,LUNES,INDUSTRIAL,CALLE 42 CARRERA 34B-34C,URBANA,TECNICO,3.53858,-76.30384,NO APLICA,NO APLICA,NO APLICA,CHOQUE,POR ESTABLECER,NO APLICA 2020,NO APLICA,AUTOMOVIL,KIA,PALMIRA,PARTICULAR,NO APLICA
2236,DAÑOS,2020-12-14,2020,07:15,MAÑANA,LUNES,INDUSTRIAL,CALLE 42 CARRERA 34B-34C,URBANA,TECNICO,3.53858,-76.30384,NO APLICA,NO APLICA,NO APLICA,CHOQUE,POR ESTABLECER,NO APLICA 2020,NO APLICA,MOTO,HONDA,CALI,PARTICULAR,NO APLICA
2237,DAÑOS,2020-12-14,2020,07:20,MAÑANA,LUNES,INDUSTRIAL,CALLE 42 CARRERA 35,URBANA,TECNICO,3.53902,-76.30685,NO APLICA,NO APLICA,NO APLICA,CHOQUE,NO RESPETAR PRELACION,NO APLICA 2020,NO APLICA,CAMIONETA,KIA,BOGOTA,PARTICULAR,NO APLICA
2238,DAÑOS,2020-12-14,2020,07:20,MAÑANA,LUNES,INDUSTRIAL,CALLE 42 CARRERA 35,URBANA,TECNICO,3.53902,-76.30685,NO APLICA,NO APLICA,NO APLICA,CHOQUE,NO RESPETAR PRELACION,NO APLICA 2020,NO APLICA,MOTO,HONDA,CALI,PARTICULAR,NO APLICA
2239,HERIDOS,2020-12-14,2020,15:00,TARDE,LUNES,RECREO,CALLE 18 CARRERA 30,URBANA,TECNICO,3.51695,-76.30256,MOTOCICLISTA,1,NO APLICA,CHOQUE,NO RESPETAR PRELACION,NO APLICA 2020,PALMIRA,MOTO,AKT,PALMIRA,PARTICULAR,NO APLICA
2240,HERIDOS,2020-12-14,2020,15:00,TARDE,LUNES,RECREO,CALLE 18 CARRERA 30,URBANA,TECNICO,3.51695,-76.30256,MOTOCICLISTA,1,NO APLICA,CHOQUE,NO RESPETAR PRELACION,NO APLICA 2020,PALMIRA,MOTO,KEEWAY,GUACARI,PARTICULAR,NO APLICA
2241,HERIDOS,2020-12-14,2020,15:00,TARDE,LUNES,RECREO,CALLE 18 CARRERA 30,URBANA,TECNICO,3.51695,-76.30256,ACOMPAÑANTE MOTOCICLISTA,1,NO APLICA,CHOQUE,NO RESPETAR PRELACION,NO APLICA 2020,PALMA,NO APLICA,NO APLICA,NO APLICA,NO APLICA,NO APLICA
2242,DAÑOS,2020-12-12,2020,19:45,NOCHE,SABADO,MERCEDES,CALLE 58 CARRERA 24 -76,URBANA,TECNICO,3.54798,-76.28867,NO APLICA,NO APLICA,NO APLICA,CHOQUE,GIRAR BRUSCAMENTE,NO APLICA 2020,NO APLICA,CAMIONETA,FORD,PALMIRA,PARTICULAR,NO APLICA
2243,DAÑOS,2020-12-12,2020,19:45,NOCHE,SABADO,MERCEDES,CALLE 58 CARRERA 24 -76,URBANA,TECNICO,3.54798,-76.28867,NO APLICA,NO APLICA,NO APLICA,CHOQUE,GIRAR BRUSCAMENTE,NO APLICA 2020,NO APLICA,CAMIONETA,NISSAN,PALMIRA,PARTICULAR,NO APLICA
2244,HERIDOS,2020-12-14,2020,11:10,MAÑANA,LUNES,ALTAMIRA,CARRERA 19 CALLE 46,URBANA,TECNICO,3.54093,-76.29093,CICLISTA,1,NO APLICA,CHOQUE,POR ESTABLECER,NO APLICA 2020,PALMA,BICICLETA,CROOS,NO APLICA,PARTICULAR,NO APLICA
2245,HERIDOS,2020-12-14,2020,11:10,MAÑANA,LUNES,ALTAMIRA,CARRERA 19 CALLE 46,URBANA,TECNICO,3.54093,-76.29093,NO APLICA,NO APLICA,NO APLICA,CHOQUE,POR ESTABLECER,NO APLICA 2020,NO APLICA,CAMIONETA,FOTON,PALMIRA,PARTICULAR,NO APLICA
2246,HERIDOS,2020-12-12,2020,16:40,TARDE,SABADO,INDUSTRIAL,CALLE 42 CARRERA 36-39,URBANA,TECNICO,3.53885,-76.30788,NO APLICA,NO APLICA,NO APLICA,CHOQUE,NO ESTAR PENDIENTE DE LA VIA,NO APLICA 2020,NO APLICA,BUSETA,NON PLUS,PALMIRA,PUBLICO,COODETRANS PALMIRA
2247,HERIDOS,2020-12-12,2020,16:40,TARDE,SABADO,INDUSTRIAL,CALLE 42 CARRERA 36-39,URBANA,TECNICO,3.53885,-76.30788,MOTOCICLISTA,1,NO APLICA,CHOQUE,NO ESTAR PENDIENTE DE LA VIA,NO APLICA 2020,PALMA,MOTO,SUZUKI,FLORIDA,PARTICULAR,NO APLICA
2248,DAÑOS,2020-12-15,2020,09:00,MAÑANA,MARTES,CIUDAD DEL CAMPO,CARRERA 41 N 95-106,RURAL,TECNICO,3.46139,-76.46302,NO APLICA,NO APLICA,NO APLICA,CHOQUE,PONER EN MARCHA VEHICULO SIN PRECAUCION,NO APLICA 2020,NO APLICA,AUTOMOVIL,RENAULT,CALI,PARTICULAR,NO APLICA
2249,DAÑOS,2020-12-15,2020,09:00,MAÑANA,MARTES,CIUDAD DEL CAMPO,CARRERA 41 N 95-106,RURAL,TECNICO,3.46139,-76.46302,NO APLICA,NO APLICA,NO APLICA,CHOQUE,PONER EN MARCHA VEHICULO SIN PRECAUCION,NO APLICA 2020,NO APLICA,CAMIONETA,CHANGAN,CALI,PARTICULAR,NO APLICA
2250,DAÑOS,2020-12-15,2020,10:00,MAÑANA,MARTES,INDUSTRIAL,CALLE 42 CARRERA 35,URBANA,TECNICO,3.53873,-76.30643,NO APLICA,NO APLICA,NO APLICA,CHOQUE,NO MANTENER DISTANCIA,NO APLICA 2020,NO APLICA,AUTOMOVIL,CHEVROLET,CALI,PARTICULAR,NO APLICA
2251,DAÑOS,2020-12-15,2020,10:00,MAÑANA,MARTES,INDUSTRIAL,CALLE 42 CARRERA 35,URBANA,TECNICO,3.53873,-76.30643,NO APLICA,NO APLICA,NO APLICA,CHOQUE,NO MANTENER DISTANCIA,NO APLICA 2020,NO APLICA,AUTOMOVIL,KIA,PALMIRA,PARTICULAR,NO APLICA
2252,DAÑOS,2020-12-18,2020,21:30,NOCHE,VIERNES,ALTAMIRA,CARRERA 19 CALLE 48-49,URBANA,TECNICO,3.54123,-76.29086,NO APLICA,NO APLICA,NO APLICA,CHOQUE,REALIZAR GIRO EN U,NO APLICA 2020,NO APLICA,AUTOMOVIL,HYUNDAI,PALMIRA,PARTICULAR,NO APLICA
2253,DAÑOS,2020-12-18,2020,21:30,NOCHE,VIERNES,ALTAMIRA,CARRERA 19 CALLE 48-49,URBANA,TECNICO,3.54123,-76.29086,NO APLICA,NO APLICA,NO APLICA,CHOQUE,REALIZAR GIRO EN U,NO APLICA 2020,NO APLICA,CAMIONETA,BMW,BUCARAMANGA,PARTICULAR,NO APLICA
2254,HERIDOS,2020-12-16,2020,19:00,NOCHE,MIERCOLES,NUEVO,CALLE 18 CARRERA 31,URBANA,TECNICO,3.51709,-76.30347,NO APLICA,NO APLICA,NO APLICA,CHOQUE,DESOBEDECER SEÑALES,NO APLICA 2020,NO APLICA,CAMIONETA,RENAULT,PALMIRA,PARTICULAR,NO APLICA
2255,HERIDOS,2020-12-16,2020,19:00,NOCHE,MIERCOLES,NUEVO,CALLE 18 CARRERA 31,URBANA,TECNICO,3.51709,-76.30347,MOTOCICLISTA,1,NO APLICA,CHOQUE,DESOBEDECER SEÑALES,NO APLICA 2020,PALMIRA,MOTO,HONDA,PALMIRA,PARTICULAR,NO APLICA
2256,DAÑOS,2020-12-17,2020,14:05,TARDE,JUEVES,PRADO,CALLE 42 CARRERA 43,URBANA,TECNICO,3.53884,-76.3149,NO APLICA,NO APLICA,NO APLICA,CHOQUE,NO ESTAR PENDIENTE DE LA VIA,NO APLICA 2020,NO APLICA,MOTO,HERO,CALI,PARTICULAR,NO APLICA
2257,DAÑOS,2020-12-17,2020,14:05,TARDE,JUEVES,PRADO,CALLE 42 CARRERA 43,URBANA,TECNICO,3.53884,-76.3149,NO APLICA,NO APLICA,NO APLICA,CHOQUE,NO ESTAR PENDIENTE DE LA VIA,NO APLICA 2020,NO APLICA,CAMIONETA,NISSAN,CALI,PARTICULAR,NO APLICA
2258,DAÑOS,2020-12-17,2020,21:00,NOCHE,JUEVES,CENTRO,CALLE 32 CARRERA 32-104,URBANA,TECNICO,3.52945,-76.30225,NO APLICA,NO APLICA,NO APLICA,CHOQUE,TRANSITA EXCEDIENDO LA ALTURA,NO APLICA 2020,NO APLICA,TRACTO CAMION,KENWORTH,CAQUETA,PUBLICO,NO APLICA
2259,HERIDOS,2020-12-18,2020,19:40,NOCHE,VIERNES,ALAMEDA,CALLE 70 CARRERA 26A-77,URBANA,TECNICO,3.55673,-76.28898,MOTOCICLISTA,1,NO APLICA,CHOQUE,POR ESTABLECER,NO APLICA 2020,PALMA,MOTO,KIMCO,PALMIRA,PARTICULAR,NO APLICA
2260,HERIDOS,2020-12-18,2020,19:40,NOCHE,VIERNES,ALAMEDA,CALLE 70 CARRERA 26A-77,URBANA,TECNICO,3.55673,-76.28898,MOTOCICLISTA,1,NO APLICA,CHOQUE,POR ESTABLECER,NO APLICA 2020,PALMA,MOTO,HONDA,GUACARI,PARTICULAR,NO APLICA
2261,HERIDOS,2020-12-18,2020,19:40,NOCHE,VIERNES,ALAMEDA,CALLE 70 CARRERA 26A-77,URBANA,TECNICO,3.55673,-76.28898,ACOMPAÑANTE MOTOCICLISTA,1,NO APLICA,CHOQUE,POR ESTABLECER,NO APLICA 2020,PALMA,NO APLICA,NO APLICA,NO APLICA,NO APLICA,NO APLICA
2262,HERIDOS,2020-12-18,2020,19:40,NOCHE,VIERNES,ALAMEDA,CALLE 70 CARRERA 26A-77,URBANA,TECNICO,3.55673,-76.28898,ACOMPAÑANTE MOTOCICLISTA,1,NO APLICA,CHOQUE,POR ESTABLECER,NO APLICA 2020,PALMA,NO APLICA,NO APLICA,NO APLICA,NO APLICA,NO APLICA
2263,DAÑOS,2020-12-18,2020,18:00,NOCHE,VIERNES,LA EMILIA,CALLE 36 CARRERA 36,URBANA,TECNICO,3.5339,-76.30657,NO APLICA,NO APLICA,NO APLICA,CHOQUE,DESOBEDECER SEÑALES,NO APLICA 2020,NO APLICA,AUTOMOVIL,HYUNDAI,PALMIRA,PUBLICO,NO APLICA
2264,DAÑOS,2020-12-18,2020,18:00,NOCHE,VIERNES,LA EMILIA,CALLE 36 CARRERA 36,URBANA,TECNICO,3.5339,-76.30657,NO APLICA,NO APLICA,NO APLICA,CHOQUE,DESOBEDECER SEÑALES,NO APLICA 2020,NO APLICA,AUTOMOVIL,CHANGAN,JAMUNDI,PARTICULAR,NO APLICA
2265,DAÑOS,2020-12-19,2020,15:10,TARDE,SABADO,FATIMA,CALLE 30 CARRERA 10,URBANA,TECNICO,3.52431,-76.28438,NO APLICA,NO APLICA,NO APLICA,CHOQUE,ARRANCAR SIN PRECAUCION,NO APLICA 2020,NO APLICA,AUTOMOVIL,KIA,FLORIDA,PARTICULAR,NO APLICA
2266,DAÑOS,2020-12-19,2020,15:10,TARDE,SABADO,FATIMA,CALLE 30 CARRERA 10,URBANA,TECNICO,3.52431,-76.28438,NO APLICA,NO APLICA,NO APLICA,CHOQUE,ARRANCAR SIN PRECAUCION,NO APLICA 2020,NO APLICA,CAMIONETA,CHEVROLET,FLORIDA,PARTICULAR,NO APLICA
2267,HERIDOS,2020-12-19,2020,10:00,MAÑANA,SABADO,JUAN PABLO,CARRERA 39 CALLE 44,URBANA,TECNICO,3.54111,-76.31019,MOTOCICLISTA,1,NO APLICA,CHOQUE,GIRAR BRUSCAMENTE,NO APLICA 2020,PALMA,MOTO,AUTECO,SOACHA,PARTICULAR,NO APLICA
2268,HERIDOS,2020-12-19,2020,10:00,MAÑANA,SABADO,JUAN PABLO,CARRERA 39 CALLE 44,URBANA,TECNICO,3.54111,-76.31019,NO APLICA,NO APLICA,NO APLICA,CHOQUE,GIRAR BRUSCAMENTE,NO APLICA 2020,NO APLICA,AUTOMOVIL,KIA,PALMIRA,PUBLICO,NO APLICA
2269,HERIDOS,2020-12-17,2020,11:35,MAÑANA,JUEVES,LOS MANGOS,CARRERA 28 CALLE 69-70,URBANA,TECNICO,3.55574,-76.29186,MOTOCICLISTA,1,NO APLICA,CHOQUE,GIRAR BRUSCAMENTE,NO APLICA 2020,PALMA,MOTO,YAMAHA,FLORIDA,PARTICULAR,NO APLICA
2270,HERIDOS,2020-12-17,2020,11:35,MAÑANA,JUEVES,LOS MANGOS,CARRERA 28 CALLE 69-70,URBANA,TECNICO,3.55574,-76.29186,NO APLICA,NO APLICA,NO APLICA,CHOQUE,GIRAR BRUSCAMENTE,NO APLICA 2020,NO APLICA,AUTOMOVIL,KIA,CALI,PARTICULAR,NO APLICA
2271,DAÑOS,2020-12-18,2020,09:20,MAÑANA,VIERNES,ALAMEDA,CALLE 69 E CARRERA 26A-135,URBANA,TECNICO,3.55613,-76.28941,NO APLICA,NO APLICA,NO APLICA,CHOQUE,POR ESTABLECER,NO APLICA 2020,NO APLICA,MOTO,BAJAJ,CALI,PARTICULAR,NO APLICA
2272,DAÑOS,2020-12-18,2020,09:20,MAÑANA,VIERNES,ALAMEDA,CALLE 69 E CARRERA 26A-135,URBANA,TECNICO,3.55613,-76.28941,NO APLICA,NO APLICA,NO APLICA,CHOQUE,POR ESTABLECER,NO APLICA 2020,NO APLICA,BUSETA,CHEVROLET,PUERTO TEJADA,PUBLICO,EXP TREJOS
2273,DAÑOS,2020-12-18,2020,06:30,MAÑANA,VIERNES,FRAY LUIS AMIGO,CALLE 42 CARRERA 39 NORTE,URBANA,TECNICO,3.53901,-76.30984,NO APLICA,NO APLICA,NO APLICA,CHOQUE,ARRANCAR SIN PRECAUCION,NO APLICA 2020,NO APLICA,MOTO,SUZUKI,GINEBRA,PARTICULAR,NO APLICA
2274,DAÑOS,2020-12-18,2020,06:30,MAÑANA,VIERNES,FRAY LUIS AMIGO,CALLE 42 CARRERA 39 NORTE,URBANA,TECNICO,3.53901,-76.30984,NO APLICA,NO APLICA,NO APLICA,CHOQUE,ARRANCAR SIN PRECAUCION,NO APLICA 2020,NO APLICA,BUS,CHEVROLET,JAMUNDI,PUBLICO,TOUR DEL VALLE LTDA
2275,DAÑOS,2020-12-19,2020,11:00,MAÑANA,SABADO,COLOMBIA,CALLE 33 CARRERA 30,URBANA,TECNICO,3.5306,-76.30011,NO APLICA,NO APLICA,NO APLICA,CHOQUE,DESOBEDECER SEÑALES,NO APLICA 2020,NO APLICA,CAMIONETA,FORD,BOGOTA,PARTICULAR,NO APLICA
2276,MUERTO,2020-12-16,2020,08:37,MAÑANA,MIERCOLES,LAS FLORES,CALLE 30 CARRERA 4-03,URBANA,TECNICO,3.52259,-76.27988,MOTOCICLISTA,1,NO APLICA,CHOQUE,NO ESTAR PENDIENTE DE LA VIA,NO APLICA 2020,PALMIRA,MOTO,KAWASAKI,PALMIRA,PARTICULAR,NO APLICA
2277,MUERTO,2020-12-16,2020,08:37,MAÑANA,MIERCOLES,LAS FLORES,CALLE 30 CARRERA 4-03,URBANA,TECNICO,3.52259,-76.27988,MOTOCICLISTA,NO APLICA,1,CHOQUE,NO ESTAR PENDIENTE DE LA VIA,NO APLICA 2020,NO APLICA,MOTO,HONDA,BUGA,PARTICULAR,NO APLICA
2278,MUERTO,2020-12-16,2020,08:37,MAÑANA,MIERCOLES,LAS FLORES,CALLE 30 CARRERA 4-03,URBANA,TECNICO,3.52259,-76.27988,NO APLICA,NO APLICA,NO APLICA,CHOQUE,NO ESTAR PENDIENTE DE LA VIA,NO APLICA 2020,NO APLICA,AUTOMOVIL,NISSAN,CALI,PARTICULAR,NO APLICA
2279,HERIDOS,2020-12-19,2020,22:50,NOCHE,SABADO,BENEDICTA,CALLE 49 CARRERA 34A,URBANA,TECNICO,3.54375,-76.30277,MOTOCICLISTA,1,NO APLICA,CHOQUE,NO RESPETAR PRELACION,NO APLICA 2020,PALMIRA,MOTO,HONDA,FLORIDA,PARTICULAR,NO APLICA
2280,HERIDOS,2020-12-19,2020,22:50,NOCHE,SABADO,BENEDICTA,CALLE 49 CARRERA 34A,URBANA,TECNICO,3.54375,-76.30277,NO APLICA,NO APLICA,NO APLICA,CHOQUE,NO RESPETAR PRELACION,NO APLICA 2020,NO APLICA,AUTOMOVIL,HYUNDAI,PALMIRA,PUBLICO,COOP TRANS PALMERAS
2281,HERIDOS,2020-12-19,2020,23:20,NOCHE,SABADO,BENEDICTA,CALLE 47 CARRERA 34,URBANA,TECNICO,3.54243,-76.30219,MOTOCICLISTA,1,NO APLICA,CHOQUE,EMBRIAGUEZ,NO APLICA 2020,PALMIRA,MOTO,HONDA,FLORIDA,PARTICULAR,NO APLICA
2282,HERIDOS,2020-12-19,2020,23:20,NOCHE,SABADO,BENEDICTA,CALLE 47 CARRERA 34,URBANA,TECNICO,3.54243,-76.30219,NO APLICA,NO APLICA,NO APLICA,CHOQUE,EMBRIAGUEZ,NO APLICA 2020,NO APLICA,AUTOMOVIL,RENAULT,CALI,PARTICULAR,NO APLICA
2283,HERIDOS,2020-12-19,2020,23:20,NOCHE,SABADO,BENEDICTA,CALLE 47 CARRERA 34,URBANA,TECNICO,3.54243,-76.30219,NO APLICA,NO APLICA,NO APLICA,CHOQUE,EMBRIAGUEZ,NO APLICA 2020,NO APLICA,AUTOMOVIL,CHEVROLET,PALMIRA,PARTICULAR,NO APLICA
2284,DAÑOS,2020-12-20,2020,11:30,MAÑANA,DOMINGO,CIUDAD DEL CAMPO,CARRRA 39 CALLE 96,RURAL,TECNICO,3.59826,-76.46321,NO APLICA,NO APLICA,NO APLICA,CHOQUE,NO RESPETAR PRELACIOON,NO APLICA 2020,NO APLICA,AUTOMOVIL,KIA,CALI,PARTICULAR,NO APLICA
2285,DAÑOS,2020-12-20,2020,11:30,MAÑANA,DOMINGO,CIUDAD DEL CAMPO,CARRRA 39 CALLE 96,RURAL,TECNICO,3.59826,-76.46321,NO APLICA,NO APLICA,NO APLICA,CHOQUE,NO RESPETAR PRELACIOON,NO APLICA 2020,NO APLICA,CAMPERO,JEEP,PALMIRA,PARTICULAR,NO APLICA
2286,DAÑOS,2020-12-20,2020,12:25,TARDE,DOMINGO,INDUSTRIAL,CALLE 42 CARRERA 35,URBANA,TECNICO,3.53898,-76.30742,NO APLICA,NO APLICA,NO APLICA,CHOQUE,NO MANTENER DISTANCIA,NO APLICA 2020,NO APLICA,AUTOMOVIL,CHEVROLET,CALI,PARTICULAR,NO APLICA
2287,DAÑOS,2020-12-20,2020,12:25,TARDE,DOMINGO,INDUSTRIAL,CALLE 42 CARRERA 35,URBANA,TECNICO,3.53898,-76.30742,NO APLICA,NO APLICA,NO APLICA,CHOQUE,NO MANTENER DISTANCIA,NO APLICA 2020,NO APLICA,AUTOMOVIL,CHEVROLET,CALI,PARTICULAR,NO APLICA
2288,DAÑOS,2020-12-21,2020,17:30,TARDE,LUNES,CENTRO,CALLE 31 CARRERA 30-55,URBANA,TECNICO,3.52834,-76.3014,NO APLICA,NO APLICA,NO APLICA,CHOQUE,DAR MARCHA ATRÁS SIN MEDIDADS DE PRECAUCION,NO APLICA 2020,NO APLICA,AUTOMOVIL,MAZDA,CALI,PARTICULAR,NO APLICA
2289,DAÑOS,2020-12-21,2020,17:30,TARDE,LUNES,CENTRO,CALLE 31 CARRERA 30-55,URBANA,TECNICO,3.52834,-76.3014,NO APLICA,NO APLICA,NO APLICA,CHOQUE,DAR MARCHA ATRÁS SIN MEDIDADS DE PRECAUCION,NO APLICA 2020,NO APLICA,AUTOMOVIL,CHEVROLET,CALI,PARTICULAR,NO APLICA
2290,HERIDOS,2020-12-21,2020,21:00,NOCHE,LUNES,VERSALLES,CARRERA 27 CALLE 41,URBANA,TECNICO,3.53705,-76.29637,MOTOCICLISTA,1,NO APLICA,CHOQUE,DESOBEDECER SEÑALES,NO APLICA 2020,RAUL,MOTO,AKT,PRADERA,PARTICULAR,NO APLICA
2291,HERIDOS,2020-12-21,2020,21:00,NOCHE,LUNES,VERSALLES,CARRERA 27 CALLE 41,URBANA,TECNICO,3.53705,-76.29637,MOTOCICLISTA,1,NO APLICA,CHOQUE,DESOBEDECER SEÑALES,NO APLICA 2020,PALMA,MOTO,HONDA,GUACARI,PARTICULAR,NO APLICA
2292,HERIDOS,2020-12-21,2020,21:00,NOCHE,LUNES,VERSALLES,CARRERA 27 CALLE 41,URBANA,TECNICO,3.53705,-76.29637,ACOMPAÑANTE MOTOCICLISTA,1,NO APLICA,CHOQUE,DESOBEDECER SEÑALES,NO APLICA 2020,RAUL,NO APLICA,NO APLICA,NO APLICA,NO APLICA,NO APLICA
2293,HERIDOS,2020-12-21,2020,16:00,TARDE,LUNES,URIBE,CALLE 32 CARRERA 20,URBANA,TECNICO,3.52794,-76.29193,MOTOCICLISTA,1,NO APLICA,CHOQUE,ARRANCAR SIN PRECAUCION,NO APLICA 2020,PALMIRA,MOTO,SUZUKI,PRADERA,PARTICULAR,NO APLICA
2294,HERIDOS,2020-12-21,2020,16:00,TARDE,LUNES,URIBE,CALLE 32 CARRERA 20,URBANA,TECNICO,3.52794,-76.29193,NO APLICA,NO APLICA,NO APLICA,CHOQUE,ARRANCAR SIN PRECAUCION,NO APLICA 2020,NO APLICA,AUTOMOVIL,HYUNDAI,PALMIRA,PUBLICO,COOP VILLA DE LAS PALMAS
2295,HERIDOS,2020-12-22,2020,16:40,TARDE,MARTES,SANTA TERESITA,CARRERA 35 CALLE 50,URBANA,TECNICO,3.5442,-76.3076,MOTOCICLISTA,1,NO APLICA,CHOQUE,SEMAFORO EN ROJO,NO APLICA 2020,PALMA,MOTO,BAJAJ,PRADERA,PARTICULAR,NO APLICA
2296,HERIDOS,2020-12-22,2020,16:40,TARDE,MARTES,SANTA TERESITA,CARRERA 35 CALLE 50,URBANA,TECNICO,3.5442,-76.3076,NO APLICA,NO APLICA,NO APLICA,CHOQUE,SEMAFORO EN ROJO,NO APLICA 2020,NO APLICA,AUTOMOVIL,KIA,JAMUNDI,PARTICULAR,NO APLICA
2297,HERIDOS,2020-12-22,2020,16:40,TARDE,MARTES,SANTA TERESITA,CARRERA 35 CALLE 50,URBANA,TECNICO,3.5442,-76.3076,ACOMPAÑANTE MOTOCICLISTA,1,NO APLICA,CHOQUE,SEMAFORO EN ROJO,NO APLICA 2020,PALMA,NO APLICA,NO APLICA,NO APLICA,NO APLICA,NO APLICA
2298,DAÑOS,2020-12-22,2020,21:00,NOCHE,MARTES,MERCEDES,CARRERA 28 CALLE 57,URBANA,TECNICO,3.54822,-76.29523,NO APLICA,NO APLICA,NO APLICA,CHOQUE,NO RESPETAR PRELACION,NO APLICA 2020,NO APLICA,MOTO,AKT,TULUA,PARTICULAR,NO APLICA
2299,DAÑOS,2020-12-22,2020,21:00,NOCHE,MARTES,MERCEDES,CARRERA 28 CALLE 57,URBANA,TECNICO,3.54822,-76.29523,NO APLICA,NO APLICA,NO APLICA,CHOQUE,NO RESPETAR PRELACION,NO APLICA 2020,NO APLICA,CAMPERO,FORD,BOGOTA,PARTICULAR,NO APLICA
2300,MUERTO,2020-12-22,2020,23:00,NOCHE,MARTES,VIA ZONA FRANCA PALMASECA,GLORIETA AEROPUERTO,RURAL,TECNICO,3.53489,-76.38964,MOTOCICLISTA,NO APLICA,1,CHOQUE,PERDIDA DEL CONTROL,NO APLICA 2020,SANTA BARBARA,MOTO,BAJAJ,GUACARI,PARTICULAR,NO APLICA
2301,HERIDOS,2020-12-20,2020,12:50,TARDE,DOMINGO,CENTRO,CALLE 31 CARRERA 23,URBANA,TECNICO,3.52743,-76.2946,MOTOCICLISTA,1,NO APLICA,CHOQUE,DESOBEDECER SEÑALES,NO APLICA 2020,FRACTURAS,MOTO,VICTORY,PRADERA,PARTICULAR,NO APLICA
2302,HERIDOS,2020-12-20,2020,12:50,TARDE,DOMINGO,CENTRO,CALLE 31 CARRERA 23,URBANA,TECNICO,3.52743,-76.2946,NO APLICA,NO APLICA,NO APLICA,CHOQUE,DESOBEDECER SEÑALES,NO APLICA 2020,NO APLICA,AUTOMOVIL,HYUNDAI,PAMIRA,PUBLICO,NO APLICA