,GRAVEDAD,FECHA,AÑO,HORA,JORNADA,DIA_SEMANA,BARRIO-CORREGIMIENTO-VIA,DIRECCION,ZONA,AUTORIDAD,LAT,LONG,CONDICION_VICTIMA,LESIONADO,HOMICIDIOS,TIPO_ACCIDENTE,HIPOTESIS,GENERO,CLINICA,CLASE_VEHICULO,MARCA,MATRICULA,TIPO DE SERVICIO,EMPRESA
2303,DAÑOS,2020-12-23,2020,12:30,TARDE,MIERCOLES,CENTRO,CARRERA 28 CALLE 30-49,URBANA,TECNICO,3.52689,-76.29896,NO APLICA,NO APLICA,NO APLICA,CHOQUE,NO MANTENER DISTANCIA,NO APLICA 2020,NO APLICA,AUTOMOVIL,SUZUKI,PALMIRA,PUBLICO,TRANS UNION DE TAXIS
2304,DAÑOS,2020-12-23,2020,12:30,TARDE,MIERCOLES,CENTRO,CARRERA 28 CALLE 30-49,URBANA,TECNICO,3.52689,-76.29896,NO APLICA,NO APLICA,NO APLICA,CHOQUE,NO MANTENER DISTANCIA,NO APLICA 2020,NO APLICA,MOTO,YAMAHA,ARMENIA,PARTICULAR,NO APLICA
2305,DAÑOS,2020-12-24,2020,19:30,NOCHE,JUEVES,URIBE,CALLE 30 CARRERA 20,URBANA,TECNICO,3.52611,-76.2922,NO APLICA,NO APLICA,NO APLICA,CHOQUE,DESOBEDECER SEÑALES,NO APLICA 2020,NO APLICA,CAMPERO,RENAULT,BOGOTA,PARTICULAR,NO APLICA
2306,DAÑOS,2020-12-24,2020,19:30,NOCHE,JUEVES,URIBE,CALLE 30 CARRERA 20,URBANA,TECNICO,3.52611,-76.2922,NO APLICA,NO APLICA,NO APLICA,CHOQUE,DESOBEDECER SEÑALES,NO APLICA 2020,NO APLICA,AUTOMOVIL,KIA,BUGA,PARTICULAR,NO APLICA
2307,DAÑOS,2020-12-24,2020,17:30,TARDE,JUEVES,LA EMILIA,CARRERA 38 CALLE 35,URBANA,TECNICO,3.5328,-76.30801,NO APLICA,NO APLICA,NO APLICA,CHOQUE,DESOBEDECER SEÑALES,NO APLICA 2020,NO APLICA,AUTOMOVIL,RENAULT,CALI,PARTICULAR,NO APLICA
2308,DAÑOS,2020-12-25,2020,15:10,TARDE,VIERNES,CUIDALEDA PALMIRA,CALLE 29 CARRERA 10,URBANA,TECNICO,3.52373,-76.28457,NO APLICA,NO APLICA,NO APLICA,CHOQUE,DESOBEDECER SEÑALES,NO APLICA 2020,NO APLICA,AUTOMOVIL,DAEWOO,PALMIRA,PARTICULAR,NO APLICA
2309,HERIDOS,2020-12-23,2020,20:30,NOCHE,MIERCOLES,DELICIAS,CARRERA 27 CALLE 27,URBANA,TECNICO,3.52434,-76.29856,MOTOCICLISTA,1,NO APLICA,CHOQUE,DESOBEDECER SEÑALES,NO APLICA 2020,PALMA,MOTO,SUZUKI,PALMIRA,PARTICULAR,NO APLICA
2310,HERIDOS,2020-12-23,2020,20:30,NOCHE,MIERCOLES,DELICIAS,CARRERA 27 CALLE 27,URBANA,TECNICO,3.52434,-76.29856,NO APLICA,NO APLICA,NO APLICA,CHOQUE,DESOBEDECER SEÑALES,NO APLICA 2020,NO APLICA,AUTOMOVIL,CHEVROLET,CALI,PARTICULAR,NO APLICA
2311,HERIDOS,2020-12-23,2020,20:30,NOCHE,MIERCOLES,DELICIAS,CARRERA 27 CALLE 27,URBANA,TECNICO,3.52434,-76.29856,ACOMPAÑANTE MOTOCICLISTA,1,NO APLICA,CHOQUE,DESOBEDECER SEÑALES,NO APLICA 2020,PALMA,NO APLICA,NO APLICA,NO APLICA,NO APLICA,NO APLICA
2312,DAÑOS,2020-12-24,2020,15:00,TARDE,JUEVES,SESQUI,CALLE 10 CARRERA 25,URBANA,TECNICO,3.50897,-76.29888,NO APLICA,NO APLICA,NO APLICA,CHOQUE,ARRANCAR SIN PRECAUCION,NO APLICA 2020,NO APLICA,AUTOMOVIL,CHEVROLET,PALMIRA,PARTICULAR,NO APLICA
2313,DAÑOS,2020-12-24,2020,15:00,TARDE,JUEVES,SESQUI,CALLE 10 CARRERA 25,URBANA,TECNICO,3.50897,-76.29888,NO APLICA,NO APLICA,NO APLICA,CHOQUE,ARRANCAR SIN PRECAUCION,NO APLICA 2020,NO APLICA,AUTOMOVIL,KIA,BOGOTA,PARTICULAR,NO APLICA
2314,DAÑOS,2020-12-24,2020,19:00,NOCHE,JUEVES,SANTA BARBARA,CALLE 26 CARRERA 42,URBANA,TECNICO,3.52533,-76.3124,NO APLICA,NO APLICA,NO APLICA,CHOQUE,ARRANCAR SIN PRECAUCION,NO APLICA 2020,NO APLICA,MOTO,HONDA,PRADERA,PARTICULAR,NO APLICA
2315,DAÑOS,2020-12-24,2020,19:00,NOCHE,JUEVES,SANTA BARBARA,CALLE 26 CARRERA 42,URBANA,TECNICO,3.52533,-76.3124,NO APLICA,NO APLICA,NO APLICA,CHOQUE,ARRANCAR SIN PRECAUCION,NO APLICA 2020,NO APLICA,AUTOMOVIL,SUZUKI,CALI,PARTICULAR,NO APLICA
2316,DAÑOS,2020-12-26,2020,15:00,TARDE,SABADO,COLOMBINA,CALLE 28 CARRERA 17-05,URBANA,TECNICO,3.52422,-76.28997,NO APLICA,NO APLICA,NO APLICA,CHOQUE,FALTA DE PRECAUCION,NO APLICA 2020,NO APLICA,AUTOMOVIL,KIA,PALMIRA,PUBLICO,COOP TRANS PALMERAS
2317,DAÑOS,2020-12-26,2020,15:00,TARDE,SABADO,COLOMBINA,CALLE 28 CARRERA 17-05,URBANA,TECNICO,3.52422,-76.28997,NO APLICA,NO APLICA,NO APLICA,CHOQUE,FALTA DE PRECAUCION,NO APLICA 2020,NO APLICA,AUTOMOVIL,RENAULT,CALI,PARTICULAR,NO APLICA
2318,HERIDOS,2020-12-26,2020,15:00,TARDE,SABADO,LA ITALIA,CALLE 6 DIAGONAL 28C,URBANA,TECNICO,3.50548,-76.30029,MOTOCICLISTA,1,NO APLICA,CHOQUE,GIRAR BRUSCAMENTE,NO APLICA 2020,PALMIRA,MOTO,YAMAHA,FLORIDA,PARTICULAR,NO APLICA
2319,HERIDOS,2020-12-26,2020,15:00,TARDE,SABADO,LA ITALIA,CALLE 6 DIAGONAL 28C,URBANA,TECNICO,3.50548,-76.30029,NO APLICA,NO APLICA,NO APLICA,CHOQUE,GIRAR BRUSCAMENTE,NO APLICA 2020,NO APLICA,CAMIONETA,CHEVROLET,CALI,PUBLICO,NO APLICA
2320,DAÑOS,2020-12-26,2020,15:30,TARDE,SABADO,OBRERO,CARRERA 26 CALLE 34,URBANA,TECNICO,3.5309,-76.29658,NO APLICA,NO APLICA,NO APLICA,CHOQUE,DESOBEDECER SEÑALES,NO APLICA 2020,NO APLICA,AUTOMOVIL,CHEVROLET,CALI,PARTICULAR,NO APLICA
2321,DAÑOS,2020-12-26,2020,15:30,TARDE,SABADO,OBRERO,CARRERA 26 CALLE 34,URBANA,TECNICO,3.5309,-76.29658,NO APLICA,NO APLICA,NO APLICA,CHOQUE,DESOBEDECER SEÑALES,NO APLICA 2020,NO APLICA,CAMION,FOTON,YUMBO,PUBLICO,NO APLICA
2322,HERIDOS,2020-12-27,2020,10:15,MAÑANA,DOMINGO,VIA CORONADO ROZO,PUENTE MALIMBU,RURAL,TECNICO,3.57995,-76.32762,MOTOCICLISTA,1,NO APLICA,CHOQUE,DESOBEDECER SEÑALES,NO APLICA 2020,EL CERRITO,MOTO,SUZUKI,EL CERRITO,PARTICULAR,NO APLICA
2323,HERIDOS,2020-12-27,2020,10:15,MAÑANA,DOMINGO,VIA CORONADO ROZO,PUENTE MALIMBU,RURAL,TECNICO,3.57995,-76.32762,NO APLICA,NO APLICA,NO APLICA,CHOQUE,DESOBEDECER SEÑALES,NO APLICA 2020,NO APLICA,MOTO,HONDA,FLORIDA,PARTICULAR,NO APLICA
2324,HERIDOS,2020-12-27,2020,10:15,MAÑANA,DOMINGO,VIA CORONADO ROZO,PUENTE MALIMBU,RURAL,TECNICO,3.57995,-76.32762,ACOMPAÑANTE MOTOCICLISTA,1,NO APLICA,CHOQUE,DESOBEDECER SEÑALES,NO APLICA 2020,EL CERRITO,NO APLICA,NO APLICA,NO APLICA,NO APLICA,NO APLICA
2325,HERIDOS,2020-12-27,2020,11:00,MAÑANA,DOMINGO,BIZERTA,CALLE 36 CARRERA 21,URBANA,TECNICO,3.53204,-76.29232,MOTOCICLISTA,1,NO APLICA,CHOQUE,GIRAR BRUSCAMENTE,NO APLICA 2020,PALMIRA,MOTO,YAMAHA,PALMIRA,PARTICULAR,NO APLICA
2326,HERIDOS,2020-12-27,2020,11:00,MAÑANA,DOMINGO,BIZERTA,CALLE 36 CARRERA 21,URBANA,TECNICO,3.53204,-76.29232,NO APLICA,NO APLICA,NO APLICA,CHOQUE,GIRAR BRUSCAMENTE,NO APLICA 2020,NO APLICA,AUTOMOVIL,RENAULT,FLORIDA,PARTICULAR,NO APLICA
2327,HERIDOS,2020-12-27,2020,15:30,TARDE,DOMINGO,CENTRO POBLADO ROZO,CALLE 10 CARRERA 11,RURAL,TECNICO,3.61472,-76.38767,MOTOCICLISTA,1,NO APLICA,CHOQUE,EMBRIAGUEZ,NO APLICA 2020,PALMA,MOTO,TVS,CALI,PARTICULAR,NO APLICA
2328,HERIDOS,2020-12-27,2020,15:30,TARDE,DOMINGO,CENTRO POBLADO ROZO,CALLE 10 CARRERA 11,RURAL,TECNICO,3.61472,-76.38767,NO APLICA,NO APLICA,NO APLICA,CHOQUE,EMBRIAGUEZ,NO APLICA 2020,NO APLICA,AUTOMOVIL,KIA,CALI,PARTICULAR,NO APLICA
2329,HERIDOS,2020-12-27,2020,15:50,TARDE,DOMINGO,ZAMORANO,AVENIDAD CARBONERA CARRERA 28,URBANA,TECNICO,3.55194,-76.29373,NO APLICA,NO APLICA,NO APLICA,CHOQUE,SEMAFORO EN ROJO,NO APLICA 2020,NO APLICA,AUTOMOVIL,CHEVROLET,PALMIRA,PARTICULAR,NO APLICA
2330,HERIDOS,2020-12-27,2020,15:50,TARDE,DOMINGO,ZAMORANO,AVENIDAD CARBONERA CARRERA 28,URBANA,TECNICO,3.55194,-76.29373,MOTOCICLISTA,1,NO APLICA,CHOQUE,SEMAFORO EN ROJO,NO APLICA 2020,PALMA,MOTO,HONDA,JAMUNDI,PARTICULAR,NO APLICA
2331,HERIDOS,2020-12-27,2020,15:50,TARDE,DOMINGO,ZAMORANO,AVENIDAD CARBONERA CARRERA 28,URBANA,TECNICO,3.55194,-76.29373,ACOMPAÑANTE MOTOCICLISTA,1,NO APLICA,CHOQUE,SEMAFORO EN ROJO,NO APLICA 2020,PALMA,NO APLICA,NO APLICA,NO APLICA,NO APLICA,NO APLICA
2332,HERIDOS,2020-12-27,2020,20:55,NOCHE,DOMINGO,DANUBIO,CARRERA 19 CALLE 33,URBANA,TECNICO,3.52922,-76.29049,MOTOCICLISTA,1,NO APLICA,CHOQUE,EMBRIAGUEZ,NO APLICA 2020,PALMIRA,MOTO,BAJAJ,PALMIRA,PARTICULAR,NO APLICA
2333,HERIDOS,2020-12-27,2020,20:55,NOCHE,DOMINGO,DANUBIO,CARRERA 19 CALLE 33,URBANA,TECNICO,3.52922,-76.29049,NO APLICA,NO APLICA,NO APLICA,CHOQUE,EMBRIAGUEZ,NO APLICA 2020,NO APLICA,AUTOMOVIL,NISSAN,GUACARI,PARTICULAR,NO APLICA
2334,HERIDOS,2020-12-27,2020,20:55,NOCHE,DOMINGO,DANUBIO,CARRERA 19 CALLE 33,URBANA,TECNICO,3.52922,-76.29049,ACOMPAÑANTE MOTOCICLISTA,1,NO APLICA,CHOQUE,EMBRIAGUEZ,NO APLICA 2020,PALMIRA,NO APLICA,NO APLICA,NO APLICA,NO APLICA,NO APLICA
2335,HERIDOS,2020-12-19,2020,22:30,NOCHE,SABADO,MERCEDES,CARRERA 28 CALLE 59,URBANA,TECNICO,3.5487,-76.29488,MOTOCICLISTA,1,NO APLICA,CHOQUE,EMBRIAGUEZ,NO APLICA 2020,PALMA,MOTO,SUZUKI,CARTAGO,PARTICULAR,NO APLICA
2336,HERIDOS,2020-12-19,2020,22:30,NOCHE,SABADO,MERCEDES,CARRERA 28 CALLE 59,URBANA,TECNICO,3.5487,-76.29488,NO APLICA,NO APLICA,NO APLICA,CHOQUE,EMBRIAGUEZ,NO APLICA 2020,NO APLICA,CAMPERO,FORD,CALI,PARTICULAR,NO APLICA
2337,HERIDOS,2020-12-19,2020,22:30,NOCHE,SABADO,MERCEDES,CARRERA 28 CALLE 59,URBANA,TECNICO,3.5487,-76.29488,ACOMPAÑANTE MOTOCICLISTA,1,NO APLICA,CHOQUE,EMBRIAGUEZ,NO APLICA 2020,PALMA,NO APLICA,NO APLICA,NO APLICA,NO APLICA,NO APLICA
2338,HERIDOS,2020-12-21,2020,10:00,MAÑANA,LUNES,NUEVO,CARRERA 30 CALLE 27,URBANA,TECNICO,3.52684,-76.29809,NO APLICA,NO APLICA,NO APLICA,CHOQUE,INVADIR CARRIL DEL MISMO SENTIDO,NO APLICA 2020,NO APLICA,MOTO,YAMAHA,PALMIRA,PARTICULAR,NO APLICA
2339,HERIDOS,2020-12-21,2020,10:00,MAÑANA,LUNES,NUEVO,CARRERA 30 CALLE 27,URBANA,TECNICO,3.52684,-76.29809,CICLISTA,1,NO APLICA,CHOQUE,INVADIR CARRIL DEL MISMO SENTIDO,NO APLICA 2020,PALMIRA,BICICLETA,NO APLICA,NO APLICA,PARTICULAR,NO APLICA
2340,DAÑOS,2020-12-24,2020,10:00,MAÑANA,JUEVES,LA EMILIA,CALLE 36 CARRERA 37,URBANA,TECNICO,3.53269,-76.29711,NO APLICA,NO APLICA,NO APLICA,CHOQUE,DESOBEDECER SEÑALES,NO APLICA 2020,NO APLICA,AUTOMOVIL,RENAULT,CALI,PARTICULAR,NO APLICA
2341,DAÑOS,2020-12-24,2020,10:00,MAÑANA,JUEVES,LA EMILIA,CALLE 36 CARRERA 37,URBANA,TECNICO,3.53269,-76.29711,NO APLICA,NO APLICA,NO APLICA,CHOQUE,DESOBEDECER SEÑALES,NO APLICA 2020,NO APLICA,MOTO,YAMAHA,CALI,PARTICULAR,NO APLICA
2342,HERIDOS,2020-12-24,2020,13:30,TARDE,JUEVES,CHAPINERO SUR,CARRERA 32 FRENTA JARDINES,URBANA,TECNICO,3.50271,-76.31674,MOTOCICLISTA,1,NO APLICA,CHOQUE,POR ESTABLECER,NO APLICA 2020,SANTA BARBARA,MOTO,SUZUKI,PALMIRA,PARTICULAR,NO APLICA
2343,HERIDOS,2020-12-24,2020,13:30,TARDE,JUEVES,CHAPINERO SUR,CARRERA 32 FRENTA JARDINES,URBANA,TECNICO,3.50271,-76.31674,CICLISTA,1,NO APLICA,CHOQUE,POR ESTABLECER,NO APLICA 2020,SANTA BARBARA,BICICLETA,NO APLICA,PALMIRA,PARTICULAR,NO APLICA
2344,HERIDOS,2020-12-28,2020,09:20,MAÑANA,LUNES,CORONADO,CARRERA 35 DIAGONAL 58A,URBANA,TECNICO,3.54847,-76.30978,NO APLICA,NO APLICA,NO APLICA,CHOQUE,FRENAR BRUSCAMENTE,NO APLICA 2020,NO APLICA,VOLQUETA,FORD,MIRANDA,PARTICULAR,NO APLICA
2345,HERIDOS,2020-12-28,2020,09:20,MAÑANA,LUNES,CORONADO,CARRERA 35 DIAGONAL 58A,URBANA,TECNICO,3.54847,-76.30978,NO APLICA,NO APLICA,NO APLICA,CHOQUE,FRENAR BRUSCAMENTE,NO APLICA 2020,NO APLICA,MOTO,HONDA,FLORIDA,PARTICULAR,NO APLICA
2346,HERIDOS,2020-12-28,2020,09:20,MAÑANA,LUNES,CORONADO,CARRERA 35 DIAGONAL 58A,URBANA,TECNICO,3.54847,-76.30978,ACOMPAÑANTE MOTOCICLISTA,1,NO APLICA,CHOQUE,FRENAR BRUSCAMENTE,NO APLICA 2020,RAUL,NO APLICA,NO APLICA,NO APLICA,NO APLICA,NO APLICA
2347,HERIDOS,2020-12-23,2020,13:30,TARDE,MIERCOLES,OBRERO,CARRERA 25 CALLE 33,URBANA,TECNICO,3.52995,-76.29583,NO APLICA,NO APLICA,NO APLICA,CHOQUE,SEMAFORO EN ROJO,NO APLICA 2020,NO APLICA,CAMIONETA,CHEVROLET,CALI,PARTICULAR,NO APLICA
2348,HERIDOS,2020-12-23,2020,13:30,TARDE,MIERCOLES,OBRERO,CARRERA 25 CALLE 33,URBANA,TECNICO,3.52995,-76.29583,NO APLICA,NO APLICA,NO APLICA,CHOQUE,SEMAFORO EN ROJO,NO APLICA 2020,NO APLICA,MOTO,SUZUKI,BUGA,PARTICULAR,NO APLICA
2349,HERIDOS,2020-12-23,2020,13:30,TARDE,MIERCOLES,OBRERO,CARRERA 25 CALLE 33,URBANA,TECNICO,3.52995,-76.29583,ACOMPAÑANTE MOTOCICLISTA,NO APLICA,NO APLICA,CHOQUE,SEMAFORO EN ROJO,NO APLICA 2020,NO APLICA,NO APLICA,NO APLICA,NO APLICA,NO APLICA,NO APLICA
2350,DAÑOS,2020-12-28,2020,13:00,TARDE,LUNES,FRAY LUIS AMIGO,CALLE 42 CARRERA 49 ALQUERIA,URBANA,TECNICO,3.5371,-76.31974,NO APLICA,NO APLICA,NO APLICA,CHOQUE,REVERSO IMPRUDENTE,NO APLICA 2020,NO APLICA,CAMIONETA,NISSAN,MINSTERIO,OFICIAL,NO APLICA
2351,DAÑOS,2020-12-28,2020,13:00,TARDE,LUNES,FRAY LUIS AMIGO,CALLE 42 CARRERA 49 ALQUERIA,URBANA,TECNICO,3.5371,-76.31974,NO APLICA,NO APLICA,NO APLICA,CHOQUE,REVERSO IMPRUDENTE,NO APLICA 2020,NO APLICA,AUTOMOVIL,KIA,CALI,PARTICULAR,NO APLICA
2352,DAÑOS,2020-12-29,2020,05:20,MADRUGADA,MARTES,CIUDAD DEL CAMPO,CARRERA 100 CALLE 10,RURAL,TECNICO,3.45524,-76.47063,NO APLICA,NO APLICA,NO APLICA,CHOQUE,INVADIR CARRIL DEL MISMO SENTIDO,NO APLICA 2020,NO APLICA,MOTO,AKT,PALMIRA,PARTICULAR,NO APLICA
2353,DAÑOS,2020-12-29,2020,05:20,MADRUGADA,MARTES,CIUDAD DEL CAMPO,CARRERA 100 CALLE 10,RURAL,TECNICO,3.45524,-76.47063,NO APLICA,NO APLICA,NO APLICA,CHOQUE,INVADIR CARRIL DEL MISMO SENTIDO,NO APLICA 2020,NO APLICA,MOTO,SUZUKI,FLORIDA,PARTICULAR,NO APLICA
2354,HERIDOS,2020-12-29,2020,12:45,TARDE,MARTES,TREBOL,CALLE 26 CARRERA 21,URBANA,TECNICO,3.52256,-76.29342,NO APLICA,NO APLICA,NO APLICA,CHOQUE,DESOBEDECER SEÑALES,NO APLICA 2020,NO APLICA,MOTO,HONDA,CALI,PARTICULAR,NO APLICA
2355,HERIDOS,2020-12-29,2020,12:45,TARDE,MARTES,TREBOL,CALLE 26 CARRERA 21,URBANA,TECNICO,3.52256,-76.29342,MOTOCICLISTA,1,NO APLICA,CHOQUE,DESOBEDECER SEÑALES,NO APLICA 2020,RAUL,MOTO,YAMAHA,PRADERA,PARTICULAR,NO APLICA
2356,HERIDOS,2020-12-29,2020,12:45,TARDE,MARTES,TREBOL,CALLE 26 CARRERA 21,URBANA,TECNICO,3.52256,-76.29342,ACOMPAÑANTE MOTOCICLISTA,1,NO APLICA,CHOQUE,DESOBEDECER SEÑALES,NO APLICA 2020,PALMIRA,NO APLICA,NO APLICA,NO APLICA,NO APLICA,NO APLICA
2357,DAÑOS,2020-12-29,2020,12:30,TARDE,MARTES,OBRERO,CALLE 36 CARRERA 24,URBANA,TECNICO,3.53242,-76.29481,NO APLICA,NO APLICA,NO APLICA,CHOQUE,DESOBEDECER SEÑALES,NO APLICA 2020,NO APLICA,AUTOMOVIL,CHEVROLET,CALI,PARTICULAR,NO APLICA
2358,DAÑOS,2020-12-29,2020,12:30,TARDE,MARTES,OBRERO,CALLE 36 CARRERA 24,URBANA,TECNICO,3.53242,-76.29481,NO APLICA,NO APLICA,NO APLICA,CHOQUE,DESOBEDECER SEÑALES,NO APLICA 2020,NO APLICA,MOTO,YAMAHA,PRADERA,PARTICULAR,NO APLICA
2359,HERIDOS,2020-12-30,2020,07:40,MAÑANA,MIERCOLES,EL JARDIN,CALLE 32A CARRERA 5A,URBANA,TECNICO,3.52754,-76.28042,MOTOCICLISTA,1,NO APLICA,CHOQUE,NO RESPETAR PRELACION,NO APLICA 2020,PALMIRA,MOTO,HONDA,GUACARI,PARTICULAR,NO APLICA
2360,HERIDOS,2020-12-30,2020,07:40,MAÑANA,MIERCOLES,EL JARDIN,CALLE 32A CARRERA 5A,URBANA,TECNICO,3.52754,-76.28042,MOTOCICLISTA,1,NO APLICA,CHOQUE,NO RESPETAR PRELACION,NO APLICA 2020,PALMIRA,MOTO,AKT,CALI,PARTICULAR,NO APLICA
2361,MUERTO,2020-12-31,2020,19:00,NOCHE,JUEVES,NUEVO,CARRERA 33A CALLE 19-25,URBANA,TECNICO,3.51847,-76.30541,MOTOCICLISTA,NO APLICA,1,CHOQUE,PERDIDA DEL CONTROL,NO APLICA 2020,SANTA BARBARA,MOTO,HONDA,PEREIRA,PARTICULAR,NO APLICA
2362,HERIDOS,2020-12-31,2020,13:30,TARDE,JUEVES,CHAPINERO SUR,CARRERA 32 DIAGONAL 5E,URBANA,TECNICO,3.50646,-76.31317,MOTOCICLISTA,1,NO APLICA,CHOQUE,REALIZAR GIRO EN U,NO APLICA 2020,PALMA,MOTO,BAJAJ,GUACARI,PARTICULAR,NO APLICA
2363,HERIDOS,2020-12-31,2020,13:30,TARDE,JUEVES,CHAPINERO SUR,CARRERA 32 DIAGONAL 5E,URBANA,TECNICO,3.50646,-76.31317,NO APLICA,NO APLICA,NO APLICA,CHOQUE,REALIZAR GIRO EN U,NO APLICA 2020,NO APLICA,AUTOMOVIL,JAC,PALMIRA,PUBLICO,NO APLICA
2364,HERIDOS,2020-12-31,2020,13:30,TARDE,JUEVES,CHAPINERO SUR,CARRERA 32 DIAGONAL 5E,URBANA,TECNICO,3.50646,-76.31317,ACOMPAÑANTE MOTOCICLISTA,1,NO APLICA,CHOQUE,REALIZAR GIRO EN U,NO APLICA 2020,PALMA,NO APLICA,NO APLICA,NO APLICA,NO APLICA,NO APLICA
2365,HERIDOS,2020-12-29,2020,18:30,NOCHE,MARTES,MERCEDES,CALLE 54 CARRERA 28,URBANA,TECNICO,3.54668,-76.29573,NO APLICA,NO APLICA,NO APLICA,CHOQUE,NO ESTAR PENDIENTE DE LA VIA,NO APLICA 2020,NO APLICA,MOTO,YAMAHA,FLORIDA,PARTICULAR,NO APLICA
2366,HERIDOS,2020-12-29,2020,18:30,NOCHE,MARTES,MERCEDES,CALLE 54 CARRERA 28,URBANA,TECNICO,3.54668,-76.29573,MOTOCICLISTA,1,NO APLICA,CHOQUE,NO ESTAR PENDIENTE DE LA VIA,NO APLICA 2020,PALMA,MOTO,BAJAJ,FLORIDA,PARTICULAR,NO APLICA
2367,HERIDOS,2020-12-29,2020,18:30,NOCHE,MARTES,MERCEDES,CALLE 54 CARRERA 28,URBANA,TECNICO,3.54668,-76.29573,ACOMPAÑANTE MOTOCICLISTA,1,NO APLICA,CHOQUE,NO ESTAR PENDIENTE DE LA VIA,NO APLICA 2020,PALMA,NO APLICA,NO APLICA,NO APLICA,NO APLICA,NO APLICA
2368,DAÑOS,2020-12-31,2020,14:15,TARDE,JUEVES,ALTAMIRA,CALLE 47 CARRERA 20,URBANA,TECNICO,3.54267,-76.29163,NO APLICA,NO APLICA,NO APLICA,CHOQUE,POR ESTABLECER,NO APLICA 2020,NO APLICA,CAMION,MERCEDES BENZ,PALMIRA,PUBLICO,NO APLICA
2369,DAÑOS,2020-12-31,2020,14:15,TARDE,JUEVES,ALTAMIRA,CALLE 47 CARRERA 20,URBANA,TECNICO,3.54267,-76.29163,NO APLICA,NO APLICA,NO APLICA,CHOQUE,POR ESTABLECER,NO APLICA 2020,NO APLICA,MOTO,SUZUKI,GUACARI,PARTICULAR,NO APLICA
2370,DAÑOS,2020-12-30,2020,18:00,NOCHE,MIERCOLES,VERSALLES,CALLE 42 CARRERA 28,URBANA,TECNICO,3.53784,-76.29734,NO APLICA,NO APLICA,NO APLICA,CHOQUE,ADELANTAR CERRANDO,NO APLICA 2020,NO APLICA,AUTOMOVIL,KIA,CALI,PARTICULAR,NO APLICA
2371,DAÑOS,2020-12-30,2020,18:00,NOCHE,MIERCOLES,VERSALLES,CALLE 42 CARRERA 28,URBANA,TECNICO,3.53784,-76.29734,NO APLICA,NO APLICA,NO APLICA,CHOQUE,ADELANTAR CERRANDO,NO APLICA 2020,NO APLICA,CAMIONETA,NISSAN,PALMIRA,PARTICULAR,NO APLICA
2372,DAÑOS,2020-12-30,2020,18:30,NOCHE,MIERCOLES,OBRERO,CALLE 36 CARRERA 26,URBANA,TECNICO,3.53254,-76.29631,NO APLICA,NO APLICA,NO APLICA,CHOQUE,ADELANTAR POR LA DERECHA,NO APLICA 2020,NO APLICA,AUTOMOVIL,CHEVROLET,CALI,PARTICULAR,NO APLICA
2373,DAÑOS,2020-12-30,2020,18:30,NOCHE,MIERCOLES,OBRERO,CALLE 36 CARRERA 26,URBANA,TECNICO,3.53254,-76.29631,NO APLICA,NO APLICA,NO APLICA,CHOQUE,ADELANTAR POR LA DERECHA,NO APLICA 2020,NO APLICA,MOTO,SUZUKI,BOGOTA,PARTICULAR,NO APLICA
2374,DAÑOS,2020-12-31,2020,16:50,TARDE,JUEVES,SAN PEDRO,CARRERA 19 CALLE 40,URBANA,TECNICO,3.53558,-76.2906,NO APLICA,NO APLICA,NO APLICA,CHOQUE,DESOBEDECER SEÑALES,NO APLICA 2020,NO APLICA,MOTO,YAMAHA,PRADERA,PARTICULAR,NO APLICA
2375,DAÑOS,2020-12-31,2020,16:50,TARDE,JUEVES,SAN PEDRO,CARRERA 19 CALLE 40,URBANA,TECNICO,3.53558,-76.2906,NO APLICA,NO APLICA,NO APLICA,CHOQUE,DESOBEDECER SEÑALES,NO APLICA 2020,NO APLICA,CAMIONETA,NISSAN,VALLEDUPAR,PARTICULAR,NO APLICA
2376,HERIDOS,2020-12-31,2020,11:30,MAÑANA,JUEVES,BIZERTA,CALLE 37 CARRERA 24,URBANA,TECNICO,3.53315,-76.29466,MOTOCICLISTA,1,NO APLICA,CHOQUE,ARRANCAR SIN PRECAUCION,NO APLICA 2020,RAUL,MOTO,HONDA,PRADERA,PARTICULAR,NO APLICA
2377,HERIDOS,2020-12-31,2020,11:30,MAÑANA,JUEVES,BIZERTA,CALLE 37 CARRERA 24,URBANA,TECNICO,3.53315,-76.29466,NO APLICA,NO APLICA,NO APLICA,CHOQUE,ARRANCAR SIN PRECAUCION,NO APLICA 2020,NO APLICA,AUTOMOVIL,RENAULT,PALMIRA,PARTICULAR,NO APLICA
2378,DAÑOS,2020-12-29,2020,20:50,NOCHE,MARTES,JARDIN,CARRERA 1 CALLE 32-26,URBANA,TECNICO,3.5273,-76.27757,NO APLICA,NO APLICA,NO APLICA,CHOQUE,CAMBIO DE CARRIL CON O SIN INDICACION,NO APLICA 2020,NO APLICA,MOTO,HONDA,TIMBIO,PARTICULAR,NO APLICA
2379,DAÑOS,2020-12-29,2020,20:50,NOCHE,MARTES,JARDIN,CARRERA 1 CALLE 32-26,URBANA,TECNICO,3.5273,-76.27757,NO APLICA,NO APLICA,NO APLICA,CHOQUE,CAMBIO DE CARRIL CON O SIN INDICACION,NO APLICA 2020,NO APLICA,AUTOMOVIL,JAC,PALMIRA,PARTICULAR,NO APLICA